2026-08-15 00:00:01.427 | INFO     | scraper.tasks:scrape_company:64 - [tofler] Scraping company: https://www.tofler.in/semaya-limited/company/L01111DL1985PLC021268
2026-08-15 00:00:07.638 | INFO     | scraper.tasks:scrape_company:64 - [tofler] Scraping company: https://www.tofler.in/krbl-limited/company/L01111DL1993PLC052845
2026-08-15 00:00:09.842 | INFO     | scraper.tasks:scrape_company:64 - [tofler] Scraping company: https://www.tofler.in/dr-m-induscorp-limited/company/L01119DL1986PLC023698
2026-08-15 00:00:17.620 | INFO     | scraper.tasks:scrape_company:64 - [tofler] Scraping company: https://www.tofler.in/hindustan-agrigentics-limited/company/L01119DL1990PLC040979
2026-08-15 00:00:17.746 | INFO     | scraper.tasks:scrape_company:64 - [tofler] Scraping company: https://www.tofler.in/aayush-wellness-limited/company/L01122DL1984PLC018307
2026-08-15 00:00:25.133 | INFO     | scraper.tasks:scrape_company:64 - [tofler] Scraping company: https://www.tofler.in/sc-agrotech-limited/company/L01122DL1990PLC042207
2026-08-15 00:00:25.580 | INFO     | scraper.tasks:scrape_company:64 - [tofler] Scraping company: https://www.tofler.in/shivamshree-businesses-limited/company/L01403DL1983PLC015704
2026-08-15 00:00:31.849 | INFO     | scraper.tasks:scrape_company:64 - [tofler] Scraping company: https://www.tofler.in/fratelli-vineyards-limited/company/L11020DL2009PLC186397
2026-08-15 00:00:34.219 | INFO     | scraper.tasks:scrape_company:64 - [tofler] Scraping company: https://www.tofler.in/landmark-property-development-company-limited/company/L13100DL1976PLC188942
2026-08-15 00:00:40.357 | INFO     | scraper.tasks:scrape_company:64 - [tofler] Scraping company: https://www.tofler.in/spl-industries-limited/company/L13139DL1991PLC062744
2026-08-15 00:00:40.622 | INFO     | scraper.tasks:scrape_company:64 - [tofler] Scraping company: https://www.tofler.in/sajjan-commercial-enterprises-ltd/company/L13203DL1985PLC021536
2026-08-15 00:00:47.581 | INFO     | scraper.tasks:scrape_company:64 - [tofler] Scraping company: https://www.tofler.in/hoac-foods-india-limited/company/L15120DL2018PLC330739
2026-08-15 00:00:47.936 | INFO     | scraper.tasks:scrape_company:64 - [tofler] Scraping company: https://www.tofler.in/devyani-international-limited/company/L15135DL1991PLC046758
2026-08-15 00:00:55.033 | INFO     | scraper.tasks:scrape_company:64 - [tofler] Scraping company: https://www.tofler.in/modi-naturals-limited/company/L15142DL1974PLC007349
2026-08-15 00:00:56.534 | INFO     | scraper.tasks:scrape_company:64 - [tofler] Scraping company: https://www.tofler.in/reliance-infotek-limited/company/L15142DL1987PLC029899
2026-08-15 00:01:03.482 | INFO     | scraper.tasks:scrape_company:64 - [tofler] Scraping company: https://www.tofler.in/tarai-foods-limited/company/L15142DL1990PLC039291
2026-08-15 00:01:03.619 | INFO     | scraper.tasks:scrape_company:64 - [tofler] Scraping company: https://www.tofler.in/superior-industrial-enterprises-limited/company/L15142DL1991PLC046469
2026-08-15 00:01:11.173 | INFO     | scraper.tasks:scrape_company:64 - [tofler] Scraping company: https://www.tofler.in/nestle-india-limited/company/L15202DL1959PLC003786
2026-08-15 00:01:16.366 | INFO     | scraper.tasks:scrape_company:64 - [tofler] Scraping company: https://www.tofler.in/mahavira-foods-limited/company/L15310DL1988PLC033651
2026-08-15 00:01:17.783 | INFO     | scraper.tasks:scrape_company:64 - [tofler] Scraping company: https://www.tofler.in/kumar-food-industries-limited/company/L15310DL1991PLC043456
2026-08-15 00:01:23.939 | INFO     | scraper.tasks:scrape_company:64 - [tofler] Scraping company: https://www.tofler.in/focus-industrial-resources-limited/company/L15319DL1985PLC021348
2026-08-15 00:01:24.489 | INFO     | scraper.tasks:scrape_company:64 - [tofler] Scraping company: https://www.tofler.in/mahaan-foods-limited/company/L15419DL1987PLC350285
2026-08-15 00:01:31.844 | INFO     | scraper.tasks:scrape_company:64 - [tofler] Scraping company: https://www.tofler.in/visisth-chay-vyapar-limited/company/L15491DL1985PLC019848
2026-08-15 00:01:33.846 | INFO     | scraper.tasks:scrape_company:64 - [tofler] Scraping company: https://www.tofler.in/regent-enterprises-limited/company/L15500DL1994PLC153183
2026-08-15 00:01:38.331 | INFO     | scraper.tasks:scrape_company:64 - [tofler] Scraping company: https://www.tofler.in/lacy-limited/company/L15511DL1985PLC021272
2026-08-15 00:01:42.286 | INFO     | scraper.tasks:scrape_company:64 - [tofler] Scraping company: https://www.tofler.in/hindustan-breweries-and-bottling-limited/company/L15549DL1909PLC005478
2026-08-15 00:01:44.474 | INFO     | scraper.tasks:scrape_company:64 - [tofler] Scraping company: https://www.tofler.in/john-oakey-and-mohan-limited/company/L15549DL1962PLC003726
2026-08-15 00:01:50.812 | INFO     | scraper.tasks:_scrape_target:81 - [tofler] page 1: 30 records
2026-08-15 00:01:57.930 | INFO     | scraper.tasks:scrape_company:64 - [tofler] Scraping company: https://www.tofler.in/elitecon-international-limited/company/L16000DL1987PLC396234
2026-08-15 00:01:57.934 | INFO     | scraper.tasks:scrape_company:64 - [tofler] Scraping company: https://www.tofler.in/srm-energy-limited/company/L17100DL1985PLC303047
2026-08-15 00:02:04.264 | INFO     | scraper.tasks:scrape_company:64 - [tofler] Scraping company: https://www.tofler.in/sidhartha-super-spinning-mills-limited/company/L17111DL1980PLC010814
2026-08-15 00:02:07.655 | INFO     | scraper.tasks:scrape_company:64 - [tofler] Scraping company: https://www.tofler.in/unifinz-capital-india-limited/company/L17111DL1982PLC013790
2026-08-15 00:02:10.673 | INFO     | scraper.tasks:scrape_company:64 - [tofler] Scraping company: https://www.tofler.in/fiber-plus-industries-limited/company/L17120DL1984PLC018729
2026-08-15 00:02:15.337 | INFO     | scraper.tasks:scrape_company:64 - [tofler] Scraping company: https://www.tofler.in/lorenzini-apparels-limited/company/L17120DL2007PLC163192
2026-08-15 00:02:16.424 | INFO     | scraper.tasks:scrape_company:64 - [tofler] Scraping company: https://www.tofler.in/aplaya-creations-limited/company/L17122DL1996PLC332121
2026-08-15 00:02:21.727 | INFO     | scraper.tasks:scrape_company:64 - [tofler] Scraping company: https://www.tofler.in/n-k-textile-industries-ltd/company/L17299DL1983PLC163230
2026-08-15 00:02:23.756 | INFO     | scraper.tasks:scrape_company:64 - [tofler] Scraping company: https://www.tofler.in/sru-steels-limited/company/L17300DL1995PLC107286
2026-08-15 00:02:28.826 | INFO     | scraper.tasks:scrape_company:64 - [tofler] Scraping company: https://www.tofler.in/dcm-nouvelle-limited/company/L17309DL2016PLC307204
2026-08-15 00:02:31.496 | INFO     | scraper.tasks:scrape_company:64 - [tofler] Scraping company: https://www.tofler.in/a-f-enterprises-limited/company/L18100DL1983PLC016354
2026-08-15 00:02:34.125 | INFO     | scraper.tasks:scrape_company:64 - [tofler] Scraping company: https://www.tofler.in/srf-limited/company/L18101DL1970PLC005197
2026-08-15 00:02:38.769 | INFO     | scraper.tasks:scrape_company:64 - [tofler] Scraping company: https://www.tofler.in/arth-udyog-limited/company/L18101DL1971PLC028813
2026-08-15 00:02:40.354 | INFO     | scraper.tasks:scrape_company:64 - [tofler] Scraping company: https://www.tofler.in/t-t-limited/company/L18101DL1978PLC009241
2026-08-15 00:02:44.857 | INFO     | scraper.tasks:scrape_company:64 - [tofler] Scraping company: https://www.tofler.in/mayfair-fabrics-limited/company/L18101DL1983PLC027286
2026-08-15 00:02:47.041 | INFO     | scraper.tasks:scrape_company:64 - [tofler] Scraping company: https://www.tofler.in/paloma-knitwear-international-limited/company/L18101DL1984PLC019544
2026-08-15 00:02:53.194 | INFO     | scraper.tasks:scrape_company:64 - [tofler] Scraping company: https://www.tofler.in/riba-textiles-limited/company/L18101DL1989PLC034528
2026-08-15 00:02:53.509 | INFO     | scraper.tasks:scrape_company:64 - [tofler] Scraping company: https://www.tofler.in/regal-enterprises-ltd/company/L18101DL1989PLC269075
2026-08-15 00:02:59.281 | INFO     | scraper.tasks:scrape_company:64 - [tofler] Scraping company: https://www.tofler.in/avsl-industries-limited/company/L18101DL2003PLC121698
2026-08-15 00:03:00.707 | INFO     | scraper.tasks:scrape_company:64 - [tofler] Scraping company: https://www.tofler.in/indosolar-limited/company/L18101DL2005PLC134879
2026-08-15 00:03:06.409 | INFO     | scraper.tasks:scrape_company:64 - [tofler] Scraping company: https://www.tofler.in/munak-galva-sheets-limited/company/L20765DL1985PLC020765
2026-08-15 00:03:08.569 | INFO     | scraper.tasks:scrape_company:64 - [tofler] Scraping company: https://www.tofler.in/shree-krishna-paper-mills-and-industries-ltd/company/L21012DL1972PLC279773
2026-08-15 00:03:14.329 | INFO     | scraper.tasks:scrape_company:64 - [tofler] Scraping company: https://www.tofler.in/greenlam-industries-limited/company/L21016DL2013PLC386045
2026-08-15 00:03:15.577 | INFO     | scraper.tasks:scrape_company:64 - [tofler] Scraping company: https://www.tofler.in/b-j-duplex-boards-limited/company/L21090DL1995PLC066281
2026-08-15 00:03:20.970 | INFO     | scraper.tasks:scrape_company:64 - [tofler] Scraping company: https://www.tofler.in/haryana-coated-papers-limited/company/L21093DL1971PLC005669
2026-08-15 00:03:22.111 | INFO     | scraper.tasks:scrape_company:64 - [tofler] Scraping company: https://www.tofler.in/polymer-papers-limited/company/L21093DL1974PLC007495
2026-08-15 00:03:26.973 | INFO     | scraper.tasks:scrape_company:64 - [tofler] Scraping company: https://www.tofler.in/magnum-ventures-limited/company/L21093DL1980PLC010492
2026-08-15 00:03:28.483 | INFO     | scraper.tasks:scrape_company:64 - [tofler] Scraping company: https://www.tofler.in/mohit-paper-mills-limited/company/L21093DL1992PLC116600
2026-08-15 00:03:33.904 | INFO     | scraper.tasks:scrape_company:64 - [tofler] Scraping company: https://www.tofler.in/buy-right-impex-limited/company/L22100DL1983PLC314401
2026-08-15 00:03:34.744 | INFO     | scraper.tasks:scrape_company:64 - [tofler] Scraping company: https://www.tofler.in/ht-media-limited/company/L22121DL2002PLC117874
2026-08-15 00:03:41.167 | INFO     | scraper.tasks:_scrape_target:81 - [tofler] page 2: 30 records
2026-08-15 00:03:48.957 | INFO     | scraper.tasks:scrape_company:64 - [tofler] Scraping company: https://www.tofler.in/ett-limited/company/L22122DL1993PLC123728
2026-08-15 00:03:48.960 | INFO     | scraper.tasks:scrape_company:64 - [tofler] Scraping company: https://www.tofler.in/kairosoft-ai-solutions-limited/company/L22209DL1982PLC256291
2026-08-15 00:03:55.291 | INFO     | scraper.tasks:scrape_company:64 - [tofler] Scraping company: https://www.tofler.in/s-chand-and-company-limited/company/L22219DL1970PLC005400
2026-08-15 00:03:56.322 | INFO     | scraper.tasks:scrape_company:64 - [tofler] Scraping company: https://www.tofler.in/shree-jagdambe-paper-mills-ltd/company/L22219DL1980PLC167850
2026-08-15 00:04:02.878 | INFO     | scraper.tasks:scrape_company:64 - [tofler] Scraping company: https://www.tofler.in/coral-newsprints-limited/company/L22219DL1992PLC048398
2026-08-15 00:04:03.037 | INFO     | scraper.tasks:scrape_company:64 - [tofler] Scraping company: https://www.tofler.in/creative-graphics-solutions-india-limited/company/L22219DL2014PLC263964
2026-08-15 00:04:09.811 | INFO     | scraper.tasks:scrape_company:64 - [tofler] Scraping company: https://www.tofler.in/maxposure-limited/company/L22229DL2006PLC152087
2026-08-15 00:04:10.114 | INFO     | scraper.tasks:scrape_company:64 - [tofler] Scraping company: https://www.tofler.in/indraprastha-gas-limited/company/L23201DL1998PLC097614
2026-08-15 00:04:16.308 | INFO     | scraper.tasks:scrape_company:64 - [tofler] Scraping company: https://www.tofler.in/salasar-techno-engineering-limited/company/L23201DL2001PLC174076
2026-08-15 00:04:17.382 | INFO     | scraper.tasks:scrape_company:64 - [tofler] Scraping company: https://www.tofler.in/sanco-industries-limited/company/L24100DL1989PLC035549
2026-08-15 00:04:23.475 | INFO     | scraper.tasks:scrape_company:64 - [tofler] Scraping company: https://www.tofler.in/fabino-life-sciences-limited/company/L24100DL2011PLC226781
2026-08-15 00:04:23.917 | INFO     | scraper.tasks:scrape_company:64 - [tofler] Scraping company: https://www.tofler.in/shreekant-chemical-industries-limited/company/L24119DL1981PLC040762
2026-08-15 00:04:30.268 | INFO     | scraper.tasks:scrape_company:64 - [tofler] Scraping company: https://www.tofler.in/galore-prints-industries-limited/company/L24119DL1988PLC031866
2026-08-15 00:04:31.916 | INFO     | scraper.tasks:scrape_company:64 - [tofler] Scraping company: https://www.tofler.in/bharat-rasayan-limited/company/L24119DL1989PLC036264
2026-08-15 00:04:38.306 | INFO     | scraper.tasks:scrape_company:64 - [tofler] Scraping company: https://www.tofler.in/hpc-biosciences-limited/company/L24119DL2002PLC114026
2026-08-15 00:04:38.998 | INFO     | scraper.tasks:scrape_company:64 - [tofler] Scraping company: https://www.tofler.in/florence-investech-limited/company/L24211DL1993PLC254964
2026-08-15 00:04:45.081 | INFO     | scraper.tasks:scrape_company:64 - [tofler] Scraping company: https://www.tofler.in/dhanuka-agritech-limited/company/L24219DL1985PLC020126
2026-08-15 00:04:46.204 | INFO     | scraper.tasks:scrape_company:64 - [tofler] Scraping company: https://www.tofler.in/sirca-paints-india-limited/company/L24219DL2006PLC145092
2026-08-15 00:04:54.413 | INFO     | scraper.tasks:scrape_company:64 - [tofler] Scraping company: https://www.tofler.in/dabur-india-limited/company/L24230DL1975PLC007908
2026-08-15 00:04:54.503 | INFO     | scraper.tasks:scrape_company:64 - [tofler] Scraping company: https://www.tofler.in/sterling-webnet-limited/company/L24230DL1995PLC170660
2026-08-15 00:05:01.301 | INFO     | scraper.tasks:scrape_company:64 - [tofler] Scraping company: https://www.tofler.in/indraprastha-medical-corporation-limited/company/L24232DL1988PLC030958
2026-08-15 00:05:02.345 | INFO     | scraper.tasks:scrape_company:64 - [tofler] Scraping company: https://www.tofler.in/welcure-drugs-and-pharmaceuticals-limited/company/L24232DL1996PLC227773
2026-08-15 00:05:09.787 | INFO     | scraper.tasks:scrape_company:64 - [tofler] Scraping company: https://www.tofler.in/safal-herbs-limited/company/L24233DL1994PLC290133
2026-08-15 00:05:10.074 | INFO     | scraper.tasks:scrape_company:64 - [tofler] Scraping company: https://www.tofler.in/ram-minerals-and-chemicals-limited/company/L24233DL2011PLC282949
2026-08-15 00:05:17.763 | INFO     | scraper.tasks:scrape_company:64 - [tofler] Scraping company: https://www.tofler.in/twenty-first-century-medicare-limited/company/L24239DL1985PLC022113
2026-08-15 00:05:18.662 | INFO     | scraper.tasks:scrape_company:64 - [tofler] Scraping company: https://www.tofler.in/anmol-drugs-and-pharmaceuticals-limited/company/L24239DL1986PLC025187
2026-08-15 00:05:25.320 | INFO     | scraper.tasks:scrape_company:64 - [tofler] Scraping company: https://www.tofler.in/akums-drugs-and-pharmaceuticals-limited/company/L24239DL2004PLC125888
2026-08-15 00:05:27.176 | INFO     | scraper.tasks:scrape_company:64 - [tofler] Scraping company: https://www.tofler.in/sunil-healthcare-limited/company/L24302DL1973PLC189662
2026-08-15 00:05:32.337 | INFO     | scraper.tasks:scrape_company:64 - [tofler] Scraping company: https://www.tofler.in/jasch-industries-limited/company/L24302DL1985PLC383771
2026-08-15 00:05:32.445 | INFO     | scraper.tasks:scrape_company:64 - [tofler] Scraping company: https://www.tofler.in/jain-tube-company-limited/company/L25111DL1964PLC004235
2026-08-15 00:05:44.792 | INFO     | scraper.tasks:_scrape_target:81 - [tofler] page 3: 30 records
2026-08-15 00:05:53.452 | INFO     | scraper.tasks:scrape_company:64 - [tofler] Scraping company: https://www.tofler.in/vikas-lifecare-limited/company/L25111DL1995PLC073719
2026-08-15 00:05:53.455 | INFO     | scraper.tasks:scrape_company:64 - [tofler] Scraping company: https://www.tofler.in/cosco-india-limited/company/L25199DL1980PLC010173
2026-08-15 00:06:00.636 | INFO     | scraper.tasks:scrape_company:64 - [tofler] Scraping company: https://www.tofler.in/a-g-universal-limited/company/L25200DL2008PLC178400
2026-08-15 00:06:02.750 | INFO     | scraper.tasks:scrape_company:64 - [tofler] Scraping company: https://www.tofler.in/padmini-technologies-limited/company/L25202DL1990PLC039395
2026-08-15 00:06:08.140 | INFO     | scraper.tasks:scrape_company:64 - [tofler] Scraping company: https://www.tofler.in/pearl-polymers-limited/company/L25209DL1971PLC005535
2026-08-15 00:06:11.438 | INFO     | scraper.tasks:scrape_company:64 - [tofler] Scraping company: https://www.tofler.in/premier-polyfilm-limited/company/L25209DL1992PLC049590
2026-08-15 00:06:15.342 | INFO     | scraper.tasks:scrape_company:64 - [tofler] Scraping company: https://www.tofler.in/asahi-india-glass-limited/company/L26102DL1984PLC019542
2026-08-15 00:06:18.164 | INFO     | scraper.tasks:scrape_company:64 - [tofler] Scraping company: https://www.tofler.in/bcl-enterprises-limited/company/L26102DL1985PLC021467
2026-08-15 00:06:21.980 | INFO     | scraper.tasks:scrape_company:64 - [tofler] Scraping company: https://www.tofler.in/sahasra-electronic-solutions-limited/company/L26202DL2023PLC410521
2026-08-15 00:06:26.182 | INFO     | scraper.tasks:scrape_company:64 - [tofler] Scraping company: https://www.tofler.in/rrp-defense-limited/company/L26515DL1981PLC012621
2026-08-15 00:06:28.838 | INFO     | scraper.tasks:scrape_company:64 - [tofler] Scraping company: https://www.tofler.in/powerful-technologies-limited/company/L26900DL2015PLC277265
2026-08-15 00:06:33.019 | INFO     | scraper.tasks:scrape_company:64 - [tofler] Scraping company: https://www.tofler.in/sainik-finance-and-industries-limited/company/L26912DL1991PLC045449
2026-08-15 00:06:35.568 | INFO     | scraper.tasks:scrape_company:64 - [tofler] Scraping company: https://www.tofler.in/ccl-international-limited/company/L26940DL1991PLC044520
2026-08-15 00:06:40.730 | INFO     | scraper.tasks:scrape_company:64 - [tofler] Scraping company: https://www.tofler.in/rcc-cements-limited/company/L26942DL1991PLC043776
2026-08-15 00:06:47.284 | INFO     | scraper.tasks:scrape_company:64 - [tofler] Scraping company: https://www.tofler.in/kalyani-cast-tech-limited/company/L26990DL2012PLC242760
2026-08-15 00:06:47.520 | INFO     | scraper.tasks:scrape_company:64 - [tofler] Scraping company: https://www.tofler.in/obsc-perfection-limited/company/L27100DL2017PLC314606
2026-08-15 00:06:54.581 | INFO     | scraper.tasks:scrape_company:64 - [tofler] Scraping company: https://www.tofler.in/niraj-ispat-industries-limited/company/L27106DL1985PLC021811
2026-08-15 00:06:55.421 | INFO     | scraper.tasks:scrape_company:64 - [tofler] Scraping company: https://www.tofler.in/hindustan-tin-works-limited/company/L27109DL1958PLC003006
2026-08-15 00:07:01.908 | INFO     | scraper.tasks:scrape_company:64 - [tofler] Scraping company: https://www.tofler.in/rathi-steel-and-power-limited/company/L27109DL1971PLC005905
2026-08-15 00:07:02.860 | INFO     | scraper.tasks:scrape_company:64 - [tofler] Scraping company: https://www.tofler.in/steel-authority-of-india-limited/company/L27109DL1973GOI006454
2026-08-15 00:07:08.668 | INFO     | scraper.tasks:scrape_company:64 - [tofler] Scraping company: https://www.tofler.in/bihariji-ispat-udyog-limited/company/L27109DL1974PLC007047
2026-08-15 00:07:09.912 | INFO     | scraper.tasks:scrape_company:64 - [tofler] Scraping company: https://www.tofler.in/quod-ispat-limited/company/L27109DL1985PLC021183
2026-08-15 00:07:16.024 | INFO     | scraper.tasks:scrape_company:64 - [tofler] Scraping company: https://www.tofler.in/novex-commercials-limited/company/L27109DL1985PLC021428
2026-08-15 00:07:17.007 | INFO     | scraper.tasks:scrape_company:64 - [tofler] Scraping company: https://www.tofler.in/mbl-infrastructure-limited/company/L27109DL1995PLC338407
2026-08-15 00:07:23.779 | INFO     | scraper.tasks:scrape_company:64 - [tofler] Scraping company: https://www.tofler.in/gallantt-ispat-limited/company/L27109DL2005PLC350524
2026-08-15 00:07:24.350 | INFO     | scraper.tasks:scrape_company:64 - [tofler] Scraping company: https://www.tofler.in/shriniwas-steel-limited/company/L27189DL1987PLC028846
2026-08-15 00:07:31.274 | INFO     | scraper.tasks:scrape_company:64 - [tofler] Scraping company: https://www.tofler.in/rama-steel-tubes-limited/company/L27201DL1974PLC007114
2026-08-15 00:07:31.992 | INFO     | scraper.tasks:scrape_company:64 - [tofler] Scraping company: https://www.tofler.in/hi-tech-pipes-ltd/company/L27202DL1985PLC019750
2026-08-15 00:07:38.726 | INFO     | scraper.tasks:scrape_company:64 - [tofler] Scraping company: https://www.tofler.in/aravali-industries-limited/company/L27209DL1984PLC017816
2026-08-15 00:07:40.853 | INFO     | scraper.tasks:scrape_company:64 - [tofler] Scraping company: https://www.tofler.in/mfs-intercorp-limited/company/L27209DL1986PLC254555
2026-08-15 00:07:48.287 | INFO     | scraper.tasks:_scrape_target:81 - [tofler] page 4: 30 records
2026-08-15 00:07:48.336 | INFO     | scraper.browser:stop:48 - Browser closed
2026-08-15 00:16:20.366 | INFO     | scraper.browser:start:41 - Browser launched
2026-08-15 00:16:24.431 | INFO     | scraper.browser:stop:48 - Browser closed
2026-08-15 00:16:38.017 | INFO     | scraper.browser:start:41 - Browser launched
2026-08-15 00:16:43.610 | INFO     | scraper.browser:stop:48 - Browser closed
2026-08-15 00:16:56.579 | INFO     | scraper.browser:start:41 - Browser launched
2026-08-15 00:17:02.003 | INFO     | scraper.tasks:scrape_company:64 - [tofler] Scraping company: https://www.tofler.in/omansh-enterprises-limited/company/L01100DL1974PLC241646
2026-08-15 00:17:02.004 | INFO     | scraper.tasks:scrape_company:64 - [tofler] Scraping company: https://www.tofler.in/pajson-agro-india-limited/company/L01100DL2021PLC386740
2026-08-15 00:17:02.005 | INFO     | scraper.tasks:scrape_company:64 - [tofler] Scraping company: https://www.tofler.in/continental-seeds-and-chemicals-limited/company/L01111DL1983PLC015969
2026-08-15 00:17:02.006 | INFO     | scraper.tasks:scrape_company:64 - [tofler] Scraping company: https://www.tofler.in/semaya-limited/company/L01111DL1985PLC021268
2026-08-15 00:17:02.007 | INFO     | scraper.tasks:scrape_company:64 - [tofler] Scraping company: https://www.tofler.in/krbl-limited/company/L01111DL1993PLC052845
2026-08-15 00:17:02.008 | INFO     | scraper.tasks:scrape_company:64 - [tofler] Scraping company: https://www.tofler.in/dr-m-induscorp-limited/company/L01119DL1986PLC023698
2026-08-15 00:17:05.718 | INFO     | scraper.tasks:scrape_company:64 - [tofler] Scraping company: https://www.tofler.in/hindustan-agrigentics-limited/company/L01119DL1990PLC040979
2026-08-15 00:17:06.157 | INFO     | scraper.tasks:scrape_company:64 - [tofler] Scraping company: https://www.tofler.in/aayush-wellness-limited/company/L01122DL1984PLC018307
2026-08-15 00:17:06.924 | INFO     | scraper.tasks:scrape_company:64 - [tofler] Scraping company: https://www.tofler.in/sc-agrotech-limited/company/L01122DL1990PLC042207
2026-08-15 00:17:07.296 | INFO     | scraper.tasks:scrape_company:64 - [tofler] Scraping company: https://www.tofler.in/shivamshree-businesses-limited/company/L01403DL1983PLC015704
2026-08-15 00:17:07.468 | INFO     | scraper.tasks:scrape_company:64 - [tofler] Scraping company: https://www.tofler.in/fratelli-vineyards-limited/company/L11020DL2009PLC186397
2026-08-15 00:17:07.924 | INFO     | scraper.tasks:scrape_company:64 - [tofler] Scraping company: https://www.tofler.in/landmark-property-development-company-limited/company/L13100DL1976PLC188942
2026-08-15 00:17:09.618 | INFO     | scraper.tasks:scrape_company:64 - [tofler] Scraping company: https://www.tofler.in/spl-industries-limited/company/L13139DL1991PLC062744
2026-08-15 00:17:12.655 | INFO     | scraper.tasks:scrape_company:64 - [tofler] Scraping company: https://www.tofler.in/sajjan-commercial-enterprises-ltd/company/L13203DL1985PLC021536
2026-08-15 00:17:14.716 | INFO     | scraper.tasks:scrape_company:64 - [tofler] Scraping company: https://www.tofler.in/hoac-foods-india-limited/company/L15120DL2018PLC330739
2026-08-15 00:17:14.827 | INFO     | scraper.tasks:scrape_company:64 - [tofler] Scraping company: https://www.tofler.in/devyani-international-limited/company/L15135DL1991PLC046758
2026-08-15 00:17:16.057 | INFO     | scraper.tasks:scrape_company:64 - [tofler] Scraping company: https://www.tofler.in/modi-naturals-limited/company/L15142DL1974PLC007349
2026-08-15 00:17:16.719 | INFO     | scraper.tasks:scrape_company:64 - [tofler] Scraping company: https://www.tofler.in/reliance-infotek-limited/company/L15142DL1987PLC029899
2026-08-15 00:17:18.218 | INFO     | scraper.tasks:scrape_company:64 - [tofler] Scraping company: https://www.tofler.in/tarai-foods-limited/company/L15142DL1990PLC039291
2026-08-15 00:17:18.292 | INFO     | scraper.tasks:scrape_company:64 - [tofler] Scraping company: https://www.tofler.in/superior-industrial-enterprises-limited/company/L15142DL1991PLC046469
2026-08-15 00:17:18.925 | INFO     | scraper.tasks:scrape_company:64 - [tofler] Scraping company: https://www.tofler.in/nestle-india-limited/company/L15202DL1959PLC003786
2026-08-15 00:17:20.418 | INFO     | scraper.tasks:scrape_company:64 - [tofler] Scraping company: https://www.tofler.in/mahavira-foods-limited/company/L15310DL1988PLC033651
2026-08-15 00:17:21.224 | INFO     | scraper.tasks:scrape_company:64 - [tofler] Scraping company: https://www.tofler.in/kumar-food-industries-limited/company/L15310DL1991PLC043456
2026-08-15 00:17:27.819 | INFO     | scraper.tasks:scrape_company:64 - [tofler] Scraping company: https://www.tofler.in/focus-industrial-resources-limited/company/L15319DL1985PLC021348
2026-08-15 00:17:28.034 | INFO     | scraper.tasks:scrape_company:64 - [tofler] Scraping company: https://www.tofler.in/mahaan-foods-limited/company/L15419DL1987PLC350285
2026-08-15 00:17:28.083 | INFO     | scraper.tasks:scrape_company:64 - [tofler] Scraping company: https://www.tofler.in/visisth-chay-vyapar-limited/company/L15491DL1985PLC019848
2026-08-15 00:17:28.186 | INFO     | scraper.tasks:scrape_company:64 - [tofler] Scraping company: https://www.tofler.in/regent-enterprises-limited/company/L15500DL1994PLC153183
2026-08-15 00:17:28.305 | INFO     | scraper.tasks:scrape_company:64 - [tofler] Scraping company: https://www.tofler.in/lacy-limited/company/L15511DL1985PLC021272
2026-08-15 00:17:28.382 | INFO     | scraper.tasks:scrape_company:64 - [tofler] Scraping company: https://www.tofler.in/hindustan-breweries-and-bottling-limited/company/L15549DL1909PLC005478
2026-08-15 00:17:32.248 | INFO     | scraper.tasks:scrape_company:64 - [tofler] Scraping company: https://www.tofler.in/john-oakey-and-mohan-limited/company/L15549DL1962PLC003726
2026-08-15 00:17:37.566 | INFO     | scraper.tasks:_scrape_target:81 - [tofler] page 1: 30 records
2026-08-15 00:17:41.482 | INFO     | scraper.tasks:scrape_company:64 - [tofler] Scraping company: https://www.tofler.in/elitecon-international-limited/company/L16000DL1987PLC396234
2026-08-15 00:17:41.484 | INFO     | scraper.tasks:scrape_company:64 - [tofler] Scraping company: https://www.tofler.in/srm-energy-limited/company/L17100DL1985PLC303047
2026-08-15 00:17:41.485 | INFO     | scraper.tasks:scrape_company:64 - [tofler] Scraping company: https://www.tofler.in/sidhartha-super-spinning-mills-limited/company/L17111DL1980PLC010814
2026-08-15 00:17:41.486 | INFO     | scraper.tasks:scrape_company:64 - [tofler] Scraping company: https://www.tofler.in/unifinz-capital-india-limited/company/L17111DL1982PLC013790
2026-08-15 00:17:41.487 | INFO     | scraper.tasks:scrape_company:64 - [tofler] Scraping company: https://www.tofler.in/fiber-plus-industries-limited/company/L17120DL1984PLC018729
2026-08-15 00:17:41.490 | INFO     | scraper.tasks:scrape_company:64 - [tofler] Scraping company: https://www.tofler.in/lorenzini-apparels-limited/company/L17120DL2007PLC163192
2026-08-15 00:17:45.860 | INFO     | scraper.tasks:scrape_company:64 - [tofler] Scraping company: https://www.tofler.in/aplaya-creations-limited/company/L17122DL1996PLC332121
2026-08-15 00:17:45.898 | INFO     | scraper.tasks:scrape_company:64 - [tofler] Scraping company: https://www.tofler.in/n-k-textile-industries-ltd/company/L17299DL1983PLC163230
2026-08-15 00:17:46.952 | INFO     | scraper.tasks:scrape_company:64 - [tofler] Scraping company: https://www.tofler.in/sru-steels-limited/company/L17300DL1995PLC107286
2026-08-15 00:17:47.129 | INFO     | scraper.tasks:scrape_company:64 - [tofler] Scraping company: https://www.tofler.in/dcm-nouvelle-limited/company/L17309DL2016PLC307204
2026-08-15 00:17:47.368 | INFO     | scraper.tasks:scrape_company:64 - [tofler] Scraping company: https://www.tofler.in/a-f-enterprises-limited/company/L18100DL1983PLC016354
2026-08-15 00:17:47.445 | INFO     | scraper.tasks:scrape_company:64 - [tofler] Scraping company: https://www.tofler.in/srf-limited/company/L18101DL1970PLC005197
2026-08-15 00:17:49.942 | INFO     | scraper.tasks:scrape_company:64 - [tofler] Scraping company: https://www.tofler.in/arth-udyog-limited/company/L18101DL1971PLC028813
2026-08-15 00:17:51.523 | INFO     | scraper.tasks:scrape_company:64 - [tofler] Scraping company: https://www.tofler.in/t-t-limited/company/L18101DL1978PLC009241
2026-08-15 00:17:52.597 | INFO     | scraper.tasks:scrape_company:64 - [tofler] Scraping company: https://www.tofler.in/mayfair-fabrics-limited/company/L18101DL1983PLC027286
2026-08-15 00:17:52.782 | INFO     | scraper.tasks:scrape_company:64 - [tofler] Scraping company: https://www.tofler.in/paloma-knitwear-international-limited/company/L18101DL1984PLC019544
2026-08-15 00:17:53.086 | INFO     | scraper.tasks:scrape_company:64 - [tofler] Scraping company: https://www.tofler.in/riba-textiles-limited/company/L18101DL1989PLC034528
2026-08-15 00:17:53.492 | INFO     | scraper.tasks:scrape_company:64 - [tofler] Scraping company: https://www.tofler.in/regal-enterprises-ltd/company/L18101DL1989PLC269075
2026-08-15 00:17:54.693 | INFO     | scraper.tasks:scrape_company:64 - [tofler] Scraping company: https://www.tofler.in/avsl-industries-limited/company/L18101DL2003PLC121698
2026-08-15 00:17:58.013 | INFO     | scraper.tasks:scrape_company:64 - [tofler] Scraping company: https://www.tofler.in/indosolar-limited/company/L18101DL2005PLC134879
2026-08-15 00:17:58.516 | INFO     | scraper.tasks:scrape_company:64 - [tofler] Scraping company: https://www.tofler.in/munak-galva-sheets-limited/company/L20765DL1985PLC020765
2026-08-15 00:17:59.182 | INFO     | scraper.tasks:scrape_company:64 - [tofler] Scraping company: https://www.tofler.in/shree-krishna-paper-mills-and-industries-ltd/company/L21012DL1972PLC279773
2026-08-15 00:17:59.425 | INFO     | scraper.tasks:scrape_company:64 - [tofler] Scraping company: https://www.tofler.in/greenlam-industries-limited/company/L21016DL2013PLC386045
2026-08-15 00:18:00.649 | WARNING  | scraper.tasks:scrape_company:70 - [tofler] Failed to scrape company https://www.tofler.in/munak-galva-sheets-limited/company/L20765DL1985PLC020765: Page.goto: net::ERR_TUNNEL_CONNECTION_FAILED at https://www.tofler.in/munak-galva-sheets-limited/company/L20765DL1985PLC020765
Call log:
navigating to "https://www.tofler.in/munak-galva-sheets-limited/company/L20765DL1985PLC020765", waiting until "domcontentloaded"

2026-08-15 00:18:00.652 | INFO     | scraper.tasks:scrape_company:64 - [tofler] Scraping company: https://www.tofler.in/b-j-duplex-boards-limited/company/L21090DL1995PLC066281
2026-08-15 00:18:00.673 | WARNING  | scraper.tasks:scrape_company:70 - [tofler] Failed to scrape company https://www.tofler.in/greenlam-industries-limited/company/L21016DL2013PLC386045: Page.goto: net::ERR_TUNNEL_CONNECTION_FAILED at https://www.tofler.in/greenlam-industries-limited/company/L21016DL2013PLC386045
Call log:
navigating to "https://www.tofler.in/greenlam-industries-limited/company/L21016DL2013PLC386045", waiting until "domcontentloaded"

2026-08-15 00:18:00.673 | INFO     | scraper.tasks:scrape_company:64 - [tofler] Scraping company: https://www.tofler.in/haryana-coated-papers-limited/company/L21093DL1971PLC005669
2026-08-15 00:18:01.485 | INFO     | scraper.tasks:scrape_company:64 - [tofler] Scraping company: https://www.tofler.in/polymer-papers-limited/company/L21093DL1974PLC007495
2026-08-15 00:18:02.257 | INFO     | scraper.tasks:scrape_company:64 - [tofler] Scraping company: https://www.tofler.in/magnum-ventures-limited/company/L21093DL1980PLC010492
2026-08-15 00:18:04.698 | INFO     | scraper.tasks:scrape_company:64 - [tofler] Scraping company: https://www.tofler.in/mohit-paper-mills-limited/company/L21093DL1992PLC116600
2026-08-15 00:18:04.781 | INFO     | scraper.tasks:scrape_company:64 - [tofler] Scraping company: https://www.tofler.in/buy-right-impex-limited/company/L22100DL1983PLC314401
2026-08-15 00:18:04.830 | INFO     | scraper.tasks:scrape_company:64 - [tofler] Scraping company: https://www.tofler.in/ht-media-limited/company/L22121DL2002PLC117874
2026-08-15 00:18:10.329 | INFO     | scraper.tasks:_scrape_target:81 - [tofler] page 2: 30 records
2026-08-15 00:18:15.484 | INFO     | scraper.tasks:scrape_company:64 - [tofler] Scraping company: https://www.tofler.in/ett-limited/company/L22122DL1993PLC123728
2026-08-15 00:18:15.485 | INFO     | scraper.tasks:scrape_company:64 - [tofler] Scraping company: https://www.tofler.in/kairosoft-ai-solutions-limited/company/L22209DL1982PLC256291
2026-08-15 00:18:15.487 | INFO     | scraper.tasks:scrape_company:64 - [tofler] Scraping company: https://www.tofler.in/s-chand-and-company-limited/company/L22219DL1970PLC005400
2026-08-15 00:18:15.487 | INFO     | scraper.tasks:scrape_company:64 - [tofler] Scraping company: https://www.tofler.in/shree-jagdambe-paper-mills-ltd/company/L22219DL1980PLC167850
2026-08-15 00:18:15.489 | INFO     | scraper.tasks:scrape_company:64 - [tofler] Scraping company: https://www.tofler.in/coral-newsprints-limited/company/L22219DL1992PLC048398
2026-08-15 00:18:15.489 | INFO     | scraper.tasks:scrape_company:64 - [tofler] Scraping company: https://www.tofler.in/creative-graphics-solutions-india-limited/company/L22219DL2014PLC263964
2026-08-15 00:18:19.565 | INFO     | scraper.tasks:scrape_company:64 - [tofler] Scraping company: https://www.tofler.in/maxposure-limited/company/L22229DL2006PLC152087
2026-08-15 00:18:19.794 | INFO     | scraper.tasks:scrape_company:64 - [tofler] Scraping company: https://www.tofler.in/indraprastha-gas-limited/company/L23201DL1998PLC097614
2026-08-15 00:18:20.799 | INFO     | scraper.tasks:scrape_company:64 - [tofler] Scraping company: https://www.tofler.in/salasar-techno-engineering-limited/company/L23201DL2001PLC174076
2026-08-15 00:18:20.906 | INFO     | scraper.tasks:scrape_company:64 - [tofler] Scraping company: https://www.tofler.in/sanco-industries-limited/company/L24100DL1989PLC035549
2026-08-15 00:18:20.954 | INFO     | scraper.tasks:scrape_company:64 - [tofler] Scraping company: https://www.tofler.in/fabino-life-sciences-limited/company/L24100DL2011PLC226781
2026-08-15 00:18:21.163 | INFO     | scraper.tasks:scrape_company:64 - [tofler] Scraping company: https://www.tofler.in/shreekant-chemical-industries-limited/company/L24119DL1981PLC040762
2026-08-15 00:18:25.099 | INFO     | scraper.tasks:scrape_company:64 - [tofler] Scraping company: https://www.tofler.in/galore-prints-industries-limited/company/L24119DL1988PLC031866
2026-08-15 00:18:25.499 | INFO     | scraper.tasks:scrape_company:64 - [tofler] Scraping company: https://www.tofler.in/bharat-rasayan-limited/company/L24119DL1989PLC036264
2026-08-15 00:18:27.586 | INFO     | scraper.tasks:scrape_company:64 - [tofler] Scraping company: https://www.tofler.in/hpc-biosciences-limited/company/L24119DL2002PLC114026
2026-08-15 00:18:27.874 | INFO     | scraper.tasks:scrape_company:64 - [tofler] Scraping company: https://www.tofler.in/florence-investech-limited/company/L24211DL1993PLC254964
2026-08-15 00:18:29.198 | INFO     | scraper.tasks:scrape_company:64 - [tofler] Scraping company: https://www.tofler.in/dhanuka-agritech-limited/company/L24219DL1985PLC020126
2026-08-15 00:18:29.329 | INFO     | scraper.tasks:scrape_company:64 - [tofler] Scraping company: https://www.tofler.in/sirca-paints-india-limited/company/L24219DL2006PLC145092
2026-08-15 00:18:29.575 | INFO     | scraper.tasks:scrape_company:64 - [tofler] Scraping company: https://www.tofler.in/dabur-india-limited/company/L24230DL1975PLC007908
2026-08-15 00:18:30.608 | INFO     | scraper.tasks:scrape_company:64 - [tofler] Scraping company: https://www.tofler.in/sterling-webnet-limited/company/L24230DL1995PLC170660
2026-08-15 00:18:33.065 | INFO     | scraper.tasks:scrape_company:64 - [tofler] Scraping company: https://www.tofler.in/indraprastha-medical-corporation-limited/company/L24232DL1988PLC030958
2026-08-15 00:18:33.853 | INFO     | scraper.tasks:scrape_company:64 - [tofler] Scraping company: https://www.tofler.in/welcure-drugs-and-pharmaceuticals-limited/company/L24232DL1996PLC227773
2026-08-15 00:18:34.678 | INFO     | scraper.tasks:scrape_company:64 - [tofler] Scraping company: https://www.tofler.in/safal-herbs-limited/company/L24233DL1994PLC290133
2026-08-15 00:18:40.072 | INFO     | scraper.tasks:scrape_company:64 - [tofler] Scraping company: https://www.tofler.in/ram-minerals-and-chemicals-limited/company/L24233DL2011PLC282949
2026-08-15 00:18:40.625 | INFO     | scraper.tasks:scrape_company:64 - [tofler] Scraping company: https://www.tofler.in/twenty-first-century-medicare-limited/company/L24239DL1985PLC022113
2026-08-15 00:18:40.959 | INFO     | scraper.tasks:scrape_company:64 - [tofler] Scraping company: https://www.tofler.in/anmol-drugs-and-pharmaceuticals-limited/company/L24239DL1986PLC025187
2026-08-15 00:18:41.018 | INFO     | scraper.tasks:scrape_company:64 - [tofler] Scraping company: https://www.tofler.in/akums-drugs-and-pharmaceuticals-limited/company/L24239DL2004PLC125888
2026-08-15 00:18:41.167 | INFO     | scraper.tasks:scrape_company:64 - [tofler] Scraping company: https://www.tofler.in/sunil-healthcare-limited/company/L24302DL1973PLC189662
2026-08-15 00:18:41.235 | INFO     | scraper.tasks:scrape_company:64 - [tofler] Scraping company: https://www.tofler.in/jasch-industries-limited/company/L24302DL1985PLC383771
2026-08-15 00:18:46.057 | INFO     | scraper.tasks:scrape_company:64 - [tofler] Scraping company: https://www.tofler.in/jain-tube-company-limited/company/L25111DL1964PLC004235
2026-08-15 00:18:51.693 | INFO     | scraper.tasks:_scrape_target:81 - [tofler] page 3: 30 records
2026-08-15 00:18:57.489 | INFO     | scraper.tasks:scrape_company:64 - [tofler] Scraping company: https://www.tofler.in/vikas-lifecare-limited/company/L25111DL1995PLC073719
2026-08-15 00:18:57.490 | INFO     | scraper.tasks:scrape_company:64 - [tofler] Scraping company: https://www.tofler.in/cosco-india-limited/company/L25199DL1980PLC010173
2026-08-15 00:18:57.491 | INFO     | scraper.tasks:scrape_company:64 - [tofler] Scraping company: https://www.tofler.in/a-g-universal-limited/company/L25200DL2008PLC178400
2026-08-15 00:18:57.492 | INFO     | scraper.tasks:scrape_company:64 - [tofler] Scraping company: https://www.tofler.in/padmini-technologies-limited/company/L25202DL1990PLC039395
2026-08-15 00:18:57.493 | INFO     | scraper.tasks:scrape_company:64 - [tofler] Scraping company: https://www.tofler.in/pearl-polymers-limited/company/L25209DL1971PLC005535
2026-08-15 00:18:57.494 | INFO     | scraper.tasks:scrape_company:64 - [tofler] Scraping company: https://www.tofler.in/premier-polyfilm-limited/company/L25209DL1992PLC049590
2026-08-15 00:19:01.604 | INFO     | scraper.tasks:scrape_company:64 - [tofler] Scraping company: https://www.tofler.in/asahi-india-glass-limited/company/L26102DL1984PLC019542
2026-08-15 00:19:01.919 | INFO     | scraper.tasks:scrape_company:64 - [tofler] Scraping company: https://www.tofler.in/bcl-enterprises-limited/company/L26102DL1985PLC021467
2026-08-15 00:19:02.865 | INFO     | scraper.tasks:scrape_company:64 - [tofler] Scraping company: https://www.tofler.in/sahasra-electronic-solutions-limited/company/L26202DL2023PLC410521
2026-08-15 00:19:05.712 | INFO     | scraper.tasks:scrape_company:64 - [tofler] Scraping company: https://www.tofler.in/rrp-defense-limited/company/L26515DL1981PLC012621
2026-08-15 00:19:05.909 | INFO     | scraper.tasks:scrape_company:64 - [tofler] Scraping company: https://www.tofler.in/powerful-technologies-limited/company/L26900DL2015PLC277265
2026-08-15 00:19:06.160 | INFO     | scraper.tasks:scrape_company:64 - [tofler] Scraping company: https://www.tofler.in/sainik-finance-and-industries-limited/company/L26912DL1991PLC045449
2026-08-15 00:19:06.844 | INFO     | scraper.tasks:scrape_company:64 - [tofler] Scraping company: https://www.tofler.in/ccl-international-limited/company/L26940DL1991PLC044520
2026-08-15 00:19:07.104 | INFO     | scraper.tasks:scrape_company:64 - [tofler] Scraping company: https://www.tofler.in/rcc-cements-limited/company/L26942DL1991PLC043776
2026-08-15 00:19:07.705 | INFO     | scraper.tasks:scrape_company:64 - [tofler] Scraping company: https://www.tofler.in/kalyani-cast-tech-limited/company/L26990DL2012PLC242760
2026-08-15 00:19:10.648 | INFO     | scraper.tasks:scrape_company:64 - [tofler] Scraping company: https://www.tofler.in/obsc-perfection-limited/company/L27100DL2017PLC314606
2026-08-15 00:19:10.715 | INFO     | scraper.tasks:scrape_company:64 - [tofler] Scraping company: https://www.tofler.in/niraj-ispat-industries-limited/company/L27106DL1985PLC021811
2026-08-15 00:19:11.276 | INFO     | scraper.tasks:scrape_company:64 - [tofler] Scraping company: https://www.tofler.in/hindustan-tin-works-limited/company/L27109DL1958PLC003006
2026-08-15 00:19:11.679 | INFO     | scraper.tasks:scrape_company:64 - [tofler] Scraping company: https://www.tofler.in/rathi-steel-and-power-limited/company/L27109DL1971PLC005905
2026-08-15 00:19:12.516 | INFO     | scraper.tasks:scrape_company:64 - [tofler] Scraping company: https://www.tofler.in/steel-authority-of-india-limited/company/L27109DL1973GOI006454
2026-08-15 00:19:12.818 | INFO     | scraper.tasks:scrape_company:64 - [tofler] Scraping company: https://www.tofler.in/bihariji-ispat-udyog-limited/company/L27109DL1974PLC007047
2026-08-15 00:19:14.932 | INFO     | scraper.tasks:scrape_company:64 - [tofler] Scraping company: https://www.tofler.in/quod-ispat-limited/company/L27109DL1985PLC021183
2026-08-15 00:19:15.053 | INFO     | scraper.tasks:scrape_company:64 - [tofler] Scraping company: https://www.tofler.in/novex-commercials-limited/company/L27109DL1985PLC021428
2026-08-15 00:19:15.937 | INFO     | scraper.tasks:scrape_company:64 - [tofler] Scraping company: https://www.tofler.in/mbl-infrastructure-limited/company/L27109DL1995PLC338407
2026-08-15 00:19:16.885 | INFO     | scraper.tasks:scrape_company:64 - [tofler] Scraping company: https://www.tofler.in/gallantt-ispat-limited/company/L27109DL2005PLC350524
2026-08-15 00:19:17.587 | INFO     | scraper.tasks:scrape_company:64 - [tofler] Scraping company: https://www.tofler.in/shriniwas-steel-limited/company/L27189DL1987PLC028846
2026-08-15 00:19:17.731 | INFO     | scraper.tasks:scrape_company:64 - [tofler] Scraping company: https://www.tofler.in/rama-steel-tubes-limited/company/L27201DL1974PLC007114
2026-08-15 00:19:20.431 | INFO     | scraper.tasks:scrape_company:64 - [tofler] Scraping company: https://www.tofler.in/hi-tech-pipes-ltd/company/L27202DL1985PLC019750
2026-08-15 00:19:20.481 | INFO     | scraper.tasks:scrape_company:64 - [tofler] Scraping company: https://www.tofler.in/aravali-industries-limited/company/L27209DL1984PLC017816
2026-08-15 00:19:21.781 | INFO     | scraper.tasks:scrape_company:64 - [tofler] Scraping company: https://www.tofler.in/mfs-intercorp-limited/company/L27209DL1986PLC254555
2026-08-15 00:19:30.245 | INFO     | scraper.tasks:_scrape_target:81 - [tofler] page 4: 30 records
2026-08-15 00:19:30.308 | INFO     | scraper.browser:stop:48 - Browser closed
2026-08-15 00:24:36.077 | INFO     | scraper.browser:start:41 - Browser launched
2026-08-15 00:24:40.123 | INFO     | scraper.tasks:scrape_company:64 - [tofler] Scraping company: https://www.tofler.in/omansh-enterprises-limited/company/L01100DL1974PLC241646
2026-08-15 00:24:40.126 | INFO     | scraper.tasks:scrape_company:64 - [tofler] Scraping company: https://www.tofler.in/pajson-agro-india-limited/company/L01100DL2021PLC386740
2026-08-15 00:24:40.129 | INFO     | scraper.tasks:scrape_company:64 - [tofler] Scraping company: https://www.tofler.in/continental-seeds-and-chemicals-limited/company/L01111DL1983PLC015969
2026-08-15 00:24:40.132 | INFO     | scraper.tasks:scrape_company:64 - [tofler] Scraping company: https://www.tofler.in/semaya-limited/company/L01111DL1985PLC021268
2026-08-15 00:24:40.135 | INFO     | scraper.tasks:scrape_company:64 - [tofler] Scraping company: https://www.tofler.in/krbl-limited/company/L01111DL1993PLC052845
2026-08-15 00:24:40.138 | INFO     | scraper.tasks:scrape_company:64 - [tofler] Scraping company: https://www.tofler.in/dr-m-induscorp-limited/company/L01119DL1986PLC023698
2026-08-15 00:24:50.466 | INFO     | scraper.tasks:scrape_company:64 - [tofler] Scraping company: https://www.tofler.in/hindustan-agrigentics-limited/company/L01119DL1990PLC040979
2026-08-15 00:24:51.187 | INFO     | scraper.tasks:scrape_company:64 - [tofler] Scraping company: https://www.tofler.in/aayush-wellness-limited/company/L01122DL1984PLC018307
2026-08-15 00:24:51.316 | INFO     | scraper.tasks:scrape_company:64 - [tofler] Scraping company: https://www.tofler.in/sc-agrotech-limited/company/L01122DL1990PLC042207
2026-08-15 00:24:51.371 | INFO     | scraper.tasks:scrape_company:64 - [tofler] Scraping company: https://www.tofler.in/shivamshree-businesses-limited/company/L01403DL1983PLC015704
2026-08-15 00:24:51.442 | INFO     | scraper.tasks:scrape_company:64 - [tofler] Scraping company: https://www.tofler.in/fratelli-vineyards-limited/company/L11020DL2009PLC186397
2026-08-15 00:24:51.503 | INFO     | scraper.tasks:scrape_company:64 - [tofler] Scraping company: https://www.tofler.in/landmark-property-development-company-limited/company/L13100DL1976PLC188942
2026-08-15 00:24:55.630 | INFO     | scraper.tasks:scrape_company:64 - [tofler] Scraping company: https://www.tofler.in/spl-industries-limited/company/L13139DL1991PLC062744
2026-08-15 00:24:55.962 | INFO     | scraper.tasks:scrape_company:64 - [tofler] Scraping company: https://www.tofler.in/sajjan-commercial-enterprises-ltd/company/L13203DL1985PLC021536
2026-08-15 00:24:56.630 | INFO     | scraper.tasks:scrape_company:64 - [tofler] Scraping company: https://www.tofler.in/hoac-foods-india-limited/company/L15120DL2018PLC330739
2026-08-15 00:24:57.022 | INFO     | scraper.tasks:scrape_company:64 - [tofler] Scraping company: https://www.tofler.in/devyani-international-limited/company/L15135DL1991PLC046758
2026-08-15 00:24:59.688 | INFO     | scraper.tasks:scrape_company:64 - [tofler] Scraping company: https://www.tofler.in/modi-naturals-limited/company/L15142DL1974PLC007349
2026-08-15 00:25:00.017 | INFO     | scraper.tasks:scrape_company:64 - [tofler] Scraping company: https://www.tofler.in/reliance-infotek-limited/company/L15142DL1987PLC029899
2026-08-15 00:25:00.211 | INFO     | scraper.tasks:scrape_company:64 - [tofler] Scraping company: https://www.tofler.in/tarai-foods-limited/company/L15142DL1990PLC039291
2026-08-15 00:25:00.973 | INFO     | scraper.tasks:scrape_company:64 - [tofler] Scraping company: https://www.tofler.in/superior-industrial-enterprises-limited/company/L15142DL1991PLC046469
2026-08-15 00:25:01.304 | INFO     | scraper.tasks:scrape_company:64 - [tofler] Scraping company: https://www.tofler.in/nestle-india-limited/company/L15202DL1959PLC003786
2026-08-15 00:25:02.385 | INFO     | scraper.tasks:scrape_company:64 - [tofler] Scraping company: https://www.tofler.in/mahavira-foods-limited/company/L15310DL1988PLC033651
2026-08-15 00:25:04.665 | INFO     | scraper.tasks:scrape_company:64 - [tofler] Scraping company: https://www.tofler.in/kumar-food-industries-limited/company/L15310DL1991PLC043456
2026-08-15 00:25:04.983 | INFO     | scraper.tasks:scrape_company:64 - [tofler] Scraping company: https://www.tofler.in/focus-industrial-resources-limited/company/L15319DL1985PLC021348
2026-08-15 00:25:05.547 | INFO     | scraper.tasks:scrape_company:64 - [tofler] Scraping company: https://www.tofler.in/mahaan-foods-limited/company/L15419DL1987PLC350285
2026-08-15 00:25:06.331 | INFO     | scraper.tasks:scrape_company:64 - [tofler] Scraping company: https://www.tofler.in/visisth-chay-vyapar-limited/company/L15491DL1985PLC019848
2026-08-15 00:25:06.516 | INFO     | scraper.tasks:scrape_company:64 - [tofler] Scraping company: https://www.tofler.in/regent-enterprises-limited/company/L15500DL1994PLC153183
2026-08-15 00:25:06.722 | INFO     | scraper.tasks:scrape_company:64 - [tofler] Scraping company: https://www.tofler.in/lacy-limited/company/L15511DL1985PLC021272
2026-08-15 00:25:08.679 | INFO     | scraper.tasks:scrape_company:64 - [tofler] Scraping company: https://www.tofler.in/hindustan-breweries-and-bottling-limited/company/L15549DL1909PLC005478
2026-08-15 00:25:09.735 | INFO     | scraper.tasks:scrape_company:64 - [tofler] Scraping company: https://www.tofler.in/john-oakey-and-mohan-limited/company/L15549DL1962PLC003726
2026-08-15 00:25:17.750 | INFO     | scraper.tasks:_scrape_target:81 - [tofler] page 1: 30 records
2026-08-15 00:25:23.256 | INFO     | scraper.tasks:scrape_company:64 - [tofler] Scraping company: https://www.tofler.in/elitecon-international-limited/company/L16000DL1987PLC396234
2026-08-15 00:25:23.260 | INFO     | scraper.tasks:scrape_company:64 - [tofler] Scraping company: https://www.tofler.in/srm-energy-limited/company/L17100DL1985PLC303047
2026-08-15 00:25:23.263 | INFO     | scraper.tasks:scrape_company:64 - [tofler] Scraping company: https://www.tofler.in/sidhartha-super-spinning-mills-limited/company/L17111DL1980PLC010814
2026-08-15 00:25:23.267 | INFO     | scraper.tasks:scrape_company:64 - [tofler] Scraping company: https://www.tofler.in/unifinz-capital-india-limited/company/L17111DL1982PLC013790
2026-08-15 00:25:23.270 | INFO     | scraper.tasks:scrape_company:64 - [tofler] Scraping company: https://www.tofler.in/fiber-plus-industries-limited/company/L17120DL1984PLC018729
2026-08-15 00:25:23.273 | INFO     | scraper.tasks:scrape_company:64 - [tofler] Scraping company: https://www.tofler.in/lorenzini-apparels-limited/company/L17120DL2007PLC163192
2026-08-15 00:25:27.382 | INFO     | scraper.tasks:scrape_company:64 - [tofler] Scraping company: https://www.tofler.in/aplaya-creations-limited/company/L17122DL1996PLC332121
2026-08-15 00:25:27.637 | INFO     | scraper.tasks:scrape_company:64 - [tofler] Scraping company: https://www.tofler.in/n-k-textile-industries-ltd/company/L17299DL1983PLC163230
2026-08-15 00:25:28.444 | INFO     | scraper.tasks:scrape_company:64 - [tofler] Scraping company: https://www.tofler.in/sru-steels-limited/company/L17300DL1995PLC107286
2026-08-15 00:25:28.694 | INFO     | scraper.tasks:scrape_company:64 - [tofler] Scraping company: https://www.tofler.in/dcm-nouvelle-limited/company/L17309DL2016PLC307204
2026-08-15 00:25:28.942 | INFO     | scraper.tasks:scrape_company:64 - [tofler] Scraping company: https://www.tofler.in/a-f-enterprises-limited/company/L18100DL1983PLC016354
2026-08-15 00:25:29.001 | INFO     | scraper.tasks:scrape_company:64 - [tofler] Scraping company: https://www.tofler.in/srf-limited/company/L18101DL1970PLC005197
2026-08-15 00:25:31.450 | INFO     | scraper.tasks:scrape_company:64 - [tofler] Scraping company: https://www.tofler.in/arth-udyog-limited/company/L18101DL1971PLC028813
2026-08-15 00:25:34.225 | INFO     | scraper.tasks:scrape_company:64 - [tofler] Scraping company: https://www.tofler.in/t-t-limited/company/L18101DL1978PLC009241
2026-08-15 00:25:34.319 | INFO     | scraper.tasks:scrape_company:64 - [tofler] Scraping company: https://www.tofler.in/mayfair-fabrics-limited/company/L18101DL1983PLC027286
2026-08-15 00:25:34.377 | INFO     | scraper.tasks:scrape_company:64 - [tofler] Scraping company: https://www.tofler.in/paloma-knitwear-international-limited/company/L18101DL1984PLC019544
2026-08-15 00:25:34.552 | INFO     | scraper.tasks:scrape_company:64 - [tofler] Scraping company: https://www.tofler.in/riba-textiles-limited/company/L18101DL1989PLC034528
2026-08-15 00:25:35.185 | INFO     | scraper.tasks:scrape_company:64 - [tofler] Scraping company: https://www.tofler.in/regal-enterprises-ltd/company/L18101DL1989PLC269075
2026-08-15 00:25:35.254 | INFO     | scraper.tasks:scrape_company:64 - [tofler] Scraping company: https://www.tofler.in/avsl-industries-limited/company/L18101DL2003PLC121698
2026-08-15 00:25:38.513 | INFO     | scraper.tasks:scrape_company:64 - [tofler] Scraping company: https://www.tofler.in/indosolar-limited/company/L18101DL2005PLC134879
2026-08-15 00:25:39.414 | INFO     | scraper.tasks:scrape_company:64 - [tofler] Scraping company: https://www.tofler.in/munak-galva-sheets-limited/company/L20765DL1985PLC020765
2026-08-15 00:25:39.485 | INFO     | scraper.tasks:scrape_company:64 - [tofler] Scraping company: https://www.tofler.in/shree-krishna-paper-mills-and-industries-ltd/company/L21012DL1972PLC279773
2026-08-15 00:25:39.816 | INFO     | scraper.tasks:scrape_company:64 - [tofler] Scraping company: https://www.tofler.in/greenlam-industries-limited/company/L21016DL2013PLC386045
2026-08-15 00:25:40.642 | INFO     | scraper.tasks:scrape_company:64 - [tofler] Scraping company: https://www.tofler.in/b-j-duplex-boards-limited/company/L21090DL1995PLC066281
2026-08-15 00:25:40.681 | INFO     | scraper.tasks:scrape_company:64 - [tofler] Scraping company: https://www.tofler.in/haryana-coated-papers-limited/company/L21093DL1971PLC005669
2026-08-15 00:25:43.370 | INFO     | scraper.tasks:scrape_company:64 - [tofler] Scraping company: https://www.tofler.in/polymer-papers-limited/company/L21093DL1974PLC007495
2026-08-15 00:25:43.493 | INFO     | scraper.tasks:scrape_company:64 - [tofler] Scraping company: https://www.tofler.in/magnum-ventures-limited/company/L21093DL1980PLC010492
2026-08-15 00:25:44.546 | INFO     | scraper.tasks:scrape_company:64 - [tofler] Scraping company: https://www.tofler.in/mohit-paper-mills-limited/company/L21093DL1992PLC116600
2026-08-15 00:25:44.866 | INFO     | scraper.tasks:scrape_company:64 - [tofler] Scraping company: https://www.tofler.in/buy-right-impex-limited/company/L22100DL1983PLC314401
2026-08-15 00:25:45.806 | INFO     | scraper.tasks:scrape_company:64 - [tofler] Scraping company: https://www.tofler.in/ht-media-limited/company/L22121DL2002PLC117874
2026-08-15 00:25:46.578 | WARNING  | scraper.tasks:scrape_company:70 - [tofler] Failed to scrape company https://www.tofler.in/ht-media-limited/company/L22121DL2002PLC117874: Page.goto: net::ERR_TUNNEL_CONNECTION_FAILED at https://www.tofler.in/ht-media-limited/company/L22121DL2002PLC117874
Call log:
navigating to "https://www.tofler.in/ht-media-limited/company/L22121DL2002PLC117874", waiting until "domcontentloaded"

2026-08-15 00:25:50.389 | INFO     | scraper.tasks:_scrape_target:81 - [tofler] page 2: 30 records
2026-08-15 00:25:56.031 | INFO     | scraper.tasks:scrape_company:64 - [tofler] Scraping company: https://www.tofler.in/ett-limited/company/L22122DL1993PLC123728
2026-08-15 00:25:56.034 | INFO     | scraper.tasks:scrape_company:64 - [tofler] Scraping company: https://www.tofler.in/kairosoft-ai-solutions-limited/company/L22209DL1982PLC256291
2026-08-15 00:25:56.038 | INFO     | scraper.tasks:scrape_company:64 - [tofler] Scraping company: https://www.tofler.in/s-chand-and-company-limited/company/L22219DL1970PLC005400
2026-08-15 00:25:56.041 | INFO     | scraper.tasks:scrape_company:64 - [tofler] Scraping company: https://www.tofler.in/shree-jagdambe-paper-mills-ltd/company/L22219DL1980PLC167850
2026-08-15 00:25:56.044 | INFO     | scraper.tasks:scrape_company:64 - [tofler] Scraping company: https://www.tofler.in/coral-newsprints-limited/company/L22219DL1992PLC048398
2026-08-15 00:25:56.047 | INFO     | scraper.tasks:scrape_company:64 - [tofler] Scraping company: https://www.tofler.in/creative-graphics-solutions-india-limited/company/L22219DL2014PLC263964
2026-08-15 00:26:00.233 | INFO     | scraper.tasks:scrape_company:64 - [tofler] Scraping company: https://www.tofler.in/maxposure-limited/company/L22229DL2006PLC152087
2026-08-15 00:26:00.357 | INFO     | scraper.tasks:scrape_company:64 - [tofler] Scraping company: https://www.tofler.in/indraprastha-gas-limited/company/L23201DL1998PLC097614
2026-08-15 00:26:00.553 | INFO     | scraper.tasks:scrape_company:64 - [tofler] Scraping company: https://www.tofler.in/salasar-techno-engineering-limited/company/L23201DL2001PLC174076
2026-08-15 00:26:01.436 | INFO     | scraper.tasks:scrape_company:64 - [tofler] Scraping company: https://www.tofler.in/sanco-industries-limited/company/L24100DL1989PLC035549
2026-08-15 00:26:01.588 | INFO     | scraper.tasks:scrape_company:64 - [tofler] Scraping company: https://www.tofler.in/fabino-life-sciences-limited/company/L24100DL2011PLC226781
2026-08-15 00:26:01.653 | INFO     | scraper.tasks:scrape_company:64 - [tofler] Scraping company: https://www.tofler.in/shreekant-chemical-industries-limited/company/L24119DL1981PLC040762
2026-08-15 00:26:05.699 | INFO     | scraper.tasks:scrape_company:64 - [tofler] Scraping company: https://www.tofler.in/galore-prints-industries-limited/company/L24119DL1988PLC031866
2026-08-15 00:26:06.157 | INFO     | scraper.tasks:scrape_company:64 - [tofler] Scraping company: https://www.tofler.in/bharat-rasayan-limited/company/L24119DL1989PLC036264
2026-08-15 00:26:06.317 | INFO     | scraper.tasks:scrape_company:64 - [tofler] Scraping company: https://www.tofler.in/hpc-biosciences-limited/company/L24119DL2002PLC114026
2026-08-15 00:26:06.580 | INFO     | scraper.tasks:scrape_company:64 - [tofler] Scraping company: https://www.tofler.in/florence-investech-limited/company/L24211DL1993PLC254964
2026-08-15 00:26:07.095 | INFO     | scraper.tasks:scrape_company:64 - [tofler] Scraping company: https://www.tofler.in/dhanuka-agritech-limited/company/L24219DL1985PLC020126
2026-08-15 00:26:07.400 | INFO     | scraper.tasks:scrape_company:64 - [tofler] Scraping company: https://www.tofler.in/sirca-paints-india-limited/company/L24219DL2006PLC145092
2026-08-15 00:26:10.730 | INFO     | scraper.tasks:scrape_company:64 - [tofler] Scraping company: https://www.tofler.in/dabur-india-limited/company/L24230DL1975PLC007908
2026-08-15 00:26:11.128 | INFO     | scraper.tasks:scrape_company:64 - [tofler] Scraping company: https://www.tofler.in/sterling-webnet-limited/company/L24230DL1995PLC170660
2026-08-15 00:26:11.626 | INFO     | scraper.tasks:scrape_company:64 - [tofler] Scraping company: https://www.tofler.in/indraprastha-medical-corporation-limited/company/L24232DL1988PLC030958
2026-08-15 00:26:12.148 | INFO     | scraper.tasks:scrape_company:64 - [tofler] Scraping company: https://www.tofler.in/welcure-drugs-and-pharmaceuticals-limited/company/L24232DL1996PLC227773
2026-08-15 00:26:12.939 | INFO     | scraper.tasks:scrape_company:64 - [tofler] Scraping company: https://www.tofler.in/safal-herbs-limited/company/L24233DL1994PLC290133
2026-08-15 00:26:14.953 | INFO     | scraper.tasks:scrape_company:64 - [tofler] Scraping company: https://www.tofler.in/ram-minerals-and-chemicals-limited/company/L24233DL2011PLC282949
2026-08-15 00:26:15.706 | INFO     | scraper.tasks:scrape_company:64 - [tofler] Scraping company: https://www.tofler.in/twenty-first-century-medicare-limited/company/L24239DL1985PLC022113
2026-08-15 00:26:16.065 | INFO     | scraper.tasks:scrape_company:64 - [tofler] Scraping company: https://www.tofler.in/anmol-drugs-and-pharmaceuticals-limited/company/L24239DL1986PLC025187
2026-08-15 00:26:16.747 | INFO     | scraper.tasks:scrape_company:64 - [tofler] Scraping company: https://www.tofler.in/akums-drugs-and-pharmaceuticals-limited/company/L24239DL2004PLC125888
2026-08-15 00:26:16.806 | INFO     | scraper.tasks:scrape_company:64 - [tofler] Scraping company: https://www.tofler.in/sunil-healthcare-limited/company/L24302DL1973PLC189662
2026-08-15 00:26:18.318 | INFO     | scraper.tasks:scrape_company:64 - [tofler] Scraping company: https://www.tofler.in/jasch-industries-limited/company/L24302DL1985PLC383771
2026-08-15 00:26:20.064 | INFO     | scraper.tasks:scrape_company:64 - [tofler] Scraping company: https://www.tofler.in/jain-tube-company-limited/company/L25111DL1964PLC004235
2026-08-15 00:26:25.935 | INFO     | scraper.tasks:_scrape_target:81 - [tofler] page 3: 30 records
2026-08-15 00:26:31.445 | INFO     | scraper.tasks:scrape_company:64 - [tofler] Scraping company: https://www.tofler.in/vikas-lifecare-limited/company/L25111DL1995PLC073719
2026-08-15 00:26:31.448 | INFO     | scraper.tasks:scrape_company:64 - [tofler] Scraping company: https://www.tofler.in/cosco-india-limited/company/L25199DL1980PLC010173
2026-08-15 00:26:31.451 | INFO     | scraper.tasks:scrape_company:64 - [tofler] Scraping company: https://www.tofler.in/a-g-universal-limited/company/L25200DL2008PLC178400
2026-08-15 00:26:31.455 | INFO     | scraper.tasks:scrape_company:64 - [tofler] Scraping company: https://www.tofler.in/padmini-technologies-limited/company/L25202DL1990PLC039395
2026-08-15 00:26:31.457 | INFO     | scraper.tasks:scrape_company:64 - [tofler] Scraping company: https://www.tofler.in/pearl-polymers-limited/company/L25209DL1971PLC005535
2026-08-15 00:26:31.461 | INFO     | scraper.tasks:scrape_company:64 - [tofler] Scraping company: https://www.tofler.in/premier-polyfilm-limited/company/L25209DL1992PLC049590
2026-08-15 00:26:35.430 | INFO     | scraper.tasks:scrape_company:64 - [tofler] Scraping company: https://www.tofler.in/asahi-india-glass-limited/company/L26102DL1984PLC019542
2026-08-15 00:26:35.547 | INFO     | scraper.tasks:scrape_company:64 - [tofler] Scraping company: https://www.tofler.in/bcl-enterprises-limited/company/L26102DL1985PLC021467
2026-08-15 00:26:35.725 | INFO     | scraper.tasks:scrape_company:64 - [tofler] Scraping company: https://www.tofler.in/sahasra-electronic-solutions-limited/company/L26202DL2023PLC410521
2026-08-15 00:26:36.492 | INFO     | scraper.tasks:scrape_company:64 - [tofler] Scraping company: https://www.tofler.in/rrp-defense-limited/company/L26515DL1981PLC012621
2026-08-15 00:26:36.637 | INFO     | scraper.tasks:scrape_company:64 - [tofler] Scraping company: https://www.tofler.in/powerful-technologies-limited/company/L26900DL2015PLC277265
2026-08-15 00:26:36.924 | INFO     | scraper.tasks:scrape_company:64 - [tofler] Scraping company: https://www.tofler.in/sainik-finance-and-industries-limited/company/L26912DL1991PLC045449
2026-08-15 00:26:40.373 | INFO     | scraper.tasks:scrape_company:64 - [tofler] Scraping company: https://www.tofler.in/ccl-international-limited/company/L26940DL1991PLC044520
2026-08-15 00:26:40.765 | INFO     | scraper.tasks:scrape_company:64 - [tofler] Scraping company: https://www.tofler.in/rcc-cements-limited/company/L26942DL1991PLC043776
2026-08-15 00:26:41.833 | INFO     | scraper.tasks:scrape_company:64 - [tofler] Scraping company: https://www.tofler.in/kalyani-cast-tech-limited/company/L26990DL2012PLC242760
2026-08-15 00:26:42.336 | INFO     | scraper.tasks:scrape_company:64 - [tofler] Scraping company: https://www.tofler.in/obsc-perfection-limited/company/L27100DL2017PLC314606
2026-08-15 00:26:43.958 | INFO     | scraper.tasks:scrape_company:64 - [tofler] Scraping company: https://www.tofler.in/niraj-ispat-industries-limited/company/L27106DL1985PLC021811
2026-08-15 00:26:44.218 | INFO     | scraper.tasks:scrape_company:64 - [tofler] Scraping company: https://www.tofler.in/hindustan-tin-works-limited/company/L27109DL1958PLC003006
2026-08-15 00:26:46.174 | INFO     | scraper.tasks:scrape_company:64 - [tofler] Scraping company: https://www.tofler.in/rathi-steel-and-power-limited/company/L27109DL1971PLC005905
2026-08-15 00:26:47.150 | INFO     | scraper.tasks:scrape_company:64 - [tofler] Scraping company: https://www.tofler.in/steel-authority-of-india-limited/company/L27109DL1973GOI006454
2026-08-15 00:26:48.804 | INFO     | scraper.tasks:scrape_company:64 - [tofler] Scraping company: https://www.tofler.in/bihariji-ispat-udyog-limited/company/L27109DL1974PLC007047
2026-08-15 00:26:49.074 | INFO     | scraper.tasks:scrape_company:64 - [tofler] Scraping company: https://www.tofler.in/quod-ispat-limited/company/L27109DL1985PLC021183
2026-08-15 00:26:49.217 | INFO     | scraper.tasks:scrape_company:64 - [tofler] Scraping company: https://www.tofler.in/novex-commercials-limited/company/L27109DL1985PLC021428
2026-08-15 00:26:50.089 | INFO     | scraper.tasks:scrape_company:64 - [tofler] Scraping company: https://www.tofler.in/mbl-infrastructure-limited/company/L27109DL1995PLC338407
2026-08-15 00:26:51.547 | INFO     | scraper.tasks:scrape_company:64 - [tofler] Scraping company: https://www.tofler.in/gallantt-ispat-limited/company/L27109DL2005PLC350524
2026-08-15 00:26:51.810 | WARNING  | scraper.tasks:scrape_company:70 - [tofler] Failed to scrape company https://www.tofler.in/bihariji-ispat-udyog-limited/company/L27109DL1974PLC007047: Page.goto: net::ERR_TUNNEL_CONNECTION_FAILED at https://www.tofler.in/bihariji-ispat-udyog-limited/company/L27109DL1974PLC007047
Call log:
navigating to "https://www.tofler.in/bihariji-ispat-udyog-limited/company/L27109DL1974PLC007047", waiting until "domcontentloaded"

2026-08-15 00:26:51.812 | INFO     | scraper.tasks:scrape_company:64 - [tofler] Scraping company: https://www.tofler.in/shriniwas-steel-limited/company/L27189DL1987PLC028846
2026-08-15 00:26:52.341 | INFO     | scraper.tasks:scrape_company:64 - [tofler] Scraping company: https://www.tofler.in/rama-steel-tubes-limited/company/L27201DL1974PLC007114
2026-08-15 00:26:54.171 | INFO     | scraper.tasks:scrape_company:64 - [tofler] Scraping company: https://www.tofler.in/hi-tech-pipes-ltd/company/L27202DL1985PLC019750
2026-08-15 00:26:54.272 | INFO     | scraper.tasks:scrape_company:64 - [tofler] Scraping company: https://www.tofler.in/aravali-industries-limited/company/L27209DL1984PLC017816
2026-08-15 00:26:54.772 | INFO     | scraper.tasks:scrape_company:64 - [tofler] Scraping company: https://www.tofler.in/mfs-intercorp-limited/company/L27209DL1986PLC254555
2026-08-15 00:27:00.305 | INFO     | scraper.tasks:_scrape_target:81 - [tofler] page 4: 30 records
2026-08-15 00:27:00.357 | INFO     | scraper.browser:stop:48 - Browser closed
2026-08-15 00:41:41.182 | INFO     | scraper.proxy_manager:_health_check:104 - Proxy health check passed: http://35jovid14xin:***@216.26.233.75:3129 -> 216.26.233.75
2026-08-15 00:41:58.313 | INFO     | scraper.browser:start:41 - Browser launched
2026-08-15 00:41:59.717 | INFO     | scraper.proxy_manager:_health_check:104 - Proxy health check passed: http://35jovid14xin:***@65.111.2.208:3129 -> 65.111.2.208
2026-08-15 00:42:07.950 | INFO     | scraper.browser:stop:48 - Browser closed
2026-08-15 00:42:17.891 | INFO     | scraper.browser:start:41 - Browser launched
2026-08-15 00:42:18.400 | INFO     | scraper.proxy_manager:_health_check:104 - Proxy health check passed: http://35jovid14xin:***@151.123.176.200:3129 -> 151.123.176.200
2026-08-15 00:42:22.240 | INFO     | scraper.tasks:scrape_company:64 - [tofler] Scraping company: https://www.tofler.in/omansh-enterprises-limited/company/L01100DL1974PLC241646
2026-08-15 00:42:22.947 | INFO     | scraper.proxy_manager:_health_check:104 - Proxy health check passed: http://35jovid14xin:***@216.26.248.81:3129 -> 216.26.248.81
2026-08-15 00:42:22.949 | INFO     | scraper.tasks:scrape_company:64 - [tofler] Scraping company: https://www.tofler.in/pajson-agro-india-limited/company/L01100DL2021PLC386740
2026-08-15 00:42:23.562 | INFO     | scraper.proxy_manager:_health_check:104 - Proxy health check passed: http://35jovid14xin:***@45.3.36.87:3129 -> 45.3.36.87
2026-08-15 00:42:23.563 | INFO     | scraper.tasks:scrape_company:64 - [tofler] Scraping company: https://www.tofler.in/continental-seeds-and-chemicals-limited/company/L01111DL1983PLC015969
2026-08-15 00:42:24.177 | INFO     | scraper.proxy_manager:_health_check:104 - Proxy health check passed: http://35jovid14xin:***@45.3.36.70:3129 -> 45.3.36.70
2026-08-15 00:42:24.178 | INFO     | scraper.tasks:scrape_company:64 - [tofler] Scraping company: https://www.tofler.in/semaya-limited/company/L01111DL1985PLC021268
2026-08-15 00:42:24.796 | INFO     | scraper.proxy_manager:_health_check:104 - Proxy health check passed: http://35jovid14xin:***@209.50.175.129:3129 -> 209.50.175.129
2026-08-15 00:42:24.797 | INFO     | scraper.tasks:scrape_company:64 - [tofler] Scraping company: https://www.tofler.in/krbl-limited/company/L01111DL1993PLC052845
2026-08-15 00:42:25.298 | INFO     | scraper.proxy_manager:_health_check:104 - Proxy health check passed: http://35jovid14xin:***@104.207.53.148:3129 -> 104.207.53.148
2026-08-15 00:42:25.299 | INFO     | scraper.tasks:scrape_company:64 - [tofler] Scraping company: https://www.tofler.in/dr-m-induscorp-limited/company/L01119DL1986PLC023698
2026-08-15 00:42:25.813 | INFO     | scraper.proxy_manager:_health_check:104 - Proxy health check passed: http://35jovid14xin:***@216.26.232.250:3129 -> 216.26.232.250
2026-08-15 00:42:29.519 | INFO     | scraper.tasks:scrape_company:64 - [tofler] Scraping company: https://www.tofler.in/hindustan-agrigentics-limited/company/L01119DL1990PLC040979
2026-08-15 00:42:29.969 | WARNING  | scraper.proxy_manager:_health_check:108 - Proxy health check failed: http://35jovid14xin:***@216.26.233.75:3129 - 429 Client Error: Not Enough Connections for url: http://httpbin.org/ip
2026-08-15 00:42:30.412 | INFO     | scraper.proxy_manager:_health_check:104 - Proxy health check passed: http://35jovid14xin:***@45.3.48.207:3129 -> 45.3.48.207
2026-08-15 00:42:30.484 | INFO     | scraper.tasks:scrape_company:64 - [tofler] Scraping company: https://www.tofler.in/aayush-wellness-limited/company/L01122DL1984PLC018307
2026-08-15 00:42:31.167 | INFO     | scraper.proxy_manager:_health_check:104 - Proxy health check passed: http://35jovid14xin:***@45.3.52.9:3129 -> 45.3.52.9
2026-08-15 00:42:31.228 | INFO     | scraper.tasks:scrape_company:64 - [tofler] Scraping company: https://www.tofler.in/sc-agrotech-limited/company/L01122DL1990PLC042207
2026-08-15 00:42:31.647 | INFO     | scraper.tasks:scrape_company:64 - [tofler] Scraping company: https://www.tofler.in/shivamshree-businesses-limited/company/L01403DL1983PLC015704
2026-08-15 00:42:33.139 | INFO     | scraper.proxy_manager:_health_check:104 - Proxy health check passed: http://35jovid14xin:***@216.26.233.6:3129 -> 216.26.233.6
2026-08-15 00:42:33.675 | INFO     | scraper.tasks:scrape_company:64 - [tofler] Scraping company: https://www.tofler.in/fratelli-vineyards-limited/company/L11020DL2009PLC186397
2026-08-15 00:42:34.187 | INFO     | scraper.proxy_manager:_health_check:104 - Proxy health check passed: http://35jovid14xin:***@209.50.186.174:3129 -> 209.50.186.174
2026-08-15 00:42:34.234 | INFO     | scraper.tasks:scrape_company:64 - [tofler] Scraping company: https://www.tofler.in/landmark-property-development-company-limited/company/L13100DL1976PLC188942
2026-08-15 00:42:34.694 | INFO     | scraper.proxy_manager:_health_check:104 - Proxy health check passed: http://35jovid14xin:***@65.111.3.154:3129 -> 65.111.3.154
2026-08-15 00:42:35.294 | INFO     | scraper.tasks:scrape_company:64 - [tofler] Scraping company: https://www.tofler.in/spl-industries-limited/company/L13139DL1991PLC062744
2026-08-15 00:42:35.735 | INFO     | scraper.proxy_manager:_health_check:104 - Proxy health check passed: http://35jovid14xin:***@104.207.34.185:3129 -> 104.207.34.185
2026-08-15 00:42:36.529 | INFO     | scraper.tasks:scrape_company:64 - [tofler] Scraping company: https://www.tofler.in/sajjan-commercial-enterprises-ltd/company/L13203DL1985PLC021536
2026-08-15 00:42:37.060 | INFO     | scraper.proxy_manager:_health_check:104 - Proxy health check passed: http://35jovid14xin:***@216.26.247.12:3129 -> 216.26.247.12
2026-08-15 00:42:37.113 | INFO     | scraper.tasks:scrape_company:64 - [tofler] Scraping company: https://www.tofler.in/hoac-foods-india-limited/company/L15120DL2018PLC330739
2026-08-15 00:42:37.889 | INFO     | scraper.proxy_manager:_health_check:104 - Proxy health check passed: http://35jovid14xin:***@65.111.27.242:3129 -> 65.111.27.242
2026-08-15 00:42:38.358 | INFO     | scraper.tasks:scrape_company:64 - [tofler] Scraping company: https://www.tofler.in/devyani-international-limited/company/L15135DL1991PLC046758
2026-08-15 00:42:38.848 | INFO     | scraper.proxy_manager:_health_check:104 - Proxy health check passed: http://35jovid14xin:***@216.26.237.117:3129 -> 216.26.237.117
2026-08-15 00:42:38.906 | INFO     | scraper.tasks:scrape_company:64 - [tofler] Scraping company: https://www.tofler.in/modi-naturals-limited/company/L15142DL1974PLC007349
2026-08-15 00:42:39.392 | INFO     | scraper.proxy_manager:_health_check:104 - Proxy health check passed: http://35jovid14xin:***@45.3.53.10:3129 -> 45.3.53.10
2026-08-15 00:42:40.251 | INFO     | scraper.tasks:scrape_company:64 - [tofler] Scraping company: https://www.tofler.in/reliance-infotek-limited/company/L15142DL1987PLC029899
2026-08-15 00:42:40.744 | INFO     | scraper.proxy_manager:_health_check:104 - Proxy health check passed: http://35jovid14xin:***@104.207.48.237:3129 -> 104.207.48.237
2026-08-15 00:42:41.580 | INFO     | scraper.tasks:scrape_company:64 - [tofler] Scraping company: https://www.tofler.in/tarai-foods-limited/company/L15142DL1990PLC039291
2026-08-15 00:42:42.043 | INFO     | scraper.proxy_manager:_health_check:104 - Proxy health check passed: http://35jovid14xin:***@45.3.37.13:3129 -> 45.3.37.13
2026-08-15 00:42:45.208 | INFO     | scraper.tasks:scrape_company:64 - [tofler] Scraping company: https://www.tofler.in/superior-industrial-enterprises-limited/company/L15142DL1991PLC046469
2026-08-15 00:42:45.732 | INFO     | scraper.proxy_manager:_health_check:104 - Proxy health check passed: http://35jovid14xin:***@104.207.37.111:3129 -> 104.207.37.111
2026-08-15 00:42:45.796 | INFO     | scraper.tasks:scrape_company:64 - [tofler] Scraping company: https://www.tofler.in/nestle-india-limited/company/L15202DL1959PLC003786
2026-08-15 00:42:47.588 | INFO     | scraper.tasks:scrape_company:64 - [tofler] Scraping company: https://www.tofler.in/mahavira-foods-limited/company/L15310DL1988PLC033651
2026-08-15 00:42:57.590 | WARNING  | scraper.proxy_manager:_health_check:108 - Proxy health check failed: http://35jovid14xin:***@45.3.40.35:3129 - HTTPConnectionPool(host='45.3.40.35', port=3129): Max retries exceeded with url: http://httpbin.org/ip (Caused by ConnectTimeoutError(<urllib3.connection.HTTPConnection object at 0x10fb4e6c0>, 'Connection to 45.3.40.35 timed out. (connect timeout=10)'))
2026-08-15 00:43:07.594 | WARNING  | scraper.proxy_manager:_health_check:108 - Proxy health check failed: http://35jovid14xin:***@104.207.38.58:3129 - HTTPConnectionPool(host='104.207.38.58', port=3129): Max retries exceeded with url: http://httpbin.org/ip (Caused by ConnectTimeoutError(<urllib3.connection.HTTPConnection object at 0x10fb4ee40>, 'Connection to 104.207.38.58 timed out. (connect timeout=10)'))
2026-08-15 00:43:08.043 | INFO     | scraper.proxy_manager:_health_check:104 - Proxy health check passed: http://35jovid14xin:***@209.50.174.1:3129 -> 209.50.174.1
2026-08-15 00:43:08.052 | WARNING  | scraper.proxy_manager:mark_bad:114 - Proxy marked bad, cooling down 300s: http://35jovid14xin:***@104.207.48.237:3129
2026-08-15 00:43:08.136 | INFO     | scraper.tasks:scrape_company:64 - [tofler] Scraping company: https://www.tofler.in/kumar-food-industries-limited/company/L15310DL1991PLC043456
2026-08-15 00:43:08.584 | INFO     | scraper.proxy_manager:_health_check:104 - Proxy health check passed: http://35jovid14xin:***@45.3.50.50:3129 -> 45.3.50.50
2026-08-15 00:43:08.639 | INFO     | scraper.tasks:scrape_company:64 - [tofler] Scraping company: https://www.tofler.in/focus-industrial-resources-limited/company/L15319DL1985PLC021348
2026-08-15 00:43:09.119 | INFO     | scraper.proxy_manager:_health_check:104 - Proxy health check passed: http://35jovid14xin:***@216.26.242.32:3129 -> 216.26.242.32
2026-08-15 00:43:09.219 | INFO     | scraper.tasks:scrape_company:64 - [tofler] Scraping company: https://www.tofler.in/mahaan-foods-limited/company/L15419DL1987PLC350285
2026-08-15 00:43:09.789 | INFO     | scraper.proxy_manager:_health_check:104 - Proxy health check passed: http://35jovid14xin:***@216.26.253.54:3129 -> 216.26.253.54
2026-08-15 00:43:09.841 | INFO     | scraper.tasks:scrape_company:64 - [tofler] Scraping company: https://www.tofler.in/visisth-chay-vyapar-limited/company/L15491DL1985PLC019848
2026-08-15 00:43:10.281 | INFO     | scraper.proxy_manager:_health_check:104 - Proxy health check passed: http://35jovid14xin:***@65.111.1.107:3129 -> 65.111.1.107
2026-08-15 00:43:14.614 | INFO     | scraper.tasks:scrape_company:64 - [tofler] Scraping company: https://www.tofler.in/regent-enterprises-limited/company/L15500DL1994PLC153183
2026-08-15 00:43:15.102 | INFO     | scraper.proxy_manager:_health_check:104 - Proxy health check passed: http://35jovid14xin:***@65.111.21.190:3129 -> 65.111.21.190
2026-08-15 00:43:15.589 | INFO     | scraper.tasks:scrape_company:64 - [tofler] Scraping company: https://www.tofler.in/lacy-limited/company/L15511DL1985PLC021272
2026-08-15 00:43:16.097 | INFO     | scraper.proxy_manager:_health_check:104 - Proxy health check passed: http://35jovid14xin:***@216.26.255.71:3129 -> 216.26.255.71
2026-08-15 00:43:16.182 | INFO     | scraper.tasks:scrape_company:64 - [tofler] Scraping company: https://www.tofler.in/hindustan-breweries-and-bottling-limited/company/L15549DL1909PLC005478
2026-08-15 00:43:16.214 | INFO     | scraper.tasks:scrape_company:64 - [tofler] Scraping company: https://www.tofler.in/john-oakey-and-mohan-limited/company/L15549DL1962PLC003726
2026-08-15 00:43:16.658 | INFO     | scraper.proxy_manager:_health_check:104 - Proxy health check passed: http://35jovid14xin:***@209.50.163.24:3129 -> 209.50.163.24
2026-08-15 00:43:23.017 | INFO     | scraper.tasks:_scrape_target:81 - [tofler] page 1: 30 records
2026-08-15 00:43:28.734 | INFO     | scraper.tasks:scrape_company:64 - [tofler] Scraping company: https://www.tofler.in/elitecon-international-limited/company/L16000DL1987PLC396234
2026-08-15 00:43:29.168 | INFO     | scraper.proxy_manager:_health_check:104 - Proxy health check passed: http://35jovid14xin:***@65.111.7.112:3129 -> 65.111.7.112
2026-08-15 00:43:29.170 | INFO     | scraper.tasks:scrape_company:64 - [tofler] Scraping company: https://www.tofler.in/srm-energy-limited/company/L17100DL1985PLC303047
2026-08-15 00:43:29.616 | INFO     | scraper.proxy_manager:_health_check:104 - Proxy health check passed: http://35jovid14xin:***@209.50.172.155:3129 -> 209.50.172.155
2026-08-15 00:43:29.617 | INFO     | scraper.tasks:scrape_company:64 - [tofler] Scraping company: https://www.tofler.in/sidhartha-super-spinning-mills-limited/company/L17111DL1980PLC010814
2026-08-15 00:43:30.062 | INFO     | scraper.proxy_manager:_health_check:104 - Proxy health check passed: http://35jovid14xin:***@65.111.11.12:3129 -> 65.111.11.12
2026-08-15 00:43:30.063 | INFO     | scraper.tasks:scrape_company:64 - [tofler] Scraping company: https://www.tofler.in/unifinz-capital-india-limited/company/L17111DL1982PLC013790
2026-08-15 00:43:30.552 | INFO     | scraper.proxy_manager:_health_check:104 - Proxy health check passed: http://35jovid14xin:***@209.50.184.140:3129 -> 209.50.184.140
2026-08-15 00:43:30.553 | INFO     | scraper.tasks:scrape_company:64 - [tofler] Scraping company: https://www.tofler.in/fiber-plus-industries-limited/company/L17120DL1984PLC018729
2026-08-15 00:43:31.070 | INFO     | scraper.proxy_manager:_health_check:104 - Proxy health check passed: http://35jovid14xin:***@151.123.178.84:3129 -> 151.123.178.84
2026-08-15 00:43:31.072 | INFO     | scraper.tasks:scrape_company:64 - [tofler] Scraping company: https://www.tofler.in/lorenzini-apparels-limited/company/L17120DL2007PLC163192
2026-08-15 00:43:31.750 | INFO     | scraper.proxy_manager:_health_check:104 - Proxy health check passed: http://35jovid14xin:***@209.50.186.136:3129 -> 209.50.186.136
2026-08-15 00:43:35.835 | INFO     | scraper.tasks:scrape_company:64 - [tofler] Scraping company: https://www.tofler.in/aplaya-creations-limited/company/L17122DL1996PLC332121
2026-08-15 00:43:36.344 | INFO     | scraper.proxy_manager:_health_check:104 - Proxy health check passed: http://35jovid14xin:***@209.50.183.4:3129 -> 209.50.183.4
2026-08-15 00:43:36.428 | INFO     | scraper.tasks:scrape_company:64 - [tofler] Scraping company: https://www.tofler.in/n-k-textile-industries-ltd/company/L17299DL1983PLC163230
2026-08-15 00:43:37.015 | INFO     | scraper.proxy_manager:_health_check:104 - Proxy health check passed: http://35jovid14xin:***@216.26.244.197:3129 -> 216.26.244.197
2026-08-15 00:43:37.064 | INFO     | scraper.tasks:scrape_company:64 - [tofler] Scraping company: https://www.tofler.in/sru-steels-limited/company/L17300DL1995PLC107286
2026-08-15 00:43:37.575 | INFO     | scraper.proxy_manager:_health_check:104 - Proxy health check passed: http://35jovid14xin:***@65.111.30.48:3129 -> 65.111.30.48
2026-08-15 00:43:37.641 | INFO     | scraper.tasks:scrape_company:64 - [tofler] Scraping company: https://www.tofler.in/dcm-nouvelle-limited/company/L17309DL2016PLC307204
2026-08-15 00:43:38.076 | INFO     | scraper.proxy_manager:_health_check:104 - Proxy health check passed: http://35jovid14xin:***@209.50.171.216:3129 -> 209.50.171.216
2026-08-15 00:43:38.159 | INFO     | scraper.tasks:scrape_company:64 - [tofler] Scraping company: https://www.tofler.in/a-f-enterprises-limited/company/L18100DL1983PLC016354
2026-08-15 00:43:38.213 | INFO     | scraper.tasks:scrape_company:64 - [tofler] Scraping company: https://www.tofler.in/srf-limited/company/L18101DL1970PLC005197
2026-08-15 00:43:38.715 | INFO     | scraper.proxy_manager:_health_check:104 - Proxy health check passed: http://35jovid14xin:***@45.3.47.200:3129 -> 45.3.47.200
2026-08-15 00:43:42.248 | INFO     | scraper.tasks:scrape_company:64 - [tofler] Scraping company: https://www.tofler.in/arth-udyog-limited/company/L18101DL1971PLC028813
2026-08-15 00:43:42.736 | INFO     | scraper.proxy_manager:_health_check:104 - Proxy health check passed: http://35jovid14xin:***@65.111.2.54:3129 -> 65.111.2.54
2026-08-15 00:43:42.835 | INFO     | scraper.tasks:scrape_company:64 - [tofler] Scraping company: https://www.tofler.in/t-t-limited/company/L18101DL1978PLC009241
2026-08-15 00:43:42.870 | INFO     | scraper.tasks:scrape_company:64 - [tofler] Scraping company: https://www.tofler.in/mayfair-fabrics-limited/company/L18101DL1983PLC027286
2026-08-15 00:43:43.303 | INFO     | scraper.proxy_manager:_health_check:104 - Proxy health check passed: http://35jovid14xin:***@216.26.225.103:3129 -> 216.26.225.103
2026-08-15 00:43:43.350 | INFO     | scraper.tasks:scrape_company:64 - [tofler] Scraping company: https://www.tofler.in/paloma-knitwear-international-limited/company/L18101DL1984PLC019544
2026-08-15 00:43:43.405 | INFO     | scraper.tasks:scrape_company:64 - [tofler] Scraping company: https://www.tofler.in/riba-textiles-limited/company/L18101DL1989PLC034528
2026-08-15 00:43:43.901 | INFO     | scraper.proxy_manager:_health_check:104 - Proxy health check passed: http://35jovid14xin:***@216.26.251.174:3129 -> 216.26.251.174
2026-08-15 00:43:44.507 | INFO     | scraper.tasks:scrape_company:64 - [tofler] Scraping company: https://www.tofler.in/regal-enterprises-ltd/company/L18101DL1989PLC269075
2026-08-15 00:43:45.017 | INFO     | scraper.proxy_manager:_health_check:104 - Proxy health check passed: http://35jovid14xin:***@209.50.190.159:3129 -> 209.50.190.159
2026-08-15 00:43:47.759 | INFO     | scraper.tasks:scrape_company:64 - [tofler] Scraping company: https://www.tofler.in/avsl-industries-limited/company/L18101DL2003PLC121698
2026-08-15 00:43:49.264 | INFO     | scraper.proxy_manager:_health_check:104 - Proxy health check passed: http://35jovid14xin:***@104.207.58.28:3129 -> 104.207.58.28
2026-08-15 00:43:49.344 | INFO     | scraper.tasks:scrape_company:64 - [tofler] Scraping company: https://www.tofler.in/indosolar-limited/company/L18101DL2005PLC134879
2026-08-15 00:43:49.738 | INFO     | scraper.tasks:scrape_company:64 - [tofler] Scraping company: https://www.tofler.in/munak-galva-sheets-limited/company/L20765DL1985PLC020765
2026-08-15 00:43:49.790 | INFO     | scraper.tasks:scrape_company:64 - [tofler] Scraping company: https://www.tofler.in/shree-krishna-paper-mills-and-industries-ltd/company/L21012DL1972PLC279773
2026-08-15 00:43:50.218 | WARNING  | scraper.proxy_manager:_health_check:108 - Proxy health check failed: http://35jovid14xin:***@65.111.4.104:3129 - 429 Client Error: Not Enough Connections for url: http://httpbin.org/ip
2026-08-15 00:43:50.660 | INFO     | scraper.proxy_manager:_health_check:104 - Proxy health check passed: http://35jovid14xin:***@104.207.45.151:3129 -> 104.207.45.151
2026-08-15 00:43:50.717 | INFO     | scraper.tasks:scrape_company:64 - [tofler] Scraping company: https://www.tofler.in/greenlam-industries-limited/company/L21016DL2013PLC386045
2026-08-15 00:43:50.749 | INFO     | scraper.tasks:scrape_company:64 - [tofler] Scraping company: https://www.tofler.in/b-j-duplex-boards-limited/company/L21090DL1995PLC066281
2026-08-15 00:43:51.195 | INFO     | scraper.proxy_manager:_health_check:104 - Proxy health check passed: http://35jovid14xin:***@209.50.170.112:3129 -> 209.50.170.112
2026-08-15 00:43:53.219 | INFO     | scraper.tasks:scrape_company:64 - [tofler] Scraping company: https://www.tofler.in/haryana-coated-papers-limited/company/L21093DL1971PLC005669
2026-08-15 00:43:53.712 | INFO     | scraper.proxy_manager:_health_check:104 - Proxy health check passed: http://35jovid14xin:***@209.50.177.237:3129 -> 209.50.177.237
2026-08-15 00:43:54.441 | INFO     | scraper.tasks:scrape_company:64 - [tofler] Scraping company: https://www.tofler.in/polymer-papers-limited/company/L21093DL1974PLC007495
2026-08-15 00:43:56.135 | INFO     | scraper.tasks:scrape_company:64 - [tofler] Scraping company: https://www.tofler.in/magnum-ventures-limited/company/L21093DL1980PLC010492
2026-08-15 00:43:56.707 | INFO     | scraper.proxy_manager:_health_check:104 - Proxy health check passed: http://35jovid14xin:***@216.26.252.117:3129 -> 216.26.252.117
2026-08-15 00:43:56.758 | INFO     | scraper.tasks:scrape_company:64 - [tofler] Scraping company: https://www.tofler.in/mohit-paper-mills-limited/company/L21093DL1992PLC116600
2026-08-15 00:43:57.282 | INFO     | scraper.proxy_manager:_health_check:104 - Proxy health check passed: http://35jovid14xin:***@216.26.255.49:3129 -> 216.26.255.49
2026-08-15 00:43:57.320 | INFO     | scraper.tasks:scrape_company:64 - [tofler] Scraping company: https://www.tofler.in/buy-right-impex-limited/company/L22100DL1983PLC314401
2026-08-15 00:43:57.380 | INFO     | scraper.tasks:scrape_company:64 - [tofler] Scraping company: https://www.tofler.in/ht-media-limited/company/L22121DL2002PLC117874
2026-08-15 00:44:01.679 | INFO     | scraper.tasks:_scrape_target:81 - [tofler] page 2: 30 records
2026-08-15 00:44:05.437 | INFO     | scraper.tasks:scrape_company:64 - [tofler] Scraping company: https://www.tofler.in/ett-limited/company/L22122DL1993PLC123728
2026-08-15 00:44:05.886 | INFO     | scraper.proxy_manager:_health_check:104 - Proxy health check passed: http://35jovid14xin:***@209.50.169.126:3129 -> 209.50.169.126
2026-08-15 00:44:05.887 | INFO     | scraper.tasks:scrape_company:64 - [tofler] Scraping company: https://www.tofler.in/kairosoft-ai-solutions-limited/company/L22209DL1982PLC256291
2026-08-15 00:44:06.399 | INFO     | scraper.proxy_manager:_health_check:104 - Proxy health check passed: http://35jovid14xin:***@45.3.42.206:3129 -> 45.3.42.206
2026-08-15 00:44:06.401 | INFO     | scraper.tasks:scrape_company:64 - [tofler] Scraping company: https://www.tofler.in/s-chand-and-company-limited/company/L22219DL1970PLC005400
2026-08-15 00:44:06.403 | INFO     | scraper.tasks:scrape_company:64 - [tofler] Scraping company: https://www.tofler.in/shree-jagdambe-paper-mills-ltd/company/L22219DL1980PLC167850
2026-08-15 00:44:06.404 | INFO     | scraper.tasks:scrape_company:64 - [tofler] Scraping company: https://www.tofler.in/coral-newsprints-limited/company/L22219DL1992PLC048398
2026-08-15 00:44:06.406 | INFO     | scraper.tasks:scrape_company:64 - [tofler] Scraping company: https://www.tofler.in/creative-graphics-solutions-india-limited/company/L22219DL2014PLC263964
2026-08-15 00:44:10.430 | INFO     | scraper.tasks:scrape_company:64 - [tofler] Scraping company: https://www.tofler.in/maxposure-limited/company/L22229DL2006PLC152087
2026-08-15 00:44:10.938 | INFO     | scraper.proxy_manager:_health_check:104 - Proxy health check passed: http://35jovid14xin:***@104.207.63.18:3129 -> 104.207.63.18
2026-08-15 00:44:11.019 | INFO     | scraper.tasks:scrape_company:64 - [tofler] Scraping company: https://www.tofler.in/indraprastha-gas-limited/company/L23201DL1998PLC097614
2026-08-15 00:44:11.069 | INFO     | scraper.tasks:scrape_company:64 - [tofler] Scraping company: https://www.tofler.in/salasar-techno-engineering-limited/company/L23201DL2001PLC174076
2026-08-15 00:44:11.488 | INFO     | scraper.tasks:scrape_company:64 - [tofler] Scraping company: https://www.tofler.in/sanco-industries-limited/company/L24100DL1989PLC035549
2026-08-15 00:44:11.975 | INFO     | scraper.proxy_manager:_health_check:104 - Proxy health check passed: http://35jovid14xin:***@216.26.251.151:3129 -> 216.26.251.151
2026-08-15 00:44:12.061 | INFO     | scraper.tasks:scrape_company:64 - [tofler] Scraping company: https://www.tofler.in/fabino-life-sciences-limited/company/L24100DL2011PLC226781
2026-08-15 00:44:12.096 | INFO     | scraper.tasks:scrape_company:64 - [tofler] Scraping company: https://www.tofler.in/shreekant-chemical-industries-limited/company/L24119DL1981PLC040762
2026-08-15 00:44:12.583 | INFO     | scraper.proxy_manager:_health_check:104 - Proxy health check passed: http://35jovid14xin:***@45.3.52.242:3129 -> 45.3.52.242
2026-08-15 00:44:14.842 | INFO     | scraper.tasks:scrape_company:64 - [tofler] Scraping company: https://www.tofler.in/galore-prints-industries-limited/company/L24119DL1988PLC031866
2026-08-15 00:44:14.882 | INFO     | scraper.tasks:scrape_company:64 - [tofler] Scraping company: https://www.tofler.in/bharat-rasayan-limited/company/L24119DL1989PLC036264
2026-08-15 00:44:16.790 | INFO     | scraper.tasks:scrape_company:64 - [tofler] Scraping company: https://www.tofler.in/hpc-biosciences-limited/company/L24119DL2002PLC114026
2026-08-15 00:44:17.062 | INFO     | scraper.tasks:scrape_company:64 - [tofler] Scraping company: https://www.tofler.in/florence-investech-limited/company/L24211DL1993PLC254964
2026-08-15 00:44:17.505 | INFO     | scraper.proxy_manager:_health_check:104 - Proxy health check passed: http://35jovid14xin:***@209.50.173.254:3129 -> 209.50.173.254
2026-08-15 00:44:18.076 | INFO     | scraper.tasks:scrape_company:64 - [tofler] Scraping company: https://www.tofler.in/dhanuka-agritech-limited/company/L24219DL1985PLC020126
2026-08-15 00:44:18.167 | INFO     | scraper.tasks:scrape_company:64 - [tofler] Scraping company: https://www.tofler.in/sirca-paints-india-limited/company/L24219DL2006PLC145092
2026-08-15 00:44:18.597 | INFO     | scraper.tasks:scrape_company:64 - [tofler] Scraping company: https://www.tofler.in/dabur-india-limited/company/L24230DL1975PLC007908
2026-08-15 00:44:19.769 | INFO     | scraper.tasks:scrape_company:64 - [tofler] Scraping company: https://www.tofler.in/sterling-webnet-limited/company/L24230DL1995PLC170660
2026-08-15 00:44:23.155 | INFO     | scraper.tasks:scrape_company:64 - [tofler] Scraping company: https://www.tofler.in/indraprastha-medical-corporation-limited/company/L24232DL1988PLC030958
2026-08-15 00:44:24.026 | INFO     | scraper.tasks:scrape_company:64 - [tofler] Scraping company: https://www.tofler.in/welcure-drugs-and-pharmaceuticals-limited/company/L24232DL1996PLC227773
2026-08-15 00:44:24.065 | INFO     | scraper.tasks:scrape_company:64 - [tofler] Scraping company: https://www.tofler.in/safal-herbs-limited/company/L24233DL1994PLC290133
2026-08-15 00:44:24.225 | INFO     | scraper.tasks:scrape_company:64 - [tofler] Scraping company: https://www.tofler.in/ram-minerals-and-chemicals-limited/company/L24233DL2011PLC282949
2026-08-15 00:44:24.711 | INFO     | scraper.proxy_manager:_health_check:104 - Proxy health check passed: http://35jovid14xin:***@216.26.236.12:3129 -> 216.26.236.12
2026-08-15 00:44:27.282 | INFO     | scraper.tasks:scrape_company:64 - [tofler] Scraping company: https://www.tofler.in/twenty-first-century-medicare-limited/company/L24239DL1985PLC022113
2026-08-15 00:44:27.945 | INFO     | scraper.proxy_manager:_health_check:104 - Proxy health check passed: http://35jovid14xin:***@195.63.31.72:3129 -> 195.63.31.72
2026-08-15 00:44:28.041 | INFO     | scraper.tasks:scrape_company:64 - [tofler] Scraping company: https://www.tofler.in/anmol-drugs-and-pharmaceuticals-limited/company/L24239DL1986PLC025187
2026-08-15 00:44:28.756 | INFO     | scraper.tasks:scrape_company:64 - [tofler] Scraping company: https://www.tofler.in/akums-drugs-and-pharmaceuticals-limited/company/L24239DL2004PLC125888
2026-08-15 00:44:29.198 | INFO     | scraper.proxy_manager:_health_check:104 - Proxy health check passed: http://35jovid14xin:***@104.207.36.145:3129 -> 104.207.36.145
2026-08-15 00:44:29.201 | WARNING  | scraper.fetcher:fetch_page:89 - Proxy connection error, marking bad immediately: http://35jovid14xin:***@104.207.53.148:3129
2026-08-15 00:44:29.202 | WARNING  | scraper.proxy_manager:mark_bad:114 - Proxy marked bad, cooling down 300s: http://35jovid14xin:***@104.207.53.148:3129
2026-08-15 00:44:29.268 | INFO     | scraper.tasks:scrape_company:64 - [tofler] Scraping company: https://www.tofler.in/sunil-healthcare-limited/company/L24302DL1973PLC189662
2026-08-15 00:44:29.310 | INFO     | scraper.tasks:scrape_company:64 - [tofler] Scraping company: https://www.tofler.in/jasch-industries-limited/company/L24302DL1985PLC383771
2026-08-15 00:44:29.740 | INFO     | scraper.proxy_manager:_health_check:104 - Proxy health check passed: http://35jovid14xin:***@216.26.231.123:3129 -> 216.26.231.123
2026-08-15 00:44:30.576 | INFO     | scraper.tasks:scrape_company:64 - [tofler] Scraping company: https://www.tofler.in/jain-tube-company-limited/company/L25111DL1964PLC004235
2026-08-15 00:44:35.830 | INFO     | scraper.tasks:_scrape_target:81 - [tofler] page 3: 30 records
2026-08-15 00:44:40.912 | INFO     | scraper.tasks:scrape_company:64 - [tofler] Scraping company: https://www.tofler.in/vikas-lifecare-limited/company/L25111DL1995PLC073719
2026-08-15 00:44:41.414 | INFO     | scraper.proxy_manager:_health_check:104 - Proxy health check passed: http://35jovid14xin:***@104.207.54.71:3129 -> 104.207.54.71
2026-08-15 00:44:41.416 | INFO     | scraper.tasks:scrape_company:64 - [tofler] Scraping company: https://www.tofler.in/cosco-india-limited/company/L25199DL1980PLC010173
2026-08-15 00:44:41.934 | INFO     | scraper.proxy_manager:_health_check:104 - Proxy health check passed: http://35jovid14xin:***@209.50.183.137:3129 -> 209.50.183.137
2026-08-15 00:44:41.936 | INFO     | scraper.tasks:scrape_company:64 - [tofler] Scraping company: https://www.tofler.in/a-g-universal-limited/company/L25200DL2008PLC178400
2026-08-15 00:44:41.938 | INFO     | scraper.tasks:scrape_company:64 - [tofler] Scraping company: https://www.tofler.in/padmini-technologies-limited/company/L25202DL1990PLC039395
2026-08-15 00:44:42.429 | INFO     | scraper.proxy_manager:_health_check:104 - Proxy health check passed: http://35jovid14xin:***@45.3.41.44:3129 -> 45.3.41.44
2026-08-15 00:44:42.431 | INFO     | scraper.tasks:scrape_company:64 - [tofler] Scraping company: https://www.tofler.in/pearl-polymers-limited/company/L25209DL1971PLC005535
2026-08-15 00:44:42.938 | INFO     | scraper.proxy_manager:_health_check:104 - Proxy health check passed: http://35jovid14xin:***@209.50.191.234:3129 -> 209.50.191.234
2026-08-15 00:44:42.940 | INFO     | scraper.tasks:scrape_company:64 - [tofler] Scraping company: https://www.tofler.in/premier-polyfilm-limited/company/L25209DL1992PLC049590
2026-08-15 00:44:47.132 | INFO     | scraper.tasks:scrape_company:64 - [tofler] Scraping company: https://www.tofler.in/asahi-india-glass-limited/company/L26102DL1984PLC019542
2026-08-15 00:44:47.209 | INFO     | scraper.tasks:scrape_company:64 - [tofler] Scraping company: https://www.tofler.in/bcl-enterprises-limited/company/L26102DL1985PLC021467
2026-08-15 00:44:47.302 | INFO     | scraper.tasks:scrape_company:64 - [tofler] Scraping company: https://www.tofler.in/sahasra-electronic-solutions-limited/company/L26202DL2023PLC410521
2026-08-15 00:44:47.622 | INFO     | scraper.tasks:scrape_company:64 - [tofler] Scraping company: https://www.tofler.in/rrp-defense-limited/company/L26515DL1981PLC012621
2026-08-15 00:44:48.055 | INFO     | scraper.tasks:scrape_company:64 - [tofler] Scraping company: https://www.tofler.in/powerful-technologies-limited/company/L26900DL2015PLC277265
2026-08-15 00:44:48.736 | INFO     | scraper.tasks:scrape_company:64 - [tofler] Scraping company: https://www.tofler.in/sainik-finance-and-industries-limited/company/L26912DL1991PLC045449
2026-08-15 00:44:49.219 | INFO     | scraper.proxy_manager:_health_check:104 - Proxy health check passed: http://35jovid14xin:***@45.3.36.10:3129 -> 45.3.36.10
2026-08-15 00:44:52.090 | INFO     | scraper.tasks:scrape_company:64 - [tofler] Scraping company: https://www.tofler.in/ccl-international-limited/company/L26940DL1991PLC044520
2026-08-15 00:44:52.244 | INFO     | scraper.tasks:scrape_company:64 - [tofler] Scraping company: https://www.tofler.in/rcc-cements-limited/company/L26942DL1991PLC043776
2026-08-15 00:44:52.301 | INFO     | scraper.tasks:scrape_company:64 - [tofler] Scraping company: https://www.tofler.in/kalyani-cast-tech-limited/company/L26990DL2012PLC242760
2026-08-15 00:44:52.742 | INFO     | scraper.proxy_manager:_health_check:104 - Proxy health check passed: http://35jovid14xin:***@45.3.32.31:3129 -> 45.3.32.31
2026-08-15 00:44:53.542 | INFO     | scraper.tasks:scrape_company:64 - [tofler] Scraping company: https://www.tofler.in/obsc-perfection-limited/company/L27100DL2017PLC314606
2026-08-15 00:44:53.635 | WARNING  | scraper.fetcher:fetch_page:89 - Proxy connection error, marking bad immediately: http://35jovid14xin:***@45.3.37.13:3129
2026-08-15 00:44:53.635 | WARNING  | scraper.proxy_manager:mark_bad:114 - Proxy marked bad, cooling down 300s: http://35jovid14xin:***@45.3.37.13:3129
2026-08-15 00:44:53.672 | WARNING  | scraper.fetcher:fetch_page:89 - Proxy connection error, marking bad immediately: http://35jovid14xin:***@45.3.32.31:3129
2026-08-15 00:44:53.672 | WARNING  | scraper.proxy_manager:mark_bad:114 - Proxy marked bad, cooling down 300s: http://35jovid14xin:***@45.3.32.31:3129
2026-08-15 00:44:53.956 | INFO     | scraper.tasks:scrape_company:64 - [tofler] Scraping company: https://www.tofler.in/niraj-ispat-industries-limited/company/L27106DL1985PLC021811
2026-08-15 00:44:54.469 | INFO     | scraper.proxy_manager:_health_check:104 - Proxy health check passed: http://35jovid14xin:***@45.3.45.220:3129 -> 45.3.45.220
2026-08-15 00:44:54.920 | INFO     | scraper.tasks:scrape_company:64 - [tofler] Scraping company: https://www.tofler.in/hindustan-tin-works-limited/company/L27109DL1958PLC003006
2026-08-15 00:44:58.413 | INFO     | scraper.tasks:scrape_company:64 - [tofler] Scraping company: https://www.tofler.in/rathi-steel-and-power-limited/company/L27109DL1971PLC005905
2026-08-15 00:44:58.479 | INFO     | scraper.tasks:scrape_company:64 - [tofler] Scraping company: https://www.tofler.in/steel-authority-of-india-limited/company/L27109DL1973GOI006454
2026-08-15 00:44:58.928 | INFO     | scraper.proxy_manager:_health_check:104 - Proxy health check passed: http://35jovid14xin:***@104.167.25.196:3129 -> 104.167.25.196
2026-08-15 00:44:59.007 | INFO     | scraper.tasks:scrape_company:64 - [tofler] Scraping company: https://www.tofler.in/bihariji-ispat-udyog-limited/company/L27109DL1974PLC007047
2026-08-15 00:44:59.487 | INFO     | scraper.tasks:scrape_company:64 - [tofler] Scraping company: https://www.tofler.in/quod-ispat-limited/company/L27109DL1985PLC021183
2026-08-15 00:44:59.926 | INFO     | scraper.tasks:scrape_company:64 - [tofler] Scraping company: https://www.tofler.in/novex-commercials-limited/company/L27109DL1985PLC021428
2026-08-15 00:45:00.310 | INFO     | scraper.tasks:scrape_company:64 - [tofler] Scraping company: https://www.tofler.in/mbl-infrastructure-limited/company/L27109DL1995PLC338407
2026-08-15 00:45:00.821 | INFO     | scraper.proxy_manager:_health_check:104 - Proxy health check passed: http://35jovid14xin:***@216.26.244.72:3129 -> 216.26.244.72
2026-08-15 00:45:03.141 | INFO     | scraper.tasks:scrape_company:64 - [tofler] Scraping company: https://www.tofler.in/gallantt-ispat-limited/company/L27109DL2005PLC350524
2026-08-15 00:45:03.607 | INFO     | scraper.proxy_manager:_health_check:104 - Proxy health check passed: http://35jovid14xin:***@65.111.5.3:3129 -> 65.111.5.3
2026-08-15 00:45:04.028 | INFO     | scraper.tasks:scrape_company:64 - [tofler] Scraping company: https://www.tofler.in/shriniwas-steel-limited/company/L27189DL1987PLC028846
2026-08-15 00:45:04.068 | INFO     | scraper.tasks:scrape_company:64 - [tofler] Scraping company: https://www.tofler.in/rama-steel-tubes-limited/company/L27201DL1974PLC007114
2026-08-15 00:45:04.341 | INFO     | scraper.tasks:scrape_company:64 - [tofler] Scraping company: https://www.tofler.in/hi-tech-pipes-ltd/company/L27202DL1985PLC019750
2026-08-15 00:45:05.314 | INFO     | scraper.tasks:scrape_company:64 - [tofler] Scraping company: https://www.tofler.in/aravali-industries-limited/company/L27209DL1984PLC017816
2026-08-15 00:45:07.341 | INFO     | scraper.tasks:scrape_company:64 - [tofler] Scraping company: https://www.tofler.in/mfs-intercorp-limited/company/L27209DL1986PLC254555
2026-08-15 00:45:11.145 | INFO     | scraper.tasks:_scrape_target:81 - [tofler] page 4: 30 records
2026-08-15 00:45:11.195 | INFO     | scraper.browser:stop:48 - Browser closed
2026-08-15 00:48:19.669 | INFO     | scraper.browser:start:41 - Browser launched
2026-08-15 00:48:20.176 | INFO     | scraper.proxy_manager:_health_check:104 - Proxy health check passed: http://35jovid14xin:***@45.3.41.225:3129 -> 45.3.41.225
2026-08-15 00:48:26.501 | INFO     | scraper.tasks:scrape_company:64 - [tofler] Scraping company: https://www.tofler.in/omansh-enterprises-limited/company/L01100DL1974PLC241646
2026-08-15 00:48:26.992 | INFO     | scraper.proxy_manager:_health_check:104 - Proxy health check passed: http://35jovid14xin:***@216.26.242.32:3129 -> 216.26.242.32
2026-08-15 00:48:27.001 | INFO     | scraper.tasks:scrape_company:64 - [tofler] Scraping company: https://www.tofler.in/pajson-agro-india-limited/company/L01100DL2021PLC386740
2026-08-15 00:48:27.500 | INFO     | scraper.proxy_manager:_health_check:104 - Proxy health check passed: http://35jovid14xin:***@195.63.31.72:3129 -> 195.63.31.72
2026-08-15 00:48:27.508 | INFO     | scraper.tasks:scrape_company:64 - [tofler] Scraping company: https://www.tofler.in/continental-seeds-and-chemicals-limited/company/L01111DL1983PLC015969
2026-08-15 00:48:27.996 | INFO     | scraper.proxy_manager:_health_check:104 - Proxy health check passed: http://35jovid14xin:***@65.111.5.3:3129 -> 65.111.5.3
2026-08-15 00:48:28.006 | INFO     | scraper.tasks:scrape_company:64 - [tofler] Scraping company: https://www.tofler.in/semaya-limited/company/L01111DL1985PLC021268
2026-08-15 00:48:29.020 | INFO     | scraper.proxy_manager:_health_check:104 - Proxy health check passed: http://35jovid14xin:***@65.111.3.154:3129 -> 65.111.3.154
2026-08-15 00:48:29.030 | INFO     | scraper.tasks:scrape_company:64 - [tofler] Scraping company: https://www.tofler.in/krbl-limited/company/L01111DL1993PLC052845
2026-08-15 00:48:29.037 | INFO     | scraper.tasks:scrape_company:64 - [tofler] Scraping company: https://www.tofler.in/dr-m-induscorp-limited/company/L01119DL1986PLC023698
2026-08-15 00:48:29.564 | INFO     | scraper.proxy_manager:_health_check:104 - Proxy health check passed: http://35jovid14xin:***@104.207.53.148:3129 -> 104.207.53.148
2026-08-15 00:48:33.698 | INFO     | scraper.tasks:scrape_company:64 - [tofler] Scraping company: https://www.tofler.in/hindustan-agrigentics-limited/company/L01119DL1990PLC040979
2026-08-15 00:48:34.148 | INFO     | scraper.proxy_manager:_health_check:104 - Proxy health check passed: http://35jovid14xin:***@209.50.175.52:3129 -> 209.50.175.52
2026-08-15 00:48:34.216 | INFO     | scraper.tasks:scrape_company:64 - [tofler] Scraping company: https://www.tofler.in/aayush-wellness-limited/company/L01122DL1984PLC018307
2026-08-15 00:48:34.653 | INFO     | scraper.proxy_manager:_health_check:104 - Proxy health check passed: http://35jovid14xin:***@209.50.170.112:3129 -> 209.50.170.112
2026-08-15 00:48:35.009 | INFO     | scraper.tasks:scrape_company:64 - [tofler] Scraping company: https://www.tofler.in/sc-agrotech-limited/company/L01122DL1990PLC042207
2026-08-15 00:48:35.533 | INFO     | scraper.proxy_manager:_health_check:104 - Proxy health check passed: http://35jovid14xin:***@209.50.183.4:3129 -> 209.50.183.4
2026-08-15 00:48:35.604 | INFO     | scraper.tasks:scrape_company:64 - [tofler] Scraping company: https://www.tofler.in/shivamshree-businesses-limited/company/L01403DL1983PLC015704
2026-08-15 00:48:36.116 | INFO     | scraper.proxy_manager:_health_check:104 - Proxy health check passed: http://35jovid14xin:***@65.111.30.48:3129 -> 65.111.30.48
2026-08-15 00:48:36.178 | INFO     | scraper.tasks:scrape_company:64 - [tofler] Scraping company: https://www.tofler.in/fratelli-vineyards-limited/company/L11020DL2009PLC186397
2026-08-15 00:48:36.622 | INFO     | scraper.proxy_manager:_health_check:104 - Proxy health check passed: http://35jovid14xin:***@209.50.169.126:3129 -> 209.50.169.126
2026-08-15 00:48:38.137 | INFO     | scraper.tasks:scrape_company:64 - [tofler] Scraping company: https://www.tofler.in/landmark-property-development-company-limited/company/L13100DL1976PLC188942
2026-08-15 00:48:38.650 | INFO     | scraper.proxy_manager:_health_check:104 - Proxy health check passed: http://35jovid14xin:***@151.123.178.84:3129 -> 151.123.178.84
2026-08-15 00:48:39.774 | INFO     | scraper.tasks:scrape_company:64 - [tofler] Scraping company: https://www.tofler.in/spl-industries-limited/company/L13139DL1991PLC062744
2026-08-15 00:48:40.217 | INFO     | scraper.proxy_manager:_health_check:104 - Proxy health check passed: http://35jovid14xin:***@104.207.36.145:3129 -> 104.207.36.145
2026-08-15 00:48:40.285 | INFO     | scraper.tasks:scrape_company:64 - [tofler] Scraping company: https://www.tofler.in/sajjan-commercial-enterprises-ltd/company/L13203DL1985PLC021536
2026-08-15 00:48:40.733 | INFO     | scraper.proxy_manager:_health_check:104 - Proxy health check passed: http://35jovid14xin:***@216.26.230.52:3129 -> 216.26.230.52
2026-08-15 00:48:40.806 | INFO     | scraper.tasks:scrape_company:64 - [tofler] Scraping company: https://www.tofler.in/hoac-foods-india-limited/company/L15120DL2018PLC330739
2026-08-15 00:48:41.127 | WARNING  | scraper.proxy_manager:_health_check:108 - Proxy health check failed: http://35jovid14xin:***@45.3.47.200:3129 - 429 Client Error: Not Enough Connections for url: http://httpbin.org/ip
2026-08-15 00:48:41.598 | INFO     | scraper.tasks:scrape_company:64 - [tofler] Scraping company: https://www.tofler.in/devyani-international-limited/company/L15135DL1991PLC046758
2026-08-15 00:48:41.915 | WARNING  | scraper.proxy_manager:_health_check:108 - Proxy health check failed: http://35jovid14xin:***@216.26.252.117:3129 - 429 Client Error: Not Enough Connections for url: http://httpbin.org/ip
2026-08-15 00:48:42.397 | INFO     | scraper.proxy_manager:_health_check:104 - Proxy health check passed: http://35jovid14xin:***@45.3.53.10:3129 -> 45.3.53.10
2026-08-15 00:48:43.105 | INFO     | scraper.tasks:scrape_company:64 - [tofler] Scraping company: https://www.tofler.in/modi-naturals-limited/company/L15142DL1974PLC007349
2026-08-15 00:48:43.749 | INFO     | scraper.proxy_manager:_health_check:104 - Proxy health check passed: http://35jovid14xin:***@216.26.255.71:3129 -> 216.26.255.71
2026-08-15 00:48:45.906 | INFO     | scraper.tasks:scrape_company:64 - [tofler] Scraping company: https://www.tofler.in/reliance-infotek-limited/company/L15142DL1987PLC029899
2026-08-15 00:48:46.350 | INFO     | scraper.proxy_manager:_health_check:104 - Proxy health check passed: http://35jovid14xin:***@216.26.225.103:3129 -> 216.26.225.103
2026-08-15 00:48:46.422 | INFO     | scraper.tasks:scrape_company:64 - [tofler] Scraping company: https://www.tofler.in/tarai-foods-limited/company/L15142DL1990PLC039291
2026-08-15 00:48:46.505 | INFO     | scraper.tasks:scrape_company:64 - [tofler] Scraping company: https://www.tofler.in/superior-industrial-enterprises-limited/company/L15142DL1991PLC046469
2026-08-15 00:48:46.937 | INFO     | scraper.proxy_manager:_health_check:104 - Proxy health check passed: http://35jovid14xin:***@104.207.45.151:3129 -> 104.207.45.151
2026-08-15 00:48:47.202 | INFO     | scraper.tasks:scrape_company:64 - [tofler] Scraping company: https://www.tofler.in/nestle-india-limited/company/L15202DL1959PLC003786
2026-08-15 00:48:47.710 | INFO     | scraper.proxy_manager:_health_check:104 - Proxy health check passed: http://35jovid14xin:***@104.207.56.210:3129 -> 104.207.56.210
2026-08-15 00:48:47.807 | INFO     | scraper.tasks:scrape_company:64 - [tofler] Scraping company: https://www.tofler.in/mahavira-foods-limited/company/L15310DL1988PLC033651
2026-08-15 00:48:49.288 | INFO     | scraper.proxy_manager:_health_check:104 - Proxy health check passed: http://35jovid14xin:***@104.207.48.237:3129 -> 104.207.48.237
2026-08-15 00:48:49.354 | INFO     | scraper.tasks:scrape_company:64 - [tofler] Scraping company: https://www.tofler.in/kumar-food-industries-limited/company/L15310DL1991PLC043456
2026-08-15 00:48:52.462 | INFO     | scraper.tasks:scrape_company:64 - [tofler] Scraping company: https://www.tofler.in/focus-industrial-resources-limited/company/L15319DL1985PLC021348
2026-08-15 00:48:52.637 | INFO     | scraper.tasks:scrape_company:64 - [tofler] Scraping company: https://www.tofler.in/mahaan-foods-limited/company/L15419DL1987PLC350285
2026-08-15 00:48:53.170 | INFO     | scraper.proxy_manager:_health_check:104 - Proxy health check passed: http://35jovid14xin:***@216.26.253.54:3129 -> 216.26.253.54
2026-08-15 00:48:53.771 | INFO     | scraper.tasks:scrape_company:64 - [tofler] Scraping company: https://www.tofler.in/visisth-chay-vyapar-limited/company/L15491DL1985PLC019848
2026-08-15 00:48:54.274 | INFO     | scraper.proxy_manager:_health_check:104 - Proxy health check passed: http://35jovid14xin:***@209.50.181.214:3129 -> 209.50.181.214
2026-08-15 00:48:55.018 | INFO     | scraper.tasks:scrape_company:64 - [tofler] Scraping company: https://www.tofler.in/regent-enterprises-limited/company/L15500DL1994PLC153183
2026-08-15 00:48:55.542 | INFO     | scraper.proxy_manager:_health_check:104 - Proxy health check passed: http://35jovid14xin:***@45.3.42.206:3129 -> 45.3.42.206
2026-08-15 00:48:56.979 | INFO     | scraper.tasks:scrape_company:64 - [tofler] Scraping company: https://www.tofler.in/lacy-limited/company/L15511DL1985PLC021272
2026-08-15 00:48:57.418 | INFO     | scraper.proxy_manager:_health_check:104 - Proxy health check passed: http://35jovid14xin:***@65.111.2.208:3129 -> 65.111.2.208
2026-08-15 00:48:57.498 | INFO     | scraper.tasks:scrape_company:64 - [tofler] Scraping company: https://www.tofler.in/hindustan-breweries-and-bottling-limited/company/L15549DL1909PLC005478
2026-08-15 00:48:57.535 | INFO     | scraper.tasks:scrape_company:64 - [tofler] Scraping company: https://www.tofler.in/john-oakey-and-mohan-limited/company/L15549DL1962PLC003726
2026-08-15 00:48:58.980 | WARNING  | scraper.proxy_manager:_health_check:108 - Proxy health check failed: http://35jovid14xin:***@65.111.21.190:3129 - 429 Client Error: Not Enough Connections for url: http://httpbin.org/ip
2026-08-15 00:49:00.472 | INFO     | scraper.proxy_manager:_health_check:104 - Proxy health check passed: http://35jovid14xin:***@216.26.236.12:3129 -> 216.26.236.12
2026-08-15 00:49:06.102 | INFO     | scraper.tasks:_scrape_target:81 - [tofler] page 1: 30 records
2026-08-15 00:49:06.601 | INFO     | scraper.proxy_manager:_health_check:104 - Proxy health check passed: http://35jovid14xin:***@45.3.48.207:3129 -> 45.3.48.207
2026-08-15 00:49:11.883 | INFO     | scraper.tasks:scrape_company:64 - [tofler] Scraping company: https://www.tofler.in/elitecon-international-limited/company/L16000DL1987PLC396234
2026-08-15 00:49:12.371 | INFO     | scraper.proxy_manager:_health_check:104 - Proxy health check passed: http://35jovid14xin:***@45.3.46.44:3129 -> 45.3.46.44
2026-08-15 00:49:12.378 | INFO     | scraper.tasks:scrape_company:64 - [tofler] Scraping company: https://www.tofler.in/srm-energy-limited/company/L17100DL1985PLC303047
2026-08-15 00:49:13.131 | INFO     | scraper.proxy_manager:_health_check:104 - Proxy health check passed: http://35jovid14xin:***@65.111.7.112:3129 -> 65.111.7.112
2026-08-15 00:49:13.141 | INFO     | scraper.tasks:scrape_company:64 - [tofler] Scraping company: https://www.tofler.in/sidhartha-super-spinning-mills-limited/company/L17111DL1980PLC010814
2026-08-15 00:49:13.663 | INFO     | scraper.proxy_manager:_health_check:104 - Proxy health check passed: http://35jovid14xin:***@209.50.186.174:3129 -> 209.50.186.174
2026-08-15 00:49:13.668 | INFO     | scraper.tasks:scrape_company:64 - [tofler] Scraping company: https://www.tofler.in/unifinz-capital-india-limited/company/L17111DL1982PLC013790
2026-08-15 00:49:13.675 | INFO     | scraper.tasks:scrape_company:64 - [tofler] Scraping company: https://www.tofler.in/fiber-plus-industries-limited/company/L17120DL1984PLC018729
2026-08-15 00:49:14.282 | INFO     | scraper.proxy_manager:_health_check:104 - Proxy health check passed: http://35jovid14xin:***@45.3.52.242:3129 -> 45.3.52.242
2026-08-15 00:49:14.298 | INFO     | scraper.tasks:scrape_company:64 - [tofler] Scraping company: https://www.tofler.in/lorenzini-apparels-limited/company/L17120DL2007PLC163192
2026-08-15 00:49:14.815 | INFO     | scraper.proxy_manager:_health_check:104 - Proxy health check passed: http://35jovid14xin:***@216.26.252.138:3129 -> 216.26.252.138
2026-08-15 00:49:19.188 | INFO     | scraper.tasks:scrape_company:64 - [tofler] Scraping company: https://www.tofler.in/aplaya-creations-limited/company/L17122DL1996PLC332121
2026-08-15 00:49:19.698 | INFO     | scraper.proxy_manager:_health_check:104 - Proxy health check passed: http://35jovid14xin:***@209.50.184.140:3129 -> 209.50.184.140
2026-08-15 00:49:19.827 | INFO     | scraper.tasks:scrape_company:64 - [tofler] Scraping company: https://www.tofler.in/n-k-textile-industries-ltd/company/L17299DL1983PLC163230
2026-08-15 00:49:20.375 | INFO     | scraper.proxy_manager:_health_check:104 - Proxy health check passed: http://35jovid14xin:***@104.207.58.28:3129 -> 104.207.58.28
2026-08-15 00:49:20.459 | INFO     | scraper.tasks:scrape_company:64 - [tofler] Scraping company: https://www.tofler.in/sru-steels-limited/company/L17300DL1995PLC107286
2026-08-15 00:49:20.581 | INFO     | scraper.tasks:scrape_company:64 - [tofler] Scraping company: https://www.tofler.in/dcm-nouvelle-limited/company/L17309DL2016PLC307204
2026-08-15 00:49:20.936 | INFO     | scraper.tasks:scrape_company:64 - [tofler] Scraping company: https://www.tofler.in/a-f-enterprises-limited/company/L18100DL1983PLC016354
2026-08-15 00:49:21.275 | INFO     | scraper.tasks:scrape_company:64 - [tofler] Scraping company: https://www.tofler.in/srf-limited/company/L18101DL1970PLC005197
2026-08-15 00:49:23.795 | INFO     | scraper.tasks:scrape_company:64 - [tofler] Scraping company: https://www.tofler.in/arth-udyog-limited/company/L18101DL1971PLC028813
2026-08-15 00:49:24.281 | INFO     | scraper.proxy_manager:_health_check:104 - Proxy health check passed: http://35jovid14xin:***@104.207.39.67:3129 -> 104.207.39.67
2026-08-15 00:49:24.368 | INFO     | scraper.tasks:scrape_company:64 - [tofler] Scraping company: https://www.tofler.in/t-t-limited/company/L18101DL1978PLC009241
2026-08-15 00:49:24.913 | INFO     | scraper.proxy_manager:_health_check:104 - Proxy health check passed: http://35jovid14xin:***@209.50.168.70:3129 -> 209.50.168.70
2026-08-15 00:49:25.008 | INFO     | scraper.tasks:scrape_company:64 - [tofler] Scraping company: https://www.tofler.in/mayfair-fabrics-limited/company/L18101DL1983PLC027286
2026-08-15 00:49:25.493 | INFO     | scraper.proxy_manager:_health_check:104 - Proxy health check passed: http://35jovid14xin:***@216.26.232.250:3129 -> 216.26.232.250
2026-08-15 00:49:28.436 | INFO     | scraper.tasks:scrape_company:64 - [tofler] Scraping company: https://www.tofler.in/paloma-knitwear-international-limited/company/L18101DL1984PLC019544
2026-08-15 00:49:29.887 | WARNING  | scraper.proxy_manager:_health_check:108 - Proxy health check failed: http://35jovid14xin:***@45.3.52.9:3129 - 429 Client Error: Not Enough Connections for url: http://httpbin.org/ip
2026-08-15 00:49:29.952 | INFO     | scraper.tasks:scrape_company:64 - [tofler] Scraping company: https://www.tofler.in/riba-textiles-limited/company/L18101DL1989PLC034528
2026-08-15 00:49:30.581 | INFO     | scraper.tasks:scrape_company:64 - [tofler] Scraping company: https://www.tofler.in/regal-enterprises-ltd/company/L18101DL1989PLC269075
2026-08-15 00:49:30.852 | INFO     | scraper.tasks:scrape_company:64 - [tofler] Scraping company: https://www.tofler.in/avsl-industries-limited/company/L18101DL2003PLC121698
2026-08-15 00:49:31.304 | INFO     | scraper.proxy_manager:_health_check:104 - Proxy health check passed: http://35jovid14xin:***@65.111.6.147:3129 -> 65.111.6.147
2026-08-15 00:49:31.378 | INFO     | scraper.tasks:scrape_company:64 - [tofler] Scraping company: https://www.tofler.in/indosolar-limited/company/L18101DL2005PLC134879
2026-08-15 00:49:31.890 | INFO     | scraper.proxy_manager:_health_check:104 - Proxy health check passed: http://35jovid14xin:***@65.111.27.242:3129 -> 65.111.27.242
2026-08-15 00:49:31.948 | INFO     | scraper.tasks:scrape_company:64 - [tofler] Scraping company: https://www.tofler.in/munak-galva-sheets-limited/company/L20765DL1985PLC020765
2026-08-15 00:49:32.466 | INFO     | scraper.proxy_manager:_health_check:104 - Proxy health check passed: http://35jovid14xin:***@216.26.255.2:3129 -> 216.26.255.2
2026-08-15 00:49:34.845 | INFO     | scraper.tasks:scrape_company:64 - [tofler] Scraping company: https://www.tofler.in/shree-krishna-paper-mills-and-industries-ltd/company/L21012DL1972PLC279773
2026-08-15 00:49:35.581 | INFO     | scraper.proxy_manager:_health_check:104 - Proxy health check passed: http://35jovid14xin:***@151.123.176.154:3129 -> 151.123.176.154
2026-08-15 00:49:36.408 | INFO     | scraper.tasks:scrape_company:64 - [tofler] Scraping company: https://www.tofler.in/greenlam-industries-limited/company/L21016DL2013PLC386045
2026-08-15 00:49:36.459 | INFO     | scraper.tasks:scrape_company:64 - [tofler] Scraping company: https://www.tofler.in/b-j-duplex-boards-limited/company/L21090DL1995PLC066281
2026-08-15 00:49:36.903 | INFO     | scraper.proxy_manager:_health_check:104 - Proxy health check passed: http://35jovid14xin:***@45.3.32.31:3129 -> 45.3.32.31
2026-08-15 00:49:36.947 | INFO     | scraper.tasks:scrape_company:64 - [tofler] Scraping company: https://www.tofler.in/haryana-coated-papers-limited/company/L21093DL1971PLC005669
2026-08-15 00:49:37.443 | INFO     | scraper.proxy_manager:_health_check:104 - Proxy health check passed: http://35jovid14xin:***@209.50.183.137:3129 -> 209.50.183.137
2026-08-15 00:49:37.891 | INFO     | scraper.tasks:scrape_company:64 - [tofler] Scraping company: https://www.tofler.in/polymer-papers-limited/company/L21093DL1974PLC007495
2026-08-15 00:49:38.380 | INFO     | scraper.proxy_manager:_health_check:104 - Proxy health check passed: http://35jovid14xin:***@45.3.41.44:3129 -> 45.3.41.44
2026-08-15 00:49:38.454 | INFO     | scraper.tasks:scrape_company:64 - [tofler] Scraping company: https://www.tofler.in/magnum-ventures-limited/company/L21093DL1980PLC010492
2026-08-15 00:49:40.555 | INFO     | scraper.tasks:scrape_company:64 - [tofler] Scraping company: https://www.tofler.in/mohit-paper-mills-limited/company/L21093DL1992PLC116600
2026-08-15 00:49:40.987 | INFO     | scraper.proxy_manager:_health_check:104 - Proxy health check passed: http://35jovid14xin:***@209.50.171.216:3129 -> 209.50.171.216
2026-08-15 00:49:41.732 | INFO     | scraper.tasks:scrape_company:64 - [tofler] Scraping company: https://www.tofler.in/buy-right-impex-limited/company/L22100DL1983PLC314401
2026-08-15 00:49:41.951 | INFO     | scraper.tasks:scrape_company:64 - [tofler] Scraping company: https://www.tofler.in/ht-media-limited/company/L22121DL2002PLC117874
2026-08-15 00:49:42.387 | INFO     | scraper.proxy_manager:_health_check:104 - Proxy health check passed: http://35jovid14xin:***@104.207.34.185:3129 -> 104.207.34.185
2026-08-15 00:49:47.767 | INFO     | scraper.tasks:_scrape_target:81 - [tofler] page 2: 30 records
2026-08-15 00:49:51.790 | INFO     | scraper.tasks:scrape_company:64 - [tofler] Scraping company: https://www.tofler.in/ett-limited/company/L22122DL1993PLC123728
2026-08-15 00:49:52.272 | INFO     | scraper.proxy_manager:_health_check:104 - Proxy health check passed: http://35jovid14xin:***@65.111.4.104:3129 -> 65.111.4.104
2026-08-15 00:49:52.282 | INFO     | scraper.tasks:scrape_company:64 - [tofler] Scraping company: https://www.tofler.in/kairosoft-ai-solutions-limited/company/L22209DL1982PLC256291
2026-08-15 00:49:52.289 | INFO     | scraper.tasks:scrape_company:64 - [tofler] Scraping company: https://www.tofler.in/s-chand-and-company-limited/company/L22219DL1970PLC005400
2026-08-15 00:49:52.785 | INFO     | scraper.proxy_manager:_health_check:104 - Proxy health check passed: http://35jovid14xin:***@216.26.233.75:3129 -> 216.26.233.75
2026-08-15 00:49:52.794 | INFO     | scraper.tasks:scrape_company:64 - [tofler] Scraping company: https://www.tofler.in/shree-jagdambe-paper-mills-ltd/company/L22219DL1980PLC167850
2026-08-15 00:49:53.399 | INFO     | scraper.proxy_manager:_health_check:104 - Proxy health check passed: http://35jovid14xin:***@209.50.177.237:3129 -> 209.50.177.237
2026-08-15 00:49:53.409 | INFO     | scraper.tasks:scrape_company:64 - [tofler] Scraping company: https://www.tofler.in/coral-newsprints-limited/company/L22219DL1992PLC048398
2026-08-15 00:49:53.926 | INFO     | scraper.proxy_manager:_health_check:104 - Proxy health check passed: http://35jovid14xin:***@216.26.244.72:3129 -> 216.26.244.72
2026-08-15 00:49:53.934 | INFO     | scraper.tasks:scrape_company:64 - [tofler] Scraping company: https://www.tofler.in/creative-graphics-solutions-india-limited/company/L22219DL2014PLC263964
2026-08-15 00:49:54.423 | INFO     | scraper.proxy_manager:_health_check:104 - Proxy health check passed: http://35jovid14xin:***@209.50.172.155:3129 -> 209.50.172.155
2026-08-15 00:49:58.498 | INFO     | scraper.tasks:scrape_company:64 - [tofler] Scraping company: https://www.tofler.in/maxposure-limited/company/L22229DL2006PLC152087
2026-08-15 00:49:59.538 | INFO     | scraper.tasks:scrape_company:64 - [tofler] Scraping company: https://www.tofler.in/indraprastha-gas-limited/company/L23201DL1998PLC097614
2026-08-15 00:49:59.589 | INFO     | scraper.tasks:scrape_company:64 - [tofler] Scraping company: https://www.tofler.in/salasar-techno-engineering-limited/company/L23201DL2001PLC174076
2026-08-15 00:49:59.717 | INFO     | scraper.tasks:scrape_company:64 - [tofler] Scraping company: https://www.tofler.in/sanco-industries-limited/company/L24100DL1989PLC035549
2026-08-15 00:50:00.276 | INFO     | scraper.proxy_manager:_health_check:104 - Proxy health check passed: http://35jovid14xin:***@216.26.244.197:3129 -> 216.26.244.197
2026-08-15 00:50:00.380 | INFO     | scraper.tasks:scrape_company:64 - [tofler] Scraping company: https://www.tofler.in/fabino-life-sciences-limited/company/L24100DL2011PLC226781
2026-08-15 00:50:00.417 | INFO     | scraper.tasks:scrape_company:64 - [tofler] Scraping company: https://www.tofler.in/shreekant-chemical-industries-limited/company/L24119DL1981PLC040762
2026-08-15 00:50:00.921 | INFO     | scraper.proxy_manager:_health_check:104 - Proxy health check passed: http://35jovid14xin:***@104.207.63.18:3129 -> 104.207.63.18
2026-08-15 00:50:05.205 | INFO     | scraper.tasks:scrape_company:64 - [tofler] Scraping company: https://www.tofler.in/galore-prints-industries-limited/company/L24119DL1988PLC031866
2026-08-15 00:50:05.698 | INFO     | scraper.proxy_manager:_health_check:104 - Proxy health check passed: http://35jovid14xin:***@104.207.37.111:3129 -> 104.207.37.111
2026-08-15 00:50:05.783 | INFO     | scraper.tasks:scrape_company:64 - [tofler] Scraping company: https://www.tofler.in/bharat-rasayan-limited/company/L24119DL1989PLC036264
2026-08-15 00:50:06.502 | INFO     | scraper.proxy_manager:_health_check:104 - Proxy health check passed: http://35jovid14xin:***@209.50.163.24:3129 -> 209.50.163.24
2026-08-15 00:50:06.578 | INFO     | scraper.tasks:scrape_company:64 - [tofler] Scraping company: https://www.tofler.in/hpc-biosciences-limited/company/L24119DL2002PLC114026
2026-08-15 00:50:06.658 | INFO     | scraper.tasks:scrape_company:64 - [tofler] Scraping company: https://www.tofler.in/florence-investech-limited/company/L24211DL1993PLC254964
2026-08-15 00:50:07.095 | INFO     | scraper.proxy_manager:_health_check:104 - Proxy health check passed: http://35jovid14xin:***@209.50.161.239:3129 -> 209.50.161.239
2026-08-15 00:50:07.164 | INFO     | scraper.tasks:scrape_company:64 - [tofler] Scraping company: https://www.tofler.in/dhanuka-agritech-limited/company/L24219DL1985PLC020126
2026-08-15 00:50:07.665 | INFO     | scraper.proxy_manager:_health_check:104 - Proxy health check passed: http://35jovid14xin:***@45.3.40.35:3129 -> 45.3.40.35
2026-08-15 00:50:07.762 | INFO     | scraper.tasks:scrape_company:64 - [tofler] Scraping company: https://www.tofler.in/sirca-paints-india-limited/company/L24219DL2006PLC145092
2026-08-15 00:50:08.280 | INFO     | scraper.proxy_manager:_health_check:104 - Proxy health check passed: http://35jovid14xin:***@209.50.191.234:3129 -> 209.50.191.234
2026-08-15 00:50:12.481 | INFO     | scraper.tasks:scrape_company:64 - [tofler] Scraping company: https://www.tofler.in/dabur-india-limited/company/L24230DL1975PLC007908
2026-08-15 00:50:12.983 | INFO     | scraper.proxy_manager:_health_check:104 - Proxy health check passed: http://35jovid14xin:***@216.26.247.12:3129 -> 216.26.247.12
2026-08-15 00:50:13.116 | INFO     | scraper.tasks:scrape_company:64 - [tofler] Scraping company: https://www.tofler.in/sterling-webnet-limited/company/L24230DL1995PLC170660
2026-08-15 00:50:13.623 | INFO     | scraper.proxy_manager:_health_check:104 - Proxy health check passed: http://35jovid14xin:***@104.207.54.71:3129 -> 104.207.54.71
2026-08-15 00:50:13.714 | INFO     | scraper.tasks:scrape_company:64 - [tofler] Scraping company: https://www.tofler.in/indraprastha-medical-corporation-limited/company/L24232DL1988PLC030958
2026-08-15 00:50:14.316 | INFO     | scraper.tasks:scrape_company:64 - [tofler] Scraping company: https://www.tofler.in/welcure-drugs-and-pharmaceuticals-limited/company/L24232DL1996PLC227773
2026-08-15 00:50:14.369 | INFO     | scraper.tasks:scrape_company:64 - [tofler] Scraping company: https://www.tofler.in/safal-herbs-limited/company/L24233DL1994PLC290133
2026-08-15 00:50:15.782 | INFO     | scraper.tasks:scrape_company:64 - [tofler] Scraping company: https://www.tofler.in/ram-minerals-and-chemicals-limited/company/L24233DL2011PLC282949
2026-08-15 00:50:17.438 | INFO     | scraper.tasks:scrape_company:64 - [tofler] Scraping company: https://www.tofler.in/twenty-first-century-medicare-limited/company/L24239DL1985PLC022113
2026-08-15 00:50:17.878 | INFO     | scraper.proxy_manager:_health_check:104 - Proxy health check passed: http://35jovid14xin:***@216.26.228.103:3129 -> 216.26.228.103
2026-08-15 00:50:17.975 | INFO     | scraper.tasks:scrape_company:64 - [tofler] Scraping company: https://www.tofler.in/anmol-drugs-and-pharmaceuticals-limited/company/L24239DL1986PLC025187
2026-08-15 00:50:18.419 | INFO     | scraper.proxy_manager:_health_check:104 - Proxy health check passed: http://35jovid14xin:***@209.50.174.1:3129 -> 209.50.174.1
2026-08-15 00:50:18.522 | INFO     | scraper.tasks:scrape_company:64 - [tofler] Scraping company: https://www.tofler.in/akums-drugs-and-pharmaceuticals-limited/company/L24239DL2004PLC125888
2026-08-15 00:50:18.558 | INFO     | scraper.tasks:scrape_company:64 - [tofler] Scraping company: https://www.tofler.in/sunil-healthcare-limited/company/L24302DL1973PLC189662
2026-08-15 00:50:19.221 | INFO     | scraper.tasks:scrape_company:64 - [tofler] Scraping company: https://www.tofler.in/jasch-industries-limited/company/L24302DL1985PLC383771
2026-08-15 00:50:19.656 | INFO     | scraper.proxy_manager:_health_check:104 - Proxy health check passed: http://35jovid14xin:***@45.3.36.70:3129 -> 45.3.36.70
2026-08-15 00:50:22.041 | INFO     | scraper.tasks:scrape_company:64 - [tofler] Scraping company: https://www.tofler.in/jain-tube-company-limited/company/L25111DL1964PLC004235
2026-08-15 00:50:26.190 | INFO     | scraper.tasks:_scrape_target:81 - [tofler] page 3: 30 records
2026-08-15 00:50:31.322 | INFO     | scraper.tasks:scrape_company:64 - [tofler] Scraping company: https://www.tofler.in/vikas-lifecare-limited/company/L25111DL1995PLC073719
2026-08-15 00:50:31.326 | INFO     | scraper.tasks:scrape_company:64 - [tofler] Scraping company: https://www.tofler.in/cosco-india-limited/company/L25199DL1980PLC010173
2026-08-15 00:50:31.328 | INFO     | scraper.tasks:scrape_company:64 - [tofler] Scraping company: https://www.tofler.in/a-g-universal-limited/company/L25200DL2008PLC178400
2026-08-15 00:50:31.331 | INFO     | scraper.tasks:scrape_company:64 - [tofler] Scraping company: https://www.tofler.in/padmini-technologies-limited/company/L25202DL1990PLC039395
2026-08-15 00:50:31.831 | INFO     | scraper.proxy_manager:_health_check:104 - Proxy health check passed: http://35jovid14xin:***@216.26.251.174:3129 -> 216.26.251.174
2026-08-15 00:50:31.844 | INFO     | scraper.tasks:scrape_company:64 - [tofler] Scraping company: https://www.tofler.in/pearl-polymers-limited/company/L25209DL1971PLC005535
2026-08-15 00:50:31.852 | INFO     | scraper.tasks:scrape_company:64 - [tofler] Scraping company: https://www.tofler.in/premier-polyfilm-limited/company/L25209DL1992PLC049590
2026-08-15 00:50:36.819 | INFO     | scraper.tasks:scrape_company:64 - [tofler] Scraping company: https://www.tofler.in/asahi-india-glass-limited/company/L26102DL1984PLC019542
2026-08-15 00:50:37.718 | INFO     | scraper.tasks:scrape_company:64 - [tofler] Scraping company: https://www.tofler.in/bcl-enterprises-limited/company/L26102DL1985PLC021467
2026-08-15 00:50:38.169 | INFO     | scraper.proxy_manager:_health_check:104 - Proxy health check passed: http://35jovid14xin:***@216.26.231.123:3129 -> 216.26.231.123
2026-08-15 00:50:38.325 | INFO     | scraper.tasks:scrape_company:64 - [tofler] Scraping company: https://www.tofler.in/sahasra-electronic-solutions-limited/company/L26202DL2023PLC410521
2026-08-15 00:50:38.364 | INFO     | scraper.tasks:scrape_company:64 - [tofler] Scraping company: https://www.tofler.in/rrp-defense-limited/company/L26515DL1981PLC012621
2026-08-15 00:50:39.889 | INFO     | scraper.proxy_manager:_health_check:104 - Proxy health check passed: http://35jovid14xin:***@209.50.187.242:3129 -> 209.50.187.242
2026-08-15 00:50:40.387 | INFO     | scraper.tasks:scrape_company:64 - [tofler] Scraping company: https://www.tofler.in/powerful-technologies-limited/company/L26900DL2015PLC277265
2026-08-15 00:50:40.873 | INFO     | scraper.proxy_manager:_health_check:104 - Proxy health check passed: http://35jovid14xin:***@104.207.59.0:3129 -> 104.207.59.0
2026-08-15 00:50:40.968 | INFO     | scraper.tasks:scrape_company:64 - [tofler] Scraping company: https://www.tofler.in/sainik-finance-and-industries-limited/company/L26912DL1991PLC045449
2026-08-15 00:50:41.014 | INFO     | scraper.tasks:scrape_company:64 - [tofler] Scraping company: https://www.tofler.in/ccl-international-limited/company/L26940DL1991PLC044520
2026-08-15 00:50:44.381 | INFO     | scraper.tasks:scrape_company:64 - [tofler] Scraping company: https://www.tofler.in/rcc-cements-limited/company/L26942DL1991PLC043776
2026-08-15 00:50:45.040 | INFO     | scraper.tasks:scrape_company:64 - [tofler] Scraping company: https://www.tofler.in/kalyani-cast-tech-limited/company/L26990DL2012PLC242760
2026-08-15 00:50:45.546 | INFO     | scraper.proxy_manager:_health_check:104 - Proxy health check passed: http://35jovid14xin:***@209.50.190.159:3129 -> 209.50.190.159
2026-08-15 00:50:45.690 | INFO     | scraper.tasks:scrape_company:64 - [tofler] Scraping company: https://www.tofler.in/obsc-perfection-limited/company/L27100DL2017PLC314606
2026-08-15 00:50:45.732 | INFO     | scraper.tasks:scrape_company:64 - [tofler] Scraping company: https://www.tofler.in/niraj-ispat-industries-limited/company/L27106DL1985PLC021811
2026-08-15 00:50:46.176 | INFO     | scraper.proxy_manager:_health_check:104 - Proxy health check passed: http://35jovid14xin:***@104.207.38.58:3129 -> 104.207.38.58
2026-08-15 00:50:46.227 | INFO     | scraper.tasks:scrape_company:64 - [tofler] Scraping company: https://www.tofler.in/hindustan-tin-works-limited/company/L27109DL1958PLC003006
2026-08-15 00:50:47.142 | INFO     | scraper.tasks:scrape_company:64 - [tofler] Scraping company: https://www.tofler.in/rathi-steel-and-power-limited/company/L27109DL1971PLC005905
2026-08-15 00:50:49.545 | INFO     | scraper.tasks:scrape_company:64 - [tofler] Scraping company: https://www.tofler.in/steel-authority-of-india-limited/company/L27109DL1973GOI006454
2026-08-15 00:50:49.707 | INFO     | scraper.tasks:scrape_company:64 - [tofler] Scraping company: https://www.tofler.in/bihariji-ispat-udyog-limited/company/L27109DL1974PLC007047
2026-08-15 00:50:51.298 | INFO     | scraper.tasks:scrape_company:64 - [tofler] Scraping company: https://www.tofler.in/quod-ispat-limited/company/L27109DL1985PLC021183
2026-08-15 00:50:51.369 | INFO     | scraper.tasks:scrape_company:64 - [tofler] Scraping company: https://www.tofler.in/novex-commercials-limited/company/L27109DL1985PLC021428
2026-08-15 00:50:51.811 | INFO     | scraper.proxy_manager:_health_check:104 - Proxy health check passed: http://35jovid14xin:***@65.111.2.54:3129 -> 65.111.2.54
2026-08-15 00:50:52.537 | WARNING  | scraper.fetcher:fetch_page:89 - Proxy connection error, marking bad immediately: http://35jovid14xin:***@151.123.176.154:3129
2026-08-15 00:50:52.540 | WARNING  | scraper.proxy_manager:mark_bad:114 - Proxy marked bad, cooling down 300s: http://35jovid14xin:***@151.123.176.154:3129
2026-08-15 00:50:52.686 | INFO     | scraper.tasks:scrape_company:64 - [tofler] Scraping company: https://www.tofler.in/mbl-infrastructure-limited/company/L27109DL1995PLC338407
2026-08-15 00:50:53.127 | INFO     | scraper.proxy_manager:_health_check:104 - Proxy health check passed: http://35jovid14xin:***@45.3.36.238:3129 -> 45.3.36.238
2026-08-15 00:50:53.233 | INFO     | scraper.tasks:scrape_company:64 - [tofler] Scraping company: https://www.tofler.in/gallantt-ispat-limited/company/L27109DL2005PLC350524
2026-08-15 00:50:53.890 | INFO     | scraper.tasks:scrape_company:64 - [tofler] Scraping company: https://www.tofler.in/shriniwas-steel-limited/company/L27189DL1987PLC028846
2026-08-15 00:50:54.420 | INFO     | scraper.proxy_manager:_health_check:104 - Proxy health check passed: http://35jovid14xin:***@216.26.248.81:3129 -> 216.26.248.81
2026-08-15 00:50:55.281 | INFO     | scraper.tasks:scrape_company:64 - [tofler] Scraping company: https://www.tofler.in/rama-steel-tubes-limited/company/L27201DL1974PLC007114
2026-08-15 00:50:57.089 | INFO     | scraper.tasks:scrape_company:64 - [tofler] Scraping company: https://www.tofler.in/hi-tech-pipes-ltd/company/L27202DL1985PLC019750
2026-08-15 00:50:57.681 | INFO     | scraper.tasks:scrape_company:64 - [tofler] Scraping company: https://www.tofler.in/aravali-industries-limited/company/L27209DL1984PLC017816
2026-08-15 00:50:58.207 | INFO     | scraper.proxy_manager:_health_check:104 - Proxy health check passed: http://35jovid14xin:***@209.50.186.136:3129 -> 209.50.186.136
2026-08-15 00:50:58.217 | WARNING  | scraper.fetcher:fetch_page:89 - Proxy connection error, marking bad immediately: http://35jovid14xin:***@45.3.48.207:3129
2026-08-15 00:50:58.227 | WARNING  | scraper.proxy_manager:mark_bad:114 - Proxy marked bad, cooling down 300s: http://35jovid14xin:***@45.3.48.207:3129
2026-08-15 00:50:58.943 | INFO     | scraper.tasks:scrape_company:64 - [tofler] Scraping company: https://www.tofler.in/mfs-intercorp-limited/company/L27209DL1986PLC254555
2026-08-15 00:51:04.964 | INFO     | scraper.tasks:_scrape_target:81 - [tofler] page 4: 30 records
2026-08-15 00:51:05.083 | INFO     | scraper.browser:stop:48 - Browser closed
2026-08-15 00:56:51.642 | INFO     | scraper.browser:start:41 - Browser launched
2026-08-15 00:56:52.094 | INFO     | scraper.proxy_manager:_health_check:104 - Proxy health check passed: http://35jovid14xin:***@65.111.2.208:3129 -> 65.111.2.208
2026-08-15 00:56:57.647 | INFO     | scraper.tasks:scrape_company:64 - [tofler] Scraping company: https://www.tofler.in/omansh-enterprises-limited/company/L01100DL1974PLC241646
2026-08-15 00:56:58.090 | INFO     | scraper.proxy_manager:_health_check:104 - Proxy health check passed: http://35jovid14xin:***@65.111.11.12:3129 -> 65.111.11.12
2026-08-15 00:56:58.091 | INFO     | scraper.tasks:scrape_company:64 - [tofler] Scraping company: https://www.tofler.in/pajson-agro-india-limited/company/L01100DL2021PLC386740
2026-08-15 00:56:58.527 | INFO     | scraper.proxy_manager:_health_check:104 - Proxy health check passed: http://35jovid14xin:***@65.111.6.147:3129 -> 65.111.6.147
2026-08-15 00:56:58.528 | INFO     | scraper.tasks:scrape_company:64 - [tofler] Scraping company: https://www.tofler.in/continental-seeds-and-chemicals-limited/company/L01111DL1983PLC015969
2026-08-15 00:56:59.047 | INFO     | scraper.proxy_manager:_health_check:104 - Proxy health check passed: http://35jovid14xin:***@195.63.31.72:3129 -> 195.63.31.72
2026-08-15 00:56:59.049 | INFO     | scraper.tasks:scrape_company:64 - [tofler] Scraping company: https://www.tofler.in/semaya-limited/company/L01111DL1985PLC021268
2026-08-15 00:56:59.486 | INFO     | scraper.proxy_manager:_health_check:104 - Proxy health check passed: http://35jovid14xin:***@209.50.163.24:3129 -> 209.50.163.24
2026-08-15 00:56:59.487 | INFO     | scraper.tasks:scrape_company:64 - [tofler] Scraping company: https://www.tofler.in/krbl-limited/company/L01111DL1993PLC052845
2026-08-15 00:57:00.511 | INFO     | scraper.proxy_manager:_health_check:104 - Proxy health check passed: http://35jovid14xin:***@209.50.183.4:3129 -> 209.50.183.4
2026-08-15 00:57:00.512 | INFO     | scraper.tasks:scrape_company:64 - [tofler] Scraping company: https://www.tofler.in/dr-m-induscorp-limited/company/L01119DL1986PLC023698
2026-08-15 00:57:01.332 | INFO     | scraper.proxy_manager:_health_check:104 - Proxy health check passed: http://35jovid14xin:***@216.26.252.117:3129 -> 216.26.252.117
2026-08-15 00:57:04.764 | INFO     | scraper.tasks:scrape_company:64 - [tofler] Scraping company: https://www.tofler.in/hindustan-agrigentics-limited/company/L01119DL1990PLC040979
2026-08-15 00:57:05.480 | INFO     | scraper.proxy_manager:_health_check:104 - Proxy health check passed: http://35jovid14xin:***@216.26.232.250:3129 -> 216.26.232.250
2026-08-15 00:57:05.966 | INFO     | scraper.tasks:scrape_company:64 - [tofler] Scraping company: https://www.tofler.in/aayush-wellness-limited/company/L01122DL1984PLC018307
2026-08-15 00:57:06.699 | INFO     | scraper.proxy_manager:_health_check:104 - Proxy health check passed: http://35jovid14xin:***@151.123.176.200:3129 -> 151.123.176.200
2026-08-15 00:57:07.135 | INFO     | scraper.tasks:scrape_company:64 - [tofler] Scraping company: https://www.tofler.in/sc-agrotech-limited/company/L01122DL1990PLC042207
2026-08-15 00:57:07.642 | INFO     | scraper.proxy_manager:_health_check:104 - Proxy health check passed: http://35jovid14xin:***@216.26.255.49:3129 -> 216.26.255.49
2026-08-15 00:57:07.702 | INFO     | scraper.tasks:scrape_company:64 - [tofler] Scraping company: https://www.tofler.in/shivamshree-businesses-limited/company/L01403DL1983PLC015704
2026-08-15 00:57:08.182 | INFO     | scraper.proxy_manager:_health_check:104 - Proxy health check passed: http://35jovid14xin:***@216.26.234.21:3129 -> 216.26.234.21
2026-08-15 00:57:08.218 | INFO     | scraper.tasks:scrape_company:64 - [tofler] Scraping company: https://www.tofler.in/fratelli-vineyards-limited/company/L11020DL2009PLC186397
2026-08-15 00:57:08.697 | INFO     | scraper.proxy_manager:_health_check:104 - Proxy health check passed: http://35jovid14xin:***@216.26.233.75:3129 -> 216.26.233.75
2026-08-15 00:57:08.730 | INFO     | scraper.tasks:scrape_company:64 - [tofler] Scraping company: https://www.tofler.in/landmark-property-development-company-limited/company/L13100DL1976PLC188942
2026-08-15 00:57:09.237 | INFO     | scraper.proxy_manager:_health_check:104 - Proxy health check passed: http://35jovid14xin:***@216.26.255.71:3129 -> 216.26.255.71
2026-08-15 00:57:09.930 | WARNING  | scraper.fetcher:fetch_page:89 - Proxy connection error, marking bad immediately: http://35jovid14xin:***@216.26.255.49:3129
2026-08-15 00:57:09.930 | WARNING  | scraper.proxy_manager:mark_bad:114 - Proxy marked bad, cooling down 300s: http://35jovid14xin:***@216.26.255.49:3129
2026-08-15 00:57:09.967 | WARNING  | scraper.fetcher:fetch_page:89 - Proxy connection error, marking bad immediately: http://35jovid14xin:***@216.26.255.71:3129
2026-08-15 00:57:09.967 | WARNING  | scraper.proxy_manager:mark_bad:114 - Proxy marked bad, cooling down 300s: http://35jovid14xin:***@216.26.255.71:3129
2026-08-15 00:57:10.765 | INFO     | scraper.tasks:scrape_company:64 - [tofler] Scraping company: https://www.tofler.in/spl-industries-limited/company/L13139DL1991PLC062744
2026-08-15 00:57:11.215 | INFO     | scraper.proxy_manager:_health_check:104 - Proxy health check passed: http://35jovid14xin:***@209.50.161.239:3129 -> 209.50.161.239
2026-08-15 00:57:11.737 | INFO     | scraper.proxy_manager:_health_check:104 - Proxy health check passed: http://35jovid14xin:***@104.207.56.210:3129 -> 104.207.56.210
2026-08-15 00:57:12.264 | INFO     | scraper.proxy_manager:_health_check:104 - Proxy health check passed: http://35jovid14xin:***@45.3.41.225:3129 -> 45.3.41.225
2026-08-15 00:57:12.306 | WARNING  | scraper.fetcher:fetch_page:89 - Proxy connection error, marking bad immediately: http://35jovid14xin:***@216.26.234.21:3129
2026-08-15 00:57:12.306 | WARNING  | scraper.proxy_manager:mark_bad:114 - Proxy marked bad, cooling down 300s: http://35jovid14xin:***@216.26.234.21:3129
2026-08-15 00:57:12.312 | WARNING  | scraper.fetcher:fetch_page:89 - Proxy connection error, marking bad immediately: http://35jovid14xin:***@216.26.233.75:3129
2026-08-15 00:57:12.312 | WARNING  | scraper.proxy_manager:mark_bad:114 - Proxy marked bad, cooling down 300s: http://35jovid14xin:***@216.26.233.75:3129
2026-08-15 00:57:12.411 | INFO     | scraper.tasks:scrape_company:64 - [tofler] Scraping company: https://www.tofler.in/sajjan-commercial-enterprises-ltd/company/L13203DL1985PLC021536
2026-08-15 00:57:12.853 | INFO     | scraper.proxy_manager:_health_check:104 - Proxy health check passed: http://35jovid14xin:***@104.167.25.196:3129 -> 104.167.25.196
2026-08-15 00:57:13.848 | INFO     | scraper.proxy_manager:_health_check:104 - Proxy health check passed: http://35jovid14xin:***@216.26.244.197:3129 -> 216.26.244.197
2026-08-15 00:57:14.336 | INFO     | scraper.proxy_manager:_health_check:104 - Proxy health check passed: http://35jovid14xin:***@104.207.59.0:3129 -> 104.207.59.0
2026-08-15 00:57:17.122 | INFO     | scraper.tasks:scrape_company:64 - [tofler] Scraping company: https://www.tofler.in/hoac-foods-india-limited/company/L15120DL2018PLC330739
2026-08-15 00:57:17.889 | INFO     | scraper.tasks:scrape_company:64 - [tofler] Scraping company: https://www.tofler.in/devyani-international-limited/company/L15135DL1991PLC046758
2026-08-15 00:57:18.229 | INFO     | scraper.tasks:scrape_company:64 - [tofler] Scraping company: https://www.tofler.in/modi-naturals-limited/company/L15142DL1974PLC007349
2026-08-15 00:57:18.682 | INFO     | scraper.proxy_manager:_health_check:104 - Proxy health check passed: http://35jovid14xin:***@216.26.225.103:3129 -> 216.26.225.103
2026-08-15 00:57:18.734 | INFO     | scraper.tasks:scrape_company:64 - [tofler] Scraping company: https://www.tofler.in/reliance-infotek-limited/company/L15142DL1987PLC029899
2026-08-15 00:57:19.253 | INFO     | scraper.tasks:scrape_company:64 - [tofler] Scraping company: https://www.tofler.in/tarai-foods-limited/company/L15142DL1990PLC039291
2026-08-15 00:57:19.875 | INFO     | scraper.proxy_manager:_health_check:104 - Proxy health check passed: http://35jovid14xin:***@104.207.54.222:3129 -> 104.207.54.222
2026-08-15 00:57:20.717 | INFO     | scraper.tasks:scrape_company:64 - [tofler] Scraping company: https://www.tofler.in/superior-industrial-enterprises-limited/company/L15142DL1991PLC046469
2026-08-15 00:57:21.156 | INFO     | scraper.proxy_manager:_health_check:104 - Proxy health check passed: http://35jovid14xin:***@45.3.36.87:3129 -> 45.3.36.87
2026-08-15 00:57:22.996 | INFO     | scraper.tasks:scrape_company:64 - [tofler] Scraping company: https://www.tofler.in/nestle-india-limited/company/L15202DL1959PLC003786
2026-08-15 00:57:23.593 | INFO     | scraper.tasks:scrape_company:64 - [tofler] Scraping company: https://www.tofler.in/mahavira-foods-limited/company/L15310DL1988PLC033651
2026-08-15 00:57:24.302 | INFO     | scraper.proxy_manager:_health_check:104 - Proxy health check passed: http://35jovid14xin:***@45.3.52.9:3129 -> 45.3.52.9
2026-08-15 00:57:24.381 | INFO     | scraper.tasks:scrape_company:64 - [tofler] Scraping company: https://www.tofler.in/kumar-food-industries-limited/company/L15310DL1991PLC043456
2026-08-15 00:57:24.831 | INFO     | scraper.proxy_manager:_health_check:104 - Proxy health check passed: http://35jovid14xin:***@104.207.45.151:3129 -> 104.207.45.151
2026-08-15 00:57:25.361 | INFO     | scraper.tasks:scrape_company:64 - [tofler] Scraping company: https://www.tofler.in/focus-industrial-resources-limited/company/L15319DL1985PLC021348
2026-08-15 00:57:25.788 | INFO     | scraper.proxy_manager:_health_check:104 - Proxy health check passed: http://35jovid14xin:***@209.50.168.70:3129 -> 209.50.168.70
2026-08-15 00:57:25.853 | INFO     | scraper.tasks:scrape_company:64 - [tofler] Scraping company: https://www.tofler.in/mahaan-foods-limited/company/L15419DL1987PLC350285
2026-08-15 00:57:27.283 | WARNING  | scraper.proxy_manager:_health_check:108 - Proxy health check failed: http://35jovid14xin:***@45.3.32.31:3129 - 429 Client Error: Not Enough Connections for url: http://httpbin.org/ip
2026-08-15 00:57:27.724 | INFO     | scraper.tasks:scrape_company:64 - [tofler] Scraping company: https://www.tofler.in/visisth-chay-vyapar-limited/company/L15491DL1985PLC019848
2026-08-15 00:57:28.235 | INFO     | scraper.proxy_manager:_health_check:104 - Proxy health check passed: http://35jovid14xin:***@209.50.169.126:3129 -> 209.50.169.126
2026-08-15 00:57:28.427 | INFO     | scraper.tasks:scrape_company:64 - [tofler] Scraping company: https://www.tofler.in/regent-enterprises-limited/company/L15500DL1994PLC153183
2026-08-15 00:57:29.264 | INFO     | scraper.proxy_manager:_health_check:104 - Proxy health check passed: http://35jovid14xin:***@151.123.176.154:3129 -> 151.123.176.154
2026-08-15 00:57:30.187 | INFO     | scraper.tasks:scrape_company:64 - [tofler] Scraping company: https://www.tofler.in/lacy-limited/company/L15511DL1985PLC021272
2026-08-15 00:57:31.632 | WARNING  | scraper.proxy_manager:_health_check:108 - Proxy health check failed: http://35jovid14xin:***@45.3.52.242:3129 - 429 Client Error: Not Enough Connections for url: http://httpbin.org/ip
2026-08-15 00:57:32.242 | INFO     | scraper.proxy_manager:_health_check:104 - Proxy health check passed: http://35jovid14xin:***@216.26.249.142:3129 -> 216.26.249.142
2026-08-15 00:57:32.310 | INFO     | scraper.tasks:scrape_company:64 - [tofler] Scraping company: https://www.tofler.in/hindustan-breweries-and-bottling-limited/company/L15549DL1909PLC005478
2026-08-15 00:57:32.752 | INFO     | scraper.proxy_manager:_health_check:104 - Proxy health check passed: http://35jovid14xin:***@45.3.48.207:3129 -> 45.3.48.207
2026-08-15 00:57:33.550 | INFO     | scraper.tasks:scrape_company:64 - [tofler] Scraping company: https://www.tofler.in/john-oakey-and-mohan-limited/company/L15549DL1962PLC003726
2026-08-15 00:57:34.153 | INFO     | scraper.proxy_manager:_health_check:104 - Proxy health check passed: http://35jovid14xin:***@209.50.191.234:3129 -> 209.50.191.234
2026-08-15 00:57:38.783 | INFO     | scraper.tasks:_scrape_target:81 - [tofler] page 1: 30 records
2026-08-15 00:57:39.216 | INFO     | scraper.proxy_manager:_health_check:104 - Proxy health check passed: http://35jovid14xin:***@65.111.2.54:3129 -> 65.111.2.54
2026-08-15 00:57:44.593 | INFO     | scraper.tasks:scrape_company:64 - [tofler] Scraping company: https://www.tofler.in/elitecon-international-limited/company/L16000DL1987PLC396234
2026-08-15 00:57:45.199 | INFO     | scraper.proxy_manager:_health_check:104 - Proxy health check passed: http://35jovid14xin:***@104.207.63.18:3129 -> 104.207.63.18
2026-08-15 00:57:45.200 | INFO     | scraper.tasks:scrape_company:64 - [tofler] Scraping company: https://www.tofler.in/srm-energy-limited/company/L17100DL1985PLC303047
2026-08-15 00:57:45.818 | INFO     | scraper.proxy_manager:_health_check:104 - Proxy health check passed: http://35jovid14xin:***@216.26.248.81:3129 -> 216.26.248.81
2026-08-15 00:57:45.819 | INFO     | scraper.tasks:scrape_company:64 - [tofler] Scraping company: https://www.tofler.in/sidhartha-super-spinning-mills-limited/company/L17111DL1980PLC010814
2026-08-15 00:57:45.820 | INFO     | scraper.tasks:scrape_company:64 - [tofler] Scraping company: https://www.tofler.in/unifinz-capital-india-limited/company/L17111DL1982PLC013790
2026-08-15 00:57:46.390 | INFO     | scraper.proxy_manager:_health_check:104 - Proxy health check passed: http://35jovid14xin:***@216.26.251.174:3129 -> 216.26.251.174
2026-08-15 00:57:46.391 | INFO     | scraper.tasks:scrape_company:64 - [tofler] Scraping company: https://www.tofler.in/fiber-plus-industries-limited/company/L17120DL1984PLC018729
2026-08-15 00:57:46.392 | INFO     | scraper.tasks:scrape_company:64 - [tofler] Scraping company: https://www.tofler.in/lorenzini-apparels-limited/company/L17120DL2007PLC163192
2026-08-15 00:57:51.226 | INFO     | scraper.tasks:scrape_company:64 - [tofler] Scraping company: https://www.tofler.in/aplaya-creations-limited/company/L17122DL1996PLC332121
2026-08-15 00:57:51.277 | INFO     | scraper.tasks:scrape_company:64 - [tofler] Scraping company: https://www.tofler.in/n-k-textile-industries-ltd/company/L17299DL1983PLC163230
2026-08-15 00:57:51.771 | INFO     | scraper.proxy_manager:_health_check:104 - Proxy health check passed: http://35jovid14xin:***@216.26.237.117:3129 -> 216.26.237.117
2026-08-15 00:57:51.847 | INFO     | scraper.tasks:scrape_company:64 - [tofler] Scraping company: https://www.tofler.in/sru-steels-limited/company/L17300DL1995PLC107286
2026-08-15 00:57:52.289 | INFO     | scraper.tasks:scrape_company:64 - [tofler] Scraping company: https://www.tofler.in/dcm-nouvelle-limited/company/L17309DL2016PLC307204
2026-08-15 00:57:52.736 | INFO     | scraper.proxy_manager:_health_check:104 - Proxy health check passed: http://35jovid14xin:***@216.26.231.123:3129 -> 216.26.231.123
2026-08-15 00:57:52.794 | INFO     | scraper.tasks:scrape_company:64 - [tofler] Scraping company: https://www.tofler.in/a-f-enterprises-limited/company/L18100DL1983PLC016354
2026-08-15 00:57:53.228 | INFO     | scraper.proxy_manager:_health_check:104 - Proxy health check passed: http://35jovid14xin:***@45.3.50.50:3129 -> 45.3.50.50
2026-08-15 00:57:53.655 | INFO     | scraper.tasks:scrape_company:64 - [tofler] Scraping company: https://www.tofler.in/srf-limited/company/L18101DL1970PLC005197
2026-08-15 00:57:54.276 | INFO     | scraper.proxy_manager:_health_check:104 - Proxy health check passed: http://35jovid14xin:***@209.50.186.174:3129 -> 209.50.186.174
2026-08-15 00:57:56.991 | INFO     | scraper.tasks:scrape_company:64 - [tofler] Scraping company: https://www.tofler.in/arth-udyog-limited/company/L18101DL1971PLC028813
2026-08-15 00:57:57.246 | INFO     | scraper.tasks:scrape_company:64 - [tofler] Scraping company: https://www.tofler.in/t-t-limited/company/L18101DL1978PLC009241
2026-08-15 00:57:57.866 | INFO     | scraper.proxy_manager:_health_check:104 - Proxy health check passed: http://35jovid14xin:***@209.50.190.159:3129 -> 209.50.190.159
2026-08-15 00:57:57.941 | INFO     | scraper.tasks:scrape_company:64 - [tofler] Scraping company: https://www.tofler.in/mayfair-fabrics-limited/company/L18101DL1983PLC027286
2026-08-15 00:57:58.377 | INFO     | scraper.proxy_manager:_health_check:104 - Proxy health check passed: http://35jovid14xin:***@209.50.171.216:3129 -> 209.50.171.216
2026-08-15 00:57:58.552 | INFO     | scraper.tasks:scrape_company:64 - [tofler] Scraping company: https://www.tofler.in/paloma-knitwear-international-limited/company/L18101DL1984PLC019544
2026-08-15 00:57:59.175 | INFO     | scraper.proxy_manager:_health_check:104 - Proxy health check passed: http://35jovid14xin:***@104.207.53.148:3129 -> 104.207.53.148
2026-08-15 00:57:59.260 | INFO     | scraper.tasks:scrape_company:64 - [tofler] Scraping company: https://www.tofler.in/riba-textiles-limited/company/L18101DL1989PLC034528
2026-08-15 00:57:59.305 | INFO     | scraper.tasks:scrape_company:64 - [tofler] Scraping company: https://www.tofler.in/regal-enterprises-ltd/company/L18101DL1989PLC269075
2026-08-15 00:57:59.795 | INFO     | scraper.proxy_manager:_health_check:104 - Proxy health check passed: http://35jovid14xin:***@45.3.46.44:3129 -> 45.3.46.44
2026-08-15 00:58:01.839 | INFO     | scraper.tasks:scrape_company:64 - [tofler] Scraping company: https://www.tofler.in/avsl-industries-limited/company/L18101DL2003PLC121698
2026-08-15 00:58:03.433 | INFO     | scraper.tasks:scrape_company:64 - [tofler] Scraping company: https://www.tofler.in/indosolar-limited/company/L18101DL2005PLC134879
2026-08-15 00:58:03.526 | INFO     | scraper.tasks:scrape_company:64 - [tofler] Scraping company: https://www.tofler.in/munak-galva-sheets-limited/company/L20765DL1985PLC020765
2026-08-15 00:58:04.445 | INFO     | scraper.tasks:scrape_company:64 - [tofler] Scraping company: https://www.tofler.in/shree-krishna-paper-mills-and-industries-ltd/company/L21012DL1972PLC279773
2026-08-15 00:58:04.503 | WARNING  | scraper.fetcher:fetch_page:89 - Proxy connection error, marking bad immediately: http://35jovid14xin:***@216.26.232.250:3129
2026-08-15 00:58:04.503 | WARNING  | scraper.proxy_manager:mark_bad:114 - Proxy marked bad, cooling down 300s: http://35jovid14xin:***@216.26.232.250:3129
2026-08-15 00:58:04.673 | INFO     | scraper.tasks:scrape_company:64 - [tofler] Scraping company: https://www.tofler.in/greenlam-industries-limited/company/L21016DL2013PLC386045
2026-08-15 00:58:06.110 | INFO     | scraper.proxy_manager:_health_check:104 - Proxy health check passed: http://35jovid14xin:***@216.26.230.52:3129 -> 216.26.230.52
2026-08-15 00:58:06.548 | INFO     | scraper.tasks:scrape_company:64 - [tofler] Scraping company: https://www.tofler.in/b-j-duplex-boards-limited/company/L21090DL1995PLC066281
2026-08-15 00:58:07.337 | INFO     | scraper.tasks:scrape_company:64 - [tofler] Scraping company: https://www.tofler.in/haryana-coated-papers-limited/company/L21093DL1971PLC005669
2026-08-15 00:58:07.943 | INFO     | scraper.proxy_manager:_health_check:104 - Proxy health check passed: http://35jovid14xin:***@65.111.27.242:3129 -> 65.111.27.242
2026-08-15 00:58:09.848 | INFO     | scraper.tasks:scrape_company:64 - [tofler] Scraping company: https://www.tofler.in/polymer-papers-limited/company/L21093DL1974PLC007495
2026-08-15 00:58:10.106 | INFO     | scraper.tasks:scrape_company:64 - [tofler] Scraping company: https://www.tofler.in/magnum-ventures-limited/company/L21093DL1980PLC010492
2026-08-15 00:58:10.547 | INFO     | scraper.proxy_manager:_health_check:104 - Proxy health check passed: http://35jovid14xin:***@209.50.172.155:3129 -> 209.50.172.155
2026-08-15 00:58:11.361 | INFO     | scraper.tasks:scrape_company:64 - [tofler] Scraping company: https://www.tofler.in/mohit-paper-mills-limited/company/L21093DL1992PLC116600
2026-08-15 00:58:12.251 | INFO     | scraper.tasks:scrape_company:64 - [tofler] Scraping company: https://www.tofler.in/buy-right-impex-limited/company/L22100DL1983PLC314401
2026-08-15 00:58:12.733 | INFO     | scraper.proxy_manager:_health_check:104 - Proxy health check passed: http://35jovid14xin:***@104.207.48.237:3129 -> 104.207.48.237
2026-08-15 00:58:13.870 | INFO     | scraper.tasks:scrape_company:64 - [tofler] Scraping company: https://www.tofler.in/ht-media-limited/company/L22121DL2002PLC117874
2026-08-15 00:58:18.506 | INFO     | scraper.tasks:_scrape_target:81 - [tofler] page 2: 30 records
2026-08-15 00:58:23.601 | INFO     | scraper.tasks:scrape_company:64 - [tofler] Scraping company: https://www.tofler.in/ett-limited/company/L22122DL1993PLC123728
2026-08-15 00:58:23.603 | INFO     | scraper.tasks:scrape_company:64 - [tofler] Scraping company: https://www.tofler.in/kairosoft-ai-solutions-limited/company/L22209DL1982PLC256291
2026-08-15 00:58:23.604 | INFO     | scraper.tasks:scrape_company:64 - [tofler] Scraping company: https://www.tofler.in/s-chand-and-company-limited/company/L22219DL1970PLC005400
2026-08-15 00:58:24.101 | INFO     | scraper.proxy_manager:_health_check:104 - Proxy health check passed: http://35jovid14xin:***@209.50.187.242:3129 -> 209.50.187.242
2026-08-15 00:58:24.103 | INFO     | scraper.tasks:scrape_company:64 - [tofler] Scraping company: https://www.tofler.in/shree-jagdambe-paper-mills-ltd/company/L22219DL1980PLC167850
2026-08-15 00:58:24.533 | INFO     | scraper.proxy_manager:_health_check:104 - Proxy health check passed: http://35jovid14xin:***@209.50.174.1:3129 -> 209.50.174.1
2026-08-15 00:58:24.534 | INFO     | scraper.tasks:scrape_company:64 - [tofler] Scraping company: https://www.tofler.in/coral-newsprints-limited/company/L22219DL1992PLC048398
2026-08-15 00:58:25.023 | INFO     | scraper.proxy_manager:_health_check:104 - Proxy health check passed: http://35jovid14xin:***@209.50.177.237:3129 -> 209.50.177.237
2026-08-15 00:58:25.024 | INFO     | scraper.tasks:scrape_company:64 - [tofler] Scraping company: https://www.tofler.in/creative-graphics-solutions-india-limited/company/L22219DL2014PLC263964
2026-08-15 00:58:25.514 | INFO     | scraper.proxy_manager:_health_check:104 - Proxy health check passed: http://35jovid14xin:***@65.111.7.112:3129 -> 65.111.7.112
2026-08-15 00:58:30.767 | INFO     | scraper.tasks:scrape_company:64 - [tofler] Scraping company: https://www.tofler.in/maxposure-limited/company/L22229DL2006PLC152087
2026-08-15 00:58:31.373 | INFO     | scraper.proxy_manager:_health_check:104 - Proxy health check passed: http://35jovid14xin:***@45.3.47.200:3129 -> 45.3.47.200
2026-08-15 00:58:31.443 | INFO     | scraper.tasks:scrape_company:64 - [tofler] Scraping company: https://www.tofler.in/indraprastha-gas-limited/company/L23201DL1998PLC097614
2026-08-15 00:58:32.230 | INFO     | scraper.proxy_manager:_health_check:104 - Proxy health check passed: http://35jovid14xin:***@216.26.236.12:3129 -> 216.26.236.12
2026-08-15 00:58:32.278 | INFO     | scraper.tasks:scrape_company:64 - [tofler] Scraping company: https://www.tofler.in/salasar-techno-engineering-limited/company/L23201DL2001PLC174076
2026-08-15 00:58:32.341 | INFO     | scraper.tasks:scrape_company:64 - [tofler] Scraping company: https://www.tofler.in/sanco-industries-limited/company/L24100DL1989PLC035549
2026-08-15 00:58:33.693 | INFO     | scraper.tasks:scrape_company:64 - [tofler] Scraping company: https://www.tofler.in/fabino-life-sciences-limited/company/L24100DL2011PLC226781
2026-08-15 00:58:33.893 | INFO     | scraper.tasks:scrape_company:64 - [tofler] Scraping company: https://www.tofler.in/shreekant-chemical-industries-limited/company/L24119DL1981PLC040762
2026-08-15 00:58:37.325 | INFO     | scraper.tasks:scrape_company:64 - [tofler] Scraping company: https://www.tofler.in/galore-prints-industries-limited/company/L24119DL1988PLC031866
2026-08-15 00:58:39.226 | INFO     | scraper.tasks:scrape_company:64 - [tofler] Scraping company: https://www.tofler.in/bharat-rasayan-limited/company/L24119DL1989PLC036264
2026-08-15 00:58:39.892 | INFO     | scraper.proxy_manager:_health_check:104 - Proxy health check passed: http://35jovid14xin:***@104.167.25.127:3129 -> 104.167.25.127
2026-08-15 00:58:40.523 | INFO     | scraper.tasks:scrape_company:64 - [tofler] Scraping company: https://www.tofler.in/hpc-biosciences-limited/company/L24119DL2002PLC114026
2026-08-15 00:58:40.684 | INFO     | scraper.tasks:scrape_company:64 - [tofler] Scraping company: https://www.tofler.in/florence-investech-limited/company/L24211DL1993PLC254964
2026-08-15 00:58:41.229 | INFO     | scraper.tasks:scrape_company:64 - [tofler] Scraping company: https://www.tofler.in/dhanuka-agritech-limited/company/L24219DL1985PLC020126
2026-08-15 00:58:41.585 | INFO     | scraper.tasks:scrape_company:64 - [tofler] Scraping company: https://www.tofler.in/sirca-paints-india-limited/company/L24219DL2006PLC145092
2026-08-15 00:58:43.021 | INFO     | scraper.tasks:scrape_company:64 - [tofler] Scraping company: https://www.tofler.in/dabur-india-limited/company/L24230DL1975PLC007908
2026-08-15 00:58:43.636 | INFO     | scraper.proxy_manager:_health_check:104 - Proxy health check passed: http://35jovid14xin:***@209.50.183.137:3129 -> 209.50.183.137
2026-08-15 00:58:45.334 | INFO     | scraper.tasks:scrape_company:64 - [tofler] Scraping company: https://www.tofler.in/sterling-webnet-limited/company/L24230DL1995PLC170660
2026-08-15 00:58:46.135 | INFO     | scraper.tasks:scrape_company:64 - [tofler] Scraping company: https://www.tofler.in/indraprastha-medical-corporation-limited/company/L24232DL1988PLC030958
2026-08-15 00:58:46.728 | INFO     | scraper.tasks:scrape_company:64 - [tofler] Scraping company: https://www.tofler.in/welcure-drugs-and-pharmaceuticals-limited/company/L24232DL1996PLC227773
2026-08-15 00:58:47.214 | INFO     | scraper.proxy_manager:_health_check:104 - Proxy health check passed: http://35jovid14xin:***@209.50.178.141:3129 -> 209.50.178.141
2026-08-15 00:58:47.285 | INFO     | scraper.tasks:scrape_company:64 - [tofler] Scraping company: https://www.tofler.in/safal-herbs-limited/company/L24233DL1994PLC290133
2026-08-15 00:58:48.768 | INFO     | scraper.proxy_manager:_health_check:104 - Proxy health check passed: http://35jovid14xin:***@216.26.233.6:3129 -> 216.26.233.6
2026-08-15 00:58:48.839 | INFO     | scraper.tasks:scrape_company:64 - [tofler] Scraping company: https://www.tofler.in/ram-minerals-and-chemicals-limited/company/L24233DL2011PLC282949
2026-08-15 00:58:49.458 | INFO     | scraper.proxy_manager:_health_check:104 - Proxy health check passed: http://35jovid14xin:***@104.207.54.71:3129 -> 104.207.54.71
2026-08-15 00:58:49.553 | INFO     | scraper.tasks:scrape_company:64 - [tofler] Scraping company: https://www.tofler.in/twenty-first-century-medicare-limited/company/L24239DL1985PLC022113
2026-08-15 00:58:50.687 | INFO     | scraper.tasks:scrape_company:64 - [tofler] Scraping company: https://www.tofler.in/anmol-drugs-and-pharmaceuticals-limited/company/L24239DL1986PLC025187
2026-08-15 00:58:51.385 | INFO     | scraper.proxy_manager:_health_check:104 - Proxy health check passed: http://35jovid14xin:***@45.3.40.35:3129 -> 45.3.40.35
2026-08-15 00:58:52.093 | INFO     | scraper.tasks:scrape_company:64 - [tofler] Scraping company: https://www.tofler.in/akums-drugs-and-pharmaceuticals-limited/company/L24239DL2004PLC125888
2026-08-15 00:58:52.703 | INFO     | scraper.proxy_manager:_health_check:104 - Proxy health check passed: http://35jovid14xin:***@216.26.247.12:3129 -> 216.26.247.12
2026-08-15 00:58:54.707 | INFO     | scraper.tasks:scrape_company:64 - [tofler] Scraping company: https://www.tofler.in/sunil-healthcare-limited/company/L24302DL1973PLC189662
2026-08-15 00:58:55.139 | INFO     | scraper.proxy_manager:_health_check:104 - Proxy health check passed: http://35jovid14xin:***@209.50.175.52:3129 -> 209.50.175.52
2026-08-15 00:58:55.199 | INFO     | scraper.tasks:scrape_company:64 - [tofler] Scraping company: https://www.tofler.in/jasch-industries-limited/company/L24302DL1985PLC383771
2026-08-15 00:58:55.293 | INFO     | scraper.tasks:scrape_company:64 - [tofler] Scraping company: https://www.tofler.in/jain-tube-company-limited/company/L25111DL1964PLC004235
2026-08-15 00:59:00.713 | INFO     | scraper.tasks:_scrape_target:81 - [tofler] page 3: 30 records
2026-08-15 00:59:01.168 | INFO     | scraper.proxy_manager:_health_check:104 - Proxy health check passed: http://35jovid14xin:***@65.111.3.206:3129 -> 65.111.3.206
2026-08-15 00:59:06.778 | INFO     | scraper.tasks:scrape_company:64 - [tofler] Scraping company: https://www.tofler.in/vikas-lifecare-limited/company/L25111DL1995PLC073719
2026-08-15 00:59:07.226 | INFO     | scraper.proxy_manager:_health_check:104 - Proxy health check passed: http://35jovid14xin:***@104.207.33.43:3129 -> 104.207.33.43
2026-08-15 00:59:07.227 | INFO     | scraper.tasks:scrape_company:64 - [tofler] Scraping company: https://www.tofler.in/cosco-india-limited/company/L25199DL1980PLC010173
2026-08-15 00:59:07.229 | INFO     | scraper.tasks:scrape_company:64 - [tofler] Scraping company: https://www.tofler.in/a-g-universal-limited/company/L25200DL2008PLC178400
2026-08-15 00:59:07.692 | INFO     | scraper.proxy_manager:_health_check:104 - Proxy health check passed: http://35jovid14xin:***@104.207.34.185:3129 -> 104.207.34.185
2026-08-15 00:59:07.693 | INFO     | scraper.tasks:scrape_company:64 - [tofler] Scraping company: https://www.tofler.in/padmini-technologies-limited/company/L25202DL1990PLC039395
2026-08-15 00:59:08.130 | INFO     | scraper.proxy_manager:_health_check:104 - Proxy health check passed: http://35jovid14xin:***@65.111.5.3:3129 -> 65.111.5.3
2026-08-15 00:59:08.131 | INFO     | scraper.tasks:scrape_company:64 - [tofler] Scraping company: https://www.tofler.in/pearl-polymers-limited/company/L25209DL1971PLC005535
2026-08-15 00:59:08.132 | INFO     | scraper.tasks:scrape_company:64 - [tofler] Scraping company: https://www.tofler.in/premier-polyfilm-limited/company/L25209DL1992PLC049590
2026-08-15 00:59:12.236 | INFO     | scraper.tasks:scrape_company:64 - [tofler] Scraping company: https://www.tofler.in/asahi-india-glass-limited/company/L26102DL1984PLC019542
2026-08-15 00:59:12.482 | INFO     | scraper.tasks:scrape_company:64 - [tofler] Scraping company: https://www.tofler.in/bcl-enterprises-limited/company/L26102DL1985PLC021467
2026-08-15 00:59:13.303 | INFO     | scraper.tasks:scrape_company:64 - [tofler] Scraping company: https://www.tofler.in/sahasra-electronic-solutions-limited/company/L26202DL2023PLC410521
2026-08-15 00:59:13.740 | INFO     | scraper.proxy_manager:_health_check:104 - Proxy health check passed: http://35jovid14xin:***@209.50.170.112:3129 -> 209.50.170.112
2026-08-15 00:59:13.803 | INFO     | scraper.tasks:scrape_company:64 - [tofler] Scraping company: https://www.tofler.in/rrp-defense-limited/company/L26515DL1981PLC012621
2026-08-15 00:59:14.239 | INFO     | scraper.proxy_manager:_health_check:104 - Proxy health check passed: http://35jovid14xin:***@209.50.175.129:3129 -> 209.50.175.129
2026-08-15 00:59:16.657 | INFO     | scraper.tasks:scrape_company:64 - [tofler] Scraping company: https://www.tofler.in/powerful-technologies-limited/company/L26900DL2015PLC277265
2026-08-15 00:59:17.316 | INFO     | scraper.tasks:scrape_company:64 - [tofler] Scraping company: https://www.tofler.in/sainik-finance-and-industries-limited/company/L26912DL1991PLC045449
2026-08-15 00:59:17.749 | INFO     | scraper.proxy_manager:_health_check:104 - Proxy health check passed: http://35jovid14xin:***@216.26.228.103:3129 -> 216.26.228.103
2026-08-15 00:59:17.751 | WARNING  | scraper.fetcher:fetch_page:89 - Proxy connection error, marking bad immediately: http://35jovid14xin:***@65.111.6.147:3129
2026-08-15 00:59:17.752 | WARNING  | scraper.proxy_manager:mark_bad:114 - Proxy marked bad, cooling down 300s: http://35jovid14xin:***@65.111.6.147:3129
2026-08-15 00:59:19.141 | INFO     | scraper.tasks:scrape_company:64 - [tofler] Scraping company: https://www.tofler.in/ccl-international-limited/company/L26940DL1991PLC044520
2026-08-15 00:59:19.386 | INFO     | scraper.tasks:scrape_company:64 - [tofler] Scraping company: https://www.tofler.in/rcc-cements-limited/company/L26942DL1991PLC043776
2026-08-15 00:59:19.437 | INFO     | scraper.tasks:scrape_company:64 - [tofler] Scraping company: https://www.tofler.in/kalyani-cast-tech-limited/company/L26990DL2012PLC242760
2026-08-15 00:59:20.052 | INFO     | scraper.proxy_manager:_health_check:104 - Proxy health check passed: http://35jovid14xin:***@104.207.58.28:3129 -> 104.207.58.28
2026-08-15 00:59:20.122 | INFO     | scraper.tasks:scrape_company:64 - [tofler] Scraping company: https://www.tofler.in/obsc-perfection-limited/company/L27100DL2017PLC314606
2026-08-15 00:59:22.866 | INFO     | scraper.tasks:scrape_company:64 - [tofler] Scraping company: https://www.tofler.in/niraj-ispat-industries-limited/company/L27106DL1985PLC021811
2026-08-15 00:59:25.181 | INFO     | scraper.tasks:scrape_company:64 - [tofler] Scraping company: https://www.tofler.in/hindustan-tin-works-limited/company/L27109DL1958PLC003006
2026-08-15 00:59:25.360 | INFO     | scraper.tasks:scrape_company:64 - [tofler] Scraping company: https://www.tofler.in/rathi-steel-and-power-limited/company/L27109DL1971PLC005905
2026-08-15 00:59:25.967 | INFO     | scraper.proxy_manager:_health_check:104 - Proxy health check passed: http://35jovid14xin:***@209.50.186.136:3129 -> 209.50.186.136
2026-08-15 00:59:26.049 | INFO     | scraper.tasks:scrape_company:64 - [tofler] Scraping company: https://www.tofler.in/steel-authority-of-india-limited/company/L27109DL1973GOI006454
2026-08-15 00:59:26.384 | INFO     | scraper.tasks:scrape_company:64 - [tofler] Scraping company: https://www.tofler.in/bihariji-ispat-udyog-limited/company/L27109DL1974PLC007047
2026-08-15 00:59:27.123 | WARNING  | scraper.fetcher:fetch_page:89 - Proxy connection error, marking bad immediately: http://35jovid14xin:***@209.50.186.174:3129
2026-08-15 00:59:27.123 | WARNING  | scraper.proxy_manager:mark_bad:114 - Proxy marked bad, cooling down 300s: http://35jovid14xin:***@209.50.186.174:3129
2026-08-15 00:59:27.608 | INFO     | scraper.tasks:scrape_company:64 - [tofler] Scraping company: https://www.tofler.in/quod-ispat-limited/company/L27109DL1985PLC021183
2026-08-15 00:59:28.052 | INFO     | scraper.proxy_manager:_health_check:104 - Proxy health check passed: http://35jovid14xin:***@45.3.36.238:3129 -> 45.3.36.238
2026-08-15 00:59:28.730 | INFO     | scraper.proxy_manager:_health_check:104 - Proxy health check passed: http://35jovid14xin:***@216.26.253.54:3129 -> 216.26.253.54
2026-08-15 00:59:29.144 | INFO     | scraper.tasks:scrape_company:64 - [tofler] Scraping company: https://www.tofler.in/novex-commercials-limited/company/L27109DL1985PLC021428
2026-08-15 00:59:31.470 | INFO     | scraper.tasks:scrape_company:64 - [tofler] Scraping company: https://www.tofler.in/mbl-infrastructure-limited/company/L27109DL1995PLC338407
2026-08-15 00:59:31.962 | INFO     | scraper.tasks:scrape_company:64 - [tofler] Scraping company: https://www.tofler.in/gallantt-ispat-limited/company/L27109DL2005PLC350524
2026-08-15 00:59:33.145 | INFO     | scraper.tasks:scrape_company:64 - [tofler] Scraping company: https://www.tofler.in/shriniwas-steel-limited/company/L27189DL1987PLC028846
2026-08-15 00:59:33.411 | INFO     | scraper.tasks:scrape_company:64 - [tofler] Scraping company: https://www.tofler.in/rama-steel-tubes-limited/company/L27201DL1974PLC007114
2026-08-15 00:59:33.527 | INFO     | scraper.tasks:scrape_company:64 - [tofler] Scraping company: https://www.tofler.in/hi-tech-pipes-ltd/company/L27202DL1985PLC019750
2026-08-15 00:59:33.939 | INFO     | scraper.tasks:scrape_company:64 - [tofler] Scraping company: https://www.tofler.in/aravali-industries-limited/company/L27209DL1984PLC017816
2026-08-15 00:59:37.031 | INFO     | scraper.tasks:scrape_company:64 - [tofler] Scraping company: https://www.tofler.in/mfs-intercorp-limited/company/L27209DL1986PLC254555
2026-08-15 00:59:42.085 | INFO     | scraper.tasks:_scrape_target:81 - [tofler] page 4: 30 records
2026-08-15 00:59:42.137 | INFO     | scraper.browser:stop:48 - Browser closed
2026-08-15 01:08:33.388 | INFO     | scraper.browser:start:41 - Browser launched
2026-08-15 01:08:34.137 | INFO     | scraper.proxy_manager:_health_check:104 - Proxy health check passed: http://35jovid14xin:***@209.50.173.254:3129 -> 209.50.173.254
2026-08-15 01:08:39.076 | INFO     | scraper.tasks:scrape_company:64 - [tofler] Scraping company: https://www.tofler.in/omansh-enterprises-limited/company/L01100DL1974PLC241646
2026-08-15 01:08:39.580 | INFO     | scraper.proxy_manager:_health_check:104 - Proxy health check passed: http://35jovid14xin:***@104.207.53.148:3129 -> 104.207.53.148
2026-08-15 01:08:39.583 | INFO     | scraper.tasks:scrape_company:64 - [tofler] Scraping company: https://www.tofler.in/pajson-agro-india-limited/company/L01100DL2021PLC386740
2026-08-15 01:08:40.067 | INFO     | scraper.proxy_manager:_health_check:104 - Proxy health check passed: http://35jovid14xin:***@216.26.242.32:3129 -> 216.26.242.32
2026-08-15 01:08:40.070 | INFO     | scraper.tasks:scrape_company:64 - [tofler] Scraping company: https://www.tofler.in/continental-seeds-and-chemicals-limited/company/L01111DL1983PLC015969
2026-08-15 01:08:40.653 | INFO     | scraper.proxy_manager:_health_check:104 - Proxy health check passed: http://35jovid14xin:***@209.50.181.214:3129 -> 209.50.181.214
2026-08-15 01:08:40.656 | INFO     | scraper.tasks:scrape_company:64 - [tofler] Scraping company: https://www.tofler.in/semaya-limited/company/L01111DL1985PLC021268
2026-08-15 01:08:41.181 | INFO     | scraper.proxy_manager:_health_check:104 - Proxy health check passed: http://35jovid14xin:***@216.26.236.12:3129 -> 216.26.236.12
2026-08-15 01:08:41.185 | INFO     | scraper.tasks:scrape_company:64 - [tofler] Scraping company: https://www.tofler.in/krbl-limited/company/L01111DL1993PLC052845
2026-08-15 01:08:41.740 | INFO     | scraper.proxy_manager:_health_check:104 - Proxy health check passed: http://35jovid14xin:***@65.111.27.242:3129 -> 65.111.27.242
2026-08-15 01:08:41.742 | INFO     | scraper.tasks:scrape_company:64 - [tofler] Scraping company: https://www.tofler.in/dr-m-induscorp-limited/company/L01119DL1986PLC023698
2026-08-15 01:08:42.249 | INFO     | scraper.proxy_manager:_health_check:104 - Proxy health check passed: http://35jovid14xin:***@216.26.253.54:3129 -> 216.26.253.54
2026-08-15 01:08:46.069 | INFO     | scraper.tasks:scrape_company:64 - [tofler] Scraping company: https://www.tofler.in/hindustan-agrigentics-limited/company/L01119DL1990PLC040979
2026-08-15 01:08:46.512 | INFO     | scraper.proxy_manager:_health_check:104 - Proxy health check passed: http://35jovid14xin:***@216.26.231.123:3129 -> 216.26.231.123
2026-08-15 01:08:46.590 | INFO     | scraper.tasks:scrape_company:64 - [tofler] Scraping company: https://www.tofler.in/aayush-wellness-limited/company/L01122DL1984PLC018307
2026-08-15 01:08:47.100 | INFO     | scraper.proxy_manager:_health_check:104 - Proxy health check passed: http://35jovid14xin:***@216.26.249.142:3129 -> 216.26.249.142
2026-08-15 01:08:47.173 | INFO     | scraper.tasks:scrape_company:64 - [tofler] Scraping company: https://www.tofler.in/sc-agrotech-limited/company/L01122DL1990PLC042207
2026-08-15 01:08:47.716 | INFO     | scraper.proxy_manager:_health_check:104 - Proxy health check passed: http://35jovid14xin:***@216.26.252.117:3129 -> 216.26.252.117
2026-08-15 01:08:47.755 | INFO     | scraper.tasks:scrape_company:64 - [tofler] Scraping company: https://www.tofler.in/shivamshree-businesses-limited/company/L01403DL1983PLC015704
2026-08-15 01:08:48.293 | INFO     | scraper.proxy_manager:_health_check:104 - Proxy health check passed: http://35jovid14xin:***@104.207.63.18:3129 -> 104.207.63.18
2026-08-15 01:08:48.773 | INFO     | scraper.tasks:scrape_company:64 - [tofler] Scraping company: https://www.tofler.in/fratelli-vineyards-limited/company/L11020DL2009PLC186397
2026-08-15 01:08:49.283 | INFO     | scraper.proxy_manager:_health_check:104 - Proxy health check passed: http://35jovid14xin:***@209.50.186.174:3129 -> 209.50.186.174
2026-08-15 01:08:49.343 | INFO     | scraper.tasks:scrape_company:64 - [tofler] Scraping company: https://www.tofler.in/landmark-property-development-company-limited/company/L13100DL1976PLC188942
2026-08-15 01:08:49.854 | INFO     | scraper.proxy_manager:_health_check:104 - Proxy health check passed: http://35jovid14xin:***@104.207.54.222:3129 -> 104.207.54.222
2026-08-15 01:08:51.982 | INFO     | scraper.tasks:scrape_company:64 - [tofler] Scraping company: https://www.tofler.in/spl-industries-limited/company/L13139DL1991PLC062744
2026-08-15 01:08:52.433 | INFO     | scraper.proxy_manager:_health_check:104 - Proxy health check passed: http://35jovid14xin:***@45.3.37.13:3129 -> 45.3.37.13
2026-08-15 01:08:52.508 | INFO     | scraper.tasks:scrape_company:64 - [tofler] Scraping company: https://www.tofler.in/sajjan-commercial-enterprises-ltd/company/L13203DL1985PLC021536
2026-08-15 01:08:52.539 | INFO     | scraper.tasks:scrape_company:64 - [tofler] Scraping company: https://www.tofler.in/hoac-foods-india-limited/company/L15120DL2018PLC330739
2026-08-15 01:08:52.984 | INFO     | scraper.proxy_manager:_health_check:104 - Proxy health check passed: http://35jovid14xin:***@65.111.2.208:3129 -> 65.111.2.208
2026-08-15 01:08:53.463 | INFO     | scraper.tasks:scrape_company:64 - [tofler] Scraping company: https://www.tofler.in/devyani-international-limited/company/L15135DL1991PLC046758
2026-08-15 01:08:53.893 | INFO     | scraper.proxy_manager:_health_check:104 - Proxy health check passed: http://35jovid14xin:***@209.50.169.126:3129 -> 209.50.169.126
2026-08-15 01:08:53.950 | INFO     | scraper.tasks:scrape_company:64 - [tofler] Scraping company: https://www.tofler.in/modi-naturals-limited/company/L15142DL1974PLC007349
2026-08-15 01:08:54.453 | INFO     | scraper.proxy_manager:_health_check:104 - Proxy health check passed: http://35jovid14xin:***@209.50.190.159:3129 -> 209.50.190.159
2026-08-15 01:08:56.268 | INFO     | scraper.tasks:scrape_company:64 - [tofler] Scraping company: https://www.tofler.in/reliance-infotek-limited/company/L15142DL1987PLC029899
2026-08-15 01:08:56.714 | INFO     | scraper.proxy_manager:_health_check:104 - Proxy health check passed: http://35jovid14xin:***@65.111.2.54:3129 -> 65.111.2.54
2026-08-15 01:08:57.664 | INFO     | scraper.tasks:scrape_company:64 - [tofler] Scraping company: https://www.tofler.in/tarai-foods-limited/company/L15142DL1990PLC039291
2026-08-15 01:08:58.104 | INFO     | scraper.proxy_manager:_health_check:104 - Proxy health check passed: http://35jovid14xin:***@216.26.230.52:3129 -> 216.26.230.52
2026-08-15 01:08:58.108 | WARNING  | scraper.fetcher:fetch_page:89 - Proxy connection error, marking bad immediately: http://35jovid14xin:***@65.111.2.54:3129
2026-08-15 01:08:58.108 | WARNING  | scraper.proxy_manager:mark_bad:114 - Proxy marked bad, cooling down 300s: http://35jovid14xin:***@65.111.2.54:3129
2026-08-15 01:08:58.190 | INFO     | scraper.tasks:scrape_company:64 - [tofler] Scraping company: https://www.tofler.in/superior-industrial-enterprises-limited/company/L15142DL1991PLC046469
2026-08-15 01:08:59.636 | INFO     | scraper.proxy_manager:_health_check:104 - Proxy health check passed: http://35jovid14xin:***@65.111.3.206:3129 -> 65.111.3.206
2026-08-15 01:09:00.146 | INFO     | scraper.proxy_manager:_health_check:104 - Proxy health check passed: http://35jovid14xin:***@216.26.244.72:3129 -> 216.26.244.72
2026-08-15 01:09:00.215 | INFO     | scraper.tasks:scrape_company:64 - [tofler] Scraping company: https://www.tofler.in/nestle-india-limited/company/L15202DL1959PLC003786
2026-08-15 01:09:00.999 | INFO     | scraper.proxy_manager:_health_check:104 - Proxy health check passed: http://35jovid14xin:***@45.3.36.238:3129 -> 45.3.36.238
2026-08-15 01:09:01.082 | INFO     | scraper.tasks:scrape_company:64 - [tofler] Scraping company: https://www.tofler.in/mahavira-foods-limited/company/L15310DL1988PLC033651
2026-08-15 01:09:01.586 | INFO     | scraper.proxy_manager:_health_check:104 - Proxy health check passed: http://35jovid14xin:***@209.50.184.140:3129 -> 209.50.184.140
2026-08-15 01:09:01.737 | INFO     | scraper.tasks:scrape_company:64 - [tofler] Scraping company: https://www.tofler.in/kumar-food-industries-limited/company/L15310DL1991PLC043456
2026-08-15 01:09:02.171 | INFO     | scraper.proxy_manager:_health_check:104 - Proxy health check passed: http://35jovid14xin:***@45.3.36.10:3129 -> 45.3.36.10
2026-08-15 01:09:05.720 | INFO     | scraper.tasks:scrape_company:64 - [tofler] Scraping company: https://www.tofler.in/focus-industrial-resources-limited/company/L15319DL1985PLC021348
2026-08-15 01:09:05.979 | INFO     | scraper.tasks:scrape_company:64 - [tofler] Scraping company: https://www.tofler.in/mahaan-foods-limited/company/L15419DL1987PLC350285
2026-08-15 01:09:06.489 | INFO     | scraper.proxy_manager:_health_check:104 - Proxy health check passed: http://35jovid14xin:***@216.26.252.138:3129 -> 216.26.252.138
2026-08-15 01:09:06.577 | INFO     | scraper.tasks:scrape_company:64 - [tofler] Scraping company: https://www.tofler.in/visisth-chay-vyapar-limited/company/L15491DL1985PLC019848
2026-08-15 01:09:07.083 | INFO     | scraper.proxy_manager:_health_check:104 - Proxy health check passed: http://35jovid14xin:***@195.63.31.72:3129 -> 195.63.31.72
2026-08-15 01:09:07.153 | INFO     | scraper.tasks:scrape_company:64 - [tofler] Scraping company: https://www.tofler.in/regent-enterprises-limited/company/L15500DL1994PLC153183
2026-08-15 01:09:07.591 | INFO     | scraper.proxy_manager:_health_check:104 - Proxy health check passed: http://35jovid14xin:***@209.50.175.52:3129 -> 209.50.175.52
2026-08-15 01:09:07.691 | INFO     | scraper.tasks:scrape_company:64 - [tofler] Scraping company: https://www.tofler.in/lacy-limited/company/L15511DL1985PLC021272
2026-08-15 01:09:09.037 | INFO     | scraper.tasks:scrape_company:64 - [tofler] Scraping company: https://www.tofler.in/hindustan-breweries-and-bottling-limited/company/L15549DL1909PLC005478
2026-08-15 01:09:09.572 | INFO     | scraper.tasks:scrape_company:64 - [tofler] Scraping company: https://www.tofler.in/john-oakey-and-mohan-limited/company/L15549DL1962PLC003726
2026-08-15 01:09:10.057 | INFO     | scraper.proxy_manager:_health_check:104 - Proxy health check passed: http://35jovid14xin:***@45.3.41.225:3129 -> 45.3.41.225
2026-08-15 01:09:15.030 | INFO     | scraper.tasks:_scrape_target:81 - [tofler] page 1: 30 records
2026-08-15 01:09:15.077 | INFO     | scraper.browser:stop:48 - Browser closed
2026-08-15 01:11:24.920 | INFO     | scraper.browser:start:41 - Browser launched
2026-08-15 01:11:25.437 | INFO     | scraper.proxy_manager:_health_check:104 - Proxy health check passed: http://35jovid14xin:***@104.167.25.196:3129 -> 104.167.25.196
2026-08-15 01:11:30.969 | INFO     | scraper.tasks:scrape_company:64 - [tofler] Scraping company: https://www.tofler.in/omansh-enterprises-limited/company/L01100DL1974PLC241646
2026-08-15 01:11:31.481 | INFO     | scraper.proxy_manager:_health_check:104 - Proxy health check passed: http://35jovid14xin:***@209.50.183.137:3129 -> 209.50.183.137
2026-08-15 01:11:31.483 | INFO     | scraper.tasks:scrape_company:64 - [tofler] Scraping company: https://www.tofler.in/pajson-agro-india-limited/company/L01100DL2021PLC386740
2026-08-15 01:11:31.970 | INFO     | scraper.proxy_manager:_health_check:104 - Proxy health check passed: http://35jovid14xin:***@104.207.48.237:3129 -> 104.207.48.237
2026-08-15 01:11:31.972 | INFO     | scraper.tasks:scrape_company:64 - [tofler] Scraping company: https://www.tofler.in/continental-seeds-and-chemicals-limited/company/L01111DL1983PLC015969
2026-08-15 01:11:33.304 | INFO     | scraper.proxy_manager:_health_check:104 - Proxy health check passed: http://35jovid14xin:***@45.3.32.31:3129 -> 45.3.32.31
2026-08-15 01:11:33.308 | INFO     | scraper.tasks:scrape_company:64 - [tofler] Scraping company: https://www.tofler.in/semaya-limited/company/L01111DL1985PLC021268
2026-08-15 01:11:33.961 | INFO     | scraper.proxy_manager:_health_check:104 - Proxy health check passed: http://35jovid14xin:***@65.111.3.206:3129 -> 65.111.3.206
2026-08-15 01:11:33.964 | INFO     | scraper.tasks:scrape_company:64 - [tofler] Scraping company: https://www.tofler.in/krbl-limited/company/L01111DL1993PLC052845
2026-08-15 01:11:34.406 | INFO     | scraper.proxy_manager:_health_check:104 - Proxy health check passed: http://35jovid14xin:***@45.3.48.207:3129 -> 45.3.48.207
2026-08-15 01:11:34.409 | INFO     | scraper.tasks:scrape_company:64 - [tofler] Scraping company: https://www.tofler.in/dr-m-induscorp-limited/company/L01119DL1986PLC023698
2026-08-15 01:11:34.845 | INFO     | scraper.proxy_manager:_health_check:104 - Proxy health check passed: http://35jovid14xin:***@65.111.3.154:3129 -> 65.111.3.154
2026-08-15 01:11:39.331 | INFO     | scraper.tasks:scrape_company:64 - [tofler] Scraping company: https://www.tofler.in/hindustan-agrigentics-limited/company/L01119DL1990PLC040979
2026-08-15 01:11:39.774 | INFO     | scraper.proxy_manager:_health_check:104 - Proxy health check passed: http://35jovid14xin:***@209.50.173.254:3129 -> 209.50.173.254
2026-08-15 01:11:40.179 | INFO     | scraper.tasks:scrape_company:64 - [tofler] Scraping company: https://www.tofler.in/aayush-wellness-limited/company/L01122DL1984PLC018307
2026-08-15 01:11:41.631 | WARNING  | scraper.proxy_manager:_health_check:108 - Proxy health check failed: http://35jovid14xin:***@216.26.236.12:3129 - 429 Client Error: Not Enough Connections for url: http://httpbin.org/ip
2026-08-15 01:11:42.148 | INFO     | scraper.proxy_manager:_health_check:104 - Proxy health check passed: http://35jovid14xin:***@209.50.181.214:3129 -> 209.50.181.214
2026-08-15 01:11:42.219 | INFO     | scraper.tasks:scrape_company:64 - [tofler] Scraping company: https://www.tofler.in/sc-agrotech-limited/company/L01122DL1990PLC042207
2026-08-15 01:11:42.668 | INFO     | scraper.proxy_manager:_health_check:104 - Proxy health check passed: http://35jovid14xin:***@209.50.161.239:3129 -> 209.50.161.239
2026-08-15 01:11:42.703 | INFO     | scraper.tasks:scrape_company:64 - [tofler] Scraping company: https://www.tofler.in/shivamshree-businesses-limited/company/L01403DL1983PLC015704
2026-08-15 01:11:45.138 | WARNING  | scraper.proxy_manager:_health_check:108 - Proxy health check failed: http://35jovid14xin:***@65.111.2.54:3129 - 429 Client Error: Not Enough Connections for url: http://httpbin.org/ip
2026-08-15 01:11:45.579 | INFO     | scraper.proxy_manager:_health_check:104 - Proxy health check passed: http://35jovid14xin:***@209.50.168.70:3129 -> 209.50.168.70
2026-08-15 01:11:45.654 | INFO     | scraper.tasks:scrape_company:64 - [tofler] Scraping company: https://www.tofler.in/fratelli-vineyards-limited/company/L11020DL2009PLC186397
2026-08-15 01:11:46.161 | INFO     | scraper.proxy_manager:_health_check:104 - Proxy health check passed: http://35jovid14xin:***@209.50.190.159:3129 -> 209.50.190.159
2026-08-15 01:11:46.306 | INFO     | scraper.tasks:scrape_company:64 - [tofler] Scraping company: https://www.tofler.in/landmark-property-development-company-limited/company/L13100DL1976PLC188942
2026-08-15 01:11:46.749 | INFO     | scraper.proxy_manager:_health_check:104 - Proxy health check passed: http://35jovid14xin:***@104.207.38.58:3129 -> 104.207.38.58
2026-08-15 01:11:46.877 | INFO     | scraper.tasks:scrape_company:64 - [tofler] Scraping company: https://www.tofler.in/spl-industries-limited/company/L13139DL1991PLC062744
2026-08-15 01:11:47.308 | INFO     | scraper.proxy_manager:_health_check:104 - Proxy health check passed: http://35jovid14xin:***@216.26.228.103:3129 -> 216.26.228.103
2026-08-15 01:11:50.106 | INFO     | scraper.tasks:scrape_company:64 - [tofler] Scraping company: https://www.tofler.in/sajjan-commercial-enterprises-ltd/company/L13203DL1985PLC021536
2026-08-15 01:11:50.588 | INFO     | scraper.proxy_manager:_health_check:104 - Proxy health check passed: http://35jovid14xin:***@209.50.187.242:3129 -> 209.50.187.242
2026-08-15 01:11:50.664 | INFO     | scraper.tasks:scrape_company:64 - [tofler] Scraping company: https://www.tofler.in/hoac-foods-india-limited/company/L15120DL2018PLC330739
2026-08-15 01:11:51.106 | INFO     | scraper.proxy_manager:_health_check:104 - Proxy health check passed: http://35jovid14xin:***@65.111.5.3:3129 -> 65.111.5.3
2026-08-15 01:11:51.536 | INFO     | scraper.tasks:scrape_company:64 - [tofler] Scraping company: https://www.tofler.in/devyani-international-limited/company/L15135DL1991PLC046758
2026-08-15 01:11:51.628 | INFO     | scraper.tasks:scrape_company:64 - [tofler] Scraping company: https://www.tofler.in/modi-naturals-limited/company/L15142DL1974PLC007349
2026-08-15 01:11:53.058 | INFO     | scraper.proxy_manager:_health_check:104 - Proxy health check passed: http://35jovid14xin:***@209.50.171.216:3129 -> 209.50.171.216
2026-08-15 01:11:53.118 | INFO     | scraper.tasks:scrape_company:64 - [tofler] Scraping company: https://www.tofler.in/reliance-infotek-limited/company/L15142DL1987PLC029899
2026-08-15 01:11:53.554 | INFO     | scraper.proxy_manager:_health_check:104 - Proxy health check passed: http://35jovid14xin:***@45.3.36.87:3129 -> 45.3.36.87
2026-08-15 01:11:54.260 | INFO     | scraper.tasks:scrape_company:64 - [tofler] Scraping company: https://www.tofler.in/tarai-foods-limited/company/L15142DL1990PLC039291
2026-08-15 01:11:54.763 | INFO     | scraper.proxy_manager:_health_check:104 - Proxy health check passed: http://35jovid14xin:***@104.207.58.28:3129 -> 104.207.58.28
2026-08-15 01:11:56.540 | INFO     | scraper.tasks:scrape_company:64 - [tofler] Scraping company: https://www.tofler.in/superior-industrial-enterprises-limited/company/L15142DL1991PLC046469
2026-08-15 01:11:56.870 | INFO     | scraper.tasks:scrape_company:64 - [tofler] Scraping company: https://www.tofler.in/nestle-india-limited/company/L15202DL1959PLC003786
2026-08-15 01:11:58.265 | INFO     | scraper.tasks:scrape_company:64 - [tofler] Scraping company: https://www.tofler.in/mahavira-foods-limited/company/L15310DL1988PLC033651
2026-08-15 01:11:58.782 | INFO     | scraper.proxy_manager:_health_check:104 - Proxy health check passed: http://35jovid14xin:***@104.207.56.210:3129 -> 104.207.56.210
2026-08-15 01:11:58.864 | INFO     | scraper.tasks:scrape_company:64 - [tofler] Scraping company: https://www.tofler.in/kumar-food-industries-limited/company/L15310DL1991PLC043456
2026-08-15 01:11:59.389 | INFO     | scraper.proxy_manager:_health_check:104 - Proxy health check passed: http://35jovid14xin:***@104.207.54.222:3129 -> 104.207.54.222
2026-08-15 01:11:59.438 | INFO     | scraper.tasks:scrape_company:64 - [tofler] Scraping company: https://www.tofler.in/focus-industrial-resources-limited/company/L15319DL1985PLC021348
2026-08-15 01:11:59.948 | INFO     | scraper.proxy_manager:_health_check:104 - Proxy health check passed: http://35jovid14xin:***@151.123.176.154:3129 -> 151.123.176.154
2026-08-15 01:12:00.061 | INFO     | scraper.tasks:scrape_company:64 - [tofler] Scraping company: https://www.tofler.in/mahaan-foods-limited/company/L15419DL1987PLC350285
2026-08-15 01:12:00.636 | INFO     | scraper.proxy_manager:_health_check:104 - Proxy health check passed: http://35jovid14xin:***@65.111.30.48:3129 -> 65.111.30.48
2026-08-15 01:12:02.090 | INFO     | scraper.tasks:scrape_company:64 - [tofler] Scraping company: https://www.tofler.in/visisth-chay-vyapar-limited/company/L15491DL1985PLC019848
2026-08-15 01:12:02.574 | INFO     | scraper.proxy_manager:_health_check:104 - Proxy health check passed: http://35jovid14xin:***@216.26.237.117:3129 -> 216.26.237.117
2026-08-15 01:12:02.656 | INFO     | scraper.tasks:scrape_company:64 - [tofler] Scraping company: https://www.tofler.in/regent-enterprises-limited/company/L15500DL1994PLC153183
2026-08-15 01:12:03.163 | INFO     | scraper.proxy_manager:_health_check:104 - Proxy health check passed: http://35jovid14xin:***@45.3.42.206:3129 -> 45.3.42.206
2026-08-15 01:12:03.903 | INFO     | scraper.tasks:scrape_company:64 - [tofler] Scraping company: https://www.tofler.in/lacy-limited/company/L15511DL1985PLC021272
2026-08-15 01:12:05.221 | WARNING  | scraper.proxy_manager:_health_check:108 - Proxy health check failed: http://35jovid14xin:***@151.123.178.84:3129 - 429 Client Error: Not Enough Connections for url: http://httpbin.org/ip
2026-08-15 01:12:05.654 | INFO     | scraper.proxy_manager:_health_check:104 - Proxy health check passed: http://35jovid14xin:***@65.111.4.104:3129 -> 65.111.4.104
2026-08-15 01:12:06.117 | INFO     | scraper.tasks:scrape_company:64 - [tofler] Scraping company: https://www.tofler.in/hindustan-breweries-and-bottling-limited/company/L15549DL1909PLC005478
2026-08-15 01:12:06.311 | INFO     | scraper.tasks:scrape_company:64 - [tofler] Scraping company: https://www.tofler.in/john-oakey-and-mohan-limited/company/L15549DL1962PLC003726
2026-08-15 01:12:06.797 | INFO     | scraper.proxy_manager:_health_check:104 - Proxy health check passed: http://35jovid14xin:***@45.3.46.44:3129 -> 45.3.46.44
2026-08-15 01:12:16.622 | INFO     | scraper.tasks:_scrape_target:81 - [tofler] page 1: 30 records
2026-08-15 01:12:16.652 | INFO     | scraper.browser:stop:48 - Browser closed
2026-08-15 01:26:13.709 | INFO     | scraper.browser:start:41 - Browser launched
2026-08-15 01:26:14.172 | INFO     | scraper.proxy_manager:_health_check:104 - Proxy health check passed: http://35jovid14xin:***@65.111.3.154:3129 -> 65.111.3.154
2026-08-15 01:26:20.032 | INFO     | scraper.tasks:scrape_company:64 - [tofler] Scraping company: https://www.tofler.in/omansh-enterprises-limited/company/L01100DL1974PLC241646
2026-08-15 01:26:20.606 | INFO     | scraper.proxy_manager:_health_check:104 - Proxy health check passed: http://35jovid14xin:***@104.207.34.185:3129 -> 104.207.34.185
2026-08-15 01:26:20.611 | INFO     | scraper.tasks:scrape_company:64 - [tofler] Scraping company: https://www.tofler.in/pajson-agro-india-limited/company/L01100DL2021PLC386740
2026-08-15 01:26:21.220 | INFO     | scraper.proxy_manager:_health_check:104 - Proxy health check passed: http://35jovid14xin:***@65.111.1.107:3129 -> 65.111.1.107
2026-08-15 01:26:21.224 | INFO     | scraper.tasks:scrape_company:64 - [tofler] Scraping company: https://www.tofler.in/continental-seeds-and-chemicals-limited/company/L01111DL1983PLC015969
2026-08-15 01:26:21.743 | INFO     | scraper.proxy_manager:_health_check:104 - Proxy health check passed: http://35jovid14xin:***@216.26.248.81:3129 -> 216.26.248.81
2026-08-15 01:26:21.754 | INFO     | scraper.tasks:scrape_company:64 - [tofler] Scraping company: https://www.tofler.in/semaya-limited/company/L01111DL1985PLC021268
2026-08-15 01:26:22.246 | INFO     | scraper.proxy_manager:_health_check:104 - Proxy health check passed: http://35jovid14xin:***@209.50.163.24:3129 -> 209.50.163.24
2026-08-15 01:26:22.252 | INFO     | scraper.tasks:scrape_company:64 - [tofler] Scraping company: https://www.tofler.in/krbl-limited/company/L01111DL1993PLC052845
2026-08-15 01:26:23.065 | INFO     | scraper.proxy_manager:_health_check:104 - Proxy health check passed: http://35jovid14xin:***@209.50.186.174:3129 -> 209.50.186.174
2026-08-15 01:26:23.075 | INFO     | scraper.tasks:scrape_company:64 - [tofler] Scraping company: https://www.tofler.in/dr-m-induscorp-limited/company/L01119DL1986PLC023698
2026-08-15 01:26:23.576 | INFO     | scraper.proxy_manager:_health_check:104 - Proxy health check passed: http://35jovid14xin:***@209.50.172.155:3129 -> 209.50.172.155
2026-08-15 01:26:27.912 | INFO     | scraper.tasks:scrape_company:64 - [tofler] Scraping company: https://www.tofler.in/hindustan-agrigentics-limited/company/L01119DL1990PLC040979
2026-08-15 01:26:28.524 | INFO     | scraper.proxy_manager:_health_check:104 - Proxy health check passed: http://35jovid14xin:***@65.111.30.48:3129 -> 65.111.30.48
2026-08-15 01:26:28.602 | INFO     | scraper.tasks:scrape_company:64 - [tofler] Scraping company: https://www.tofler.in/aayush-wellness-limited/company/L01122DL1984PLC018307
2026-08-15 01:26:29.103 | INFO     | scraper.proxy_manager:_health_check:104 - Proxy health check passed: http://35jovid14xin:***@216.26.244.197:3129 -> 216.26.244.197
2026-08-15 01:26:29.176 | INFO     | scraper.tasks:scrape_company:64 - [tofler] Scraping company: https://www.tofler.in/sc-agrotech-limited/company/L01122DL1990PLC042207
2026-08-15 01:26:29.819 | INFO     | scraper.proxy_manager:_health_check:104 - Proxy health check passed: http://35jovid14xin:***@151.123.176.200:3129 -> 151.123.176.200
2026-08-15 01:26:29.905 | INFO     | scraper.tasks:scrape_company:64 - [tofler] Scraping company: https://www.tofler.in/shivamshree-businesses-limited/company/L01403DL1983PLC015704
2026-08-15 01:26:30.406 | INFO     | scraper.proxy_manager:_health_check:104 - Proxy health check passed: http://35jovid14xin:***@195.63.31.72:3129 -> 195.63.31.72
2026-08-15 01:26:30.457 | INFO     | scraper.tasks:scrape_company:64 - [tofler] Scraping company: https://www.tofler.in/fratelli-vineyards-limited/company/L11020DL2009PLC186397
2026-08-15 01:26:30.952 | INFO     | scraper.proxy_manager:_health_check:104 - Proxy health check passed: http://35jovid14xin:***@45.3.41.225:3129 -> 45.3.41.225
2026-08-15 01:26:31.026 | INFO     | scraper.tasks:scrape_company:64 - [tofler] Scraping company: https://www.tofler.in/landmark-property-development-company-limited/company/L13100DL1976PLC188942
2026-08-15 01:26:31.545 | INFO     | scraper.proxy_manager:_health_check:104 - Proxy health check passed: http://35jovid14xin:***@216.26.252.117:3129 -> 216.26.252.117
2026-08-15 01:26:35.642 | INFO     | scraper.tasks:scrape_company:64 - [tofler] Scraping company: https://www.tofler.in/spl-industries-limited/company/L13139DL1991PLC062744
2026-08-15 01:26:36.140 | INFO     | scraper.proxy_manager:_health_check:104 - Proxy health check passed: http://35jovid14xin:***@65.111.6.147:3129 -> 65.111.6.147
2026-08-15 01:26:36.214 | INFO     | scraper.tasks:scrape_company:64 - [tofler] Scraping company: https://www.tofler.in/sajjan-commercial-enterprises-ltd/company/L13203DL1985PLC021536
2026-08-15 01:26:36.666 | INFO     | scraper.proxy_manager:_health_check:104 - Proxy health check passed: http://35jovid14xin:***@216.26.230.52:3129 -> 216.26.230.52
2026-08-15 01:26:36.707 | INFO     | scraper.tasks:scrape_company:64 - [tofler] Scraping company: https://www.tofler.in/hoac-foods-india-limited/company/L15120DL2018PLC330739
2026-08-15 01:26:37.201 | INFO     | scraper.proxy_manager:_health_check:104 - Proxy health check passed: http://35jovid14xin:***@209.50.178.141:3129 -> 209.50.178.141
2026-08-15 01:26:37.298 | INFO     | scraper.tasks:scrape_company:64 - [tofler] Scraping company: https://www.tofler.in/devyani-international-limited/company/L15135DL1991PLC046758
2026-08-15 01:26:37.883 | INFO     | scraper.tasks:scrape_company:64 - [tofler] Scraping company: https://www.tofler.in/modi-naturals-limited/company/L15142DL1974PLC007349
2026-08-15 01:26:38.326 | INFO     | scraper.proxy_manager:_health_check:104 - Proxy health check passed: http://35jovid14xin:***@104.167.25.196:3129 -> 104.167.25.196
2026-08-15 01:26:38.392 | INFO     | scraper.tasks:scrape_company:64 - [tofler] Scraping company: https://www.tofler.in/reliance-infotek-limited/company/L15142DL1987PLC029899
2026-08-15 01:26:38.825 | INFO     | scraper.proxy_manager:_health_check:104 - Proxy health check passed: http://35jovid14xin:***@45.3.36.70:3129 -> 45.3.36.70
2026-08-15 01:26:42.325 | INFO     | scraper.tasks:scrape_company:64 - [tofler] Scraping company: https://www.tofler.in/tarai-foods-limited/company/L15142DL1990PLC039291
2026-08-15 01:26:42.908 | INFO     | scraper.proxy_manager:_health_check:104 - Proxy health check passed: http://35jovid14xin:***@209.50.187.242:3129 -> 209.50.187.242
2026-08-15 01:26:43.449 | INFO     | scraper.tasks:scrape_company:64 - [tofler] Scraping company: https://www.tofler.in/superior-industrial-enterprises-limited/company/L15142DL1991PLC046469
2026-08-15 01:26:44.224 | INFO     | scraper.tasks:scrape_company:64 - [tofler] Scraping company: https://www.tofler.in/nestle-india-limited/company/L15202DL1959PLC003786
2026-08-15 01:26:45.678 | INFO     | scraper.proxy_manager:_health_check:104 - Proxy health check passed: http://35jovid14xin:***@45.3.37.13:3129 -> 45.3.37.13
2026-08-15 01:26:45.785 | INFO     | scraper.tasks:scrape_company:64 - [tofler] Scraping company: https://www.tofler.in/mahavira-foods-limited/company/L15310DL1988PLC033651
2026-08-15 01:26:46.294 | INFO     | scraper.proxy_manager:_health_check:104 - Proxy health check passed: http://35jovid14xin:***@209.50.183.4:3129 -> 209.50.183.4
2026-08-15 01:26:46.345 | INFO     | scraper.tasks:scrape_company:64 - [tofler] Scraping company: https://www.tofler.in/kumar-food-industries-limited/company/L15310DL1991PLC043456
2026-08-15 01:26:46.603 | INFO     | scraper.tasks:scrape_company:64 - [tofler] Scraping company: https://www.tofler.in/focus-industrial-resources-limited/company/L15319DL1985PLC021348
2026-08-15 01:26:47.154 | INFO     | scraper.proxy_manager:_health_check:104 - Proxy health check passed: http://35jovid14xin:***@216.26.225.103:3129 -> 216.26.225.103
2026-08-15 01:26:47.638 | INFO     | scraper.tasks:scrape_company:64 - [tofler] Scraping company: https://www.tofler.in/mahaan-foods-limited/company/L15419DL1987PLC350285
2026-08-15 01:26:48.154 | INFO     | scraper.proxy_manager:_health_check:104 - Proxy health check passed: http://35jovid14xin:***@216.26.255.49:3129 -> 216.26.255.49
2026-08-15 01:26:48.752 | INFO     | scraper.tasks:scrape_company:64 - [tofler] Scraping company: https://www.tofler.in/visisth-chay-vyapar-limited/company/L15491DL1985PLC019848
2026-08-15 01:26:49.523 | INFO     | scraper.proxy_manager:_health_check:104 - Proxy health check passed: http://35jovid14xin:***@65.111.2.54:3129 -> 65.111.2.54
2026-08-15 01:26:50.378 | INFO     | scraper.tasks:scrape_company:64 - [tofler] Scraping company: https://www.tofler.in/regent-enterprises-limited/company/L15500DL1994PLC153183
2026-08-15 01:26:50.818 | INFO     | scraper.proxy_manager:_health_check:104 - Proxy health check passed: http://35jovid14xin:***@104.207.33.43:3129 -> 104.207.33.43
2026-08-15 01:26:52.169 | INFO     | scraper.tasks:scrape_company:64 - [tofler] Scraping company: https://www.tofler.in/lacy-limited/company/L15511DL1985PLC021272
2026-08-15 01:26:52.630 | INFO     | scraper.proxy_manager:_health_check:104 - Proxy health check passed: http://35jovid14xin:***@209.50.170.112:3129 -> 209.50.170.112
2026-08-15 01:26:52.728 | INFO     | scraper.tasks:scrape_company:64 - [tofler] Scraping company: https://www.tofler.in/hindustan-breweries-and-bottling-limited/company/L15549DL1909PLC005478
2026-08-15 01:26:53.250 | INFO     | scraper.proxy_manager:_health_check:104 - Proxy health check passed: http://35jovid14xin:***@104.207.63.18:3129 -> 104.207.63.18
2026-08-15 01:26:53.666 | INFO     | scraper.tasks:scrape_company:64 - [tofler] Scraping company: https://www.tofler.in/john-oakey-and-mohan-limited/company/L15549DL1962PLC003726
2026-08-15 01:26:54.228 | INFO     | scraper.proxy_manager:_health_check:104 - Proxy health check passed: http://35jovid14xin:***@104.207.54.0:3129 -> 104.207.54.0
2026-08-15 01:26:58.927 | INFO     | scraper.tasks:_scrape_target:81 - [tofler] page 1: 30 records
2026-08-15 01:26:59.377 | INFO     | scraper.proxy_manager:_health_check:104 - Proxy health check passed: http://35jovid14xin:***@216.26.231.123:3129 -> 216.26.231.123
2026-08-15 01:27:04.940 | INFO     | scraper.tasks:scrape_company:64 - [tofler] Scraping company: https://www.tofler.in/elitecon-international-limited/company/L16000DL1987PLC396234
2026-08-15 01:27:05.378 | INFO     | scraper.proxy_manager:_health_check:104 - Proxy health check passed: http://35jovid14xin:***@65.111.3.206:3129 -> 65.111.3.206
2026-08-15 01:27:05.390 | INFO     | scraper.tasks:scrape_company:64 - [tofler] Scraping company: https://www.tofler.in/srm-energy-limited/company/L17100DL1985PLC303047
2026-08-15 01:27:05.893 | INFO     | scraper.proxy_manager:_health_check:104 - Proxy health check passed: http://35jovid14xin:***@216.26.233.6:3129 -> 216.26.233.6
2026-08-15 01:27:05.903 | INFO     | scraper.tasks:scrape_company:64 - [tofler] Scraping company: https://www.tofler.in/sidhartha-super-spinning-mills-limited/company/L17111DL1980PLC010814
2026-08-15 01:27:06.427 | INFO     | scraper.proxy_manager:_health_check:104 - Proxy health check passed: http://35jovid14xin:***@151.123.176.154:3129 -> 151.123.176.154
2026-08-15 01:27:06.435 | INFO     | scraper.tasks:scrape_company:64 - [tofler] Scraping company: https://www.tofler.in/unifinz-capital-india-limited/company/L17111DL1982PLC013790
2026-08-15 01:27:06.441 | INFO     | scraper.tasks:scrape_company:64 - [tofler] Scraping company: https://www.tofler.in/fiber-plus-industries-limited/company/L17120DL1984PLC018729
2026-08-15 01:27:06.891 | INFO     | scraper.proxy_manager:_health_check:104 - Proxy health check passed: http://35jovid14xin:***@65.111.7.112:3129 -> 65.111.7.112
2026-08-15 01:27:06.901 | INFO     | scraper.tasks:scrape_company:64 - [tofler] Scraping company: https://www.tofler.in/lorenzini-apparels-limited/company/L17120DL2007PLC163192
2026-08-15 01:27:07.413 | INFO     | scraper.proxy_manager:_health_check:104 - Proxy health check passed: http://35jovid14xin:***@216.26.252.138:3129 -> 216.26.252.138
2026-08-15 01:27:12.680 | INFO     | scraper.tasks:scrape_company:64 - [tofler] Scraping company: https://www.tofler.in/aplaya-creations-limited/company/L17122DL1996PLC332121
2026-08-15 01:27:12.999 | WARNING  | scraper.proxy_manager:_health_check:108 - Proxy health check failed: http://35jovid14xin:***@209.50.190.159:3129 - 429 Client Error: Not Enough Connections for url: http://httpbin.org/ip
2026-08-15 01:27:13.098 | INFO     | scraper.tasks:scrape_company:64 - [tofler] Scraping company: https://www.tofler.in/n-k-textile-industries-ltd/company/L17299DL1983PLC163230
2026-08-15 01:27:13.736 | INFO     | scraper.proxy_manager:_health_check:104 - Proxy health check passed: http://35jovid14xin:***@45.3.36.238:3129 -> 45.3.36.238
2026-08-15 01:27:13.818 | INFO     | scraper.tasks:scrape_company:64 - [tofler] Scraping company: https://www.tofler.in/sru-steels-limited/company/L17300DL1995PLC107286
2026-08-15 01:27:14.354 | INFO     | scraper.tasks:scrape_company:64 - [tofler] Scraping company: https://www.tofler.in/dcm-nouvelle-limited/company/L17309DL2016PLC307204
2026-08-15 01:27:14.390 | INFO     | scraper.tasks:scrape_company:64 - [tofler] Scraping company: https://www.tofler.in/a-f-enterprises-limited/company/L18100DL1983PLC016354
2026-08-15 01:27:15.910 | INFO     | scraper.proxy_manager:_health_check:104 - Proxy health check passed: http://35jovid14xin:***@216.26.255.2:3129 -> 216.26.255.2
2026-08-15 01:27:15.996 | INFO     | scraper.tasks:scrape_company:64 - [tofler] Scraping company: https://www.tofler.in/srf-limited/company/L18101DL1970PLC005197
2026-08-15 01:27:16.447 | INFO     | scraper.proxy_manager:_health_check:104 - Proxy health check passed: http://35jovid14xin:***@45.3.50.50:3129 -> 45.3.50.50
2026-08-15 01:27:18.728 | INFO     | scraper.tasks:scrape_company:64 - [tofler] Scraping company: https://www.tofler.in/arth-udyog-limited/company/L18101DL1971PLC028813
2026-08-15 01:27:19.240 | INFO     | scraper.proxy_manager:_health_check:104 - Proxy health check passed: http://35jovid14xin:***@209.50.183.137:3129 -> 209.50.183.137
2026-08-15 01:27:19.315 | INFO     | scraper.tasks:scrape_company:64 - [tofler] Scraping company: https://www.tofler.in/t-t-limited/company/L18101DL1978PLC009241
2026-08-15 01:27:20.062 | INFO     | scraper.tasks:scrape_company:64 - [tofler] Scraping company: https://www.tofler.in/mayfair-fabrics-limited/company/L18101DL1983PLC027286
2026-08-15 01:27:20.500 | INFO     | scraper.proxy_manager:_health_check:104 - Proxy health check passed: http://35jovid14xin:***@45.3.32.31:3129 -> 45.3.32.31
2026-08-15 01:27:21.522 | INFO     | scraper.tasks:scrape_company:64 - [tofler] Scraping company: https://www.tofler.in/paloma-knitwear-international-limited/company/L18101DL1984PLC019544
2026-08-15 01:27:21.733 | INFO     | scraper.tasks:scrape_company:64 - [tofler] Scraping company: https://www.tofler.in/riba-textiles-limited/company/L18101DL1989PLC034528
2026-08-15 01:27:23.316 | INFO     | scraper.tasks:scrape_company:64 - [tofler] Scraping company: https://www.tofler.in/regal-enterprises-ltd/company/L18101DL1989PLC269075
2026-08-15 01:27:23.515 | WARNING  | scraper.fetcher:fetch_page:89 - Proxy connection error, marking bad immediately: http://35jovid14xin:***@216.26.255.2:3129
2026-08-15 01:27:23.516 | WARNING  | scraper.proxy_manager:mark_bad:114 - Proxy marked bad, cooling down 300s: http://35jovid14xin:***@216.26.255.2:3129
2026-08-15 01:27:24.027 | INFO     | scraper.tasks:scrape_company:64 - [tofler] Scraping company: https://www.tofler.in/avsl-industries-limited/company/L18101DL2003PLC121698
2026-08-15 01:27:24.513 | INFO     | scraper.proxy_manager:_health_check:104 - Proxy health check passed: http://35jovid14xin:***@216.26.233.75:3129 -> 216.26.233.75
2026-08-15 01:27:25.343 | INFO     | scraper.tasks:scrape_company:64 - [tofler] Scraping company: https://www.tofler.in/indosolar-limited/company/L18101DL2005PLC134879
2026-08-15 01:27:26.949 | INFO     | scraper.tasks:scrape_company:64 - [tofler] Scraping company: https://www.tofler.in/munak-galva-sheets-limited/company/L20765DL1985PLC020765
2026-08-15 01:27:27.179 | INFO     | scraper.tasks:scrape_company:64 - [tofler] Scraping company: https://www.tofler.in/shree-krishna-paper-mills-and-industries-ltd/company/L21012DL1972PLC279773
2026-08-15 01:27:28.934 | INFO     | scraper.tasks:scrape_company:64 - [tofler] Scraping company: https://www.tofler.in/greenlam-industries-limited/company/L21016DL2013PLC386045
2026-08-15 01:27:30.401 | INFO     | scraper.tasks:scrape_company:64 - [tofler] Scraping company: https://www.tofler.in/b-j-duplex-boards-limited/company/L21090DL1995PLC066281
2026-08-15 01:27:30.701 | INFO     | scraper.tasks:scrape_company:64 - [tofler] Scraping company: https://www.tofler.in/haryana-coated-papers-limited/company/L21093DL1971PLC005669
2026-08-15 01:27:32.151 | INFO     | scraper.proxy_manager:_health_check:104 - Proxy health check passed: http://35jovid14xin:***@209.50.161.239:3129 -> 209.50.161.239
2026-08-15 01:27:32.685 | INFO     | scraper.tasks:scrape_company:64 - [tofler] Scraping company: https://www.tofler.in/polymer-papers-limited/company/L21093DL1974PLC007495
2026-08-15 01:27:33.169 | INFO     | scraper.proxy_manager:_health_check:104 - Proxy health check passed: http://35jovid14xin:***@45.3.52.9:3129 -> 45.3.52.9
2026-08-15 01:27:33.241 | INFO     | scraper.tasks:scrape_company:64 - [tofler] Scraping company: https://www.tofler.in/magnum-ventures-limited/company/L21093DL1980PLC010492
2026-08-15 01:27:33.281 | INFO     | scraper.tasks:scrape_company:64 - [tofler] Scraping company: https://www.tofler.in/mohit-paper-mills-limited/company/L21093DL1992PLC116600
2026-08-15 01:27:35.203 | INFO     | scraper.tasks:scrape_company:64 - [tofler] Scraping company: https://www.tofler.in/buy-right-impex-limited/company/L22100DL1983PLC314401
2026-08-15 01:27:38.918 | INFO     | scraper.tasks:scrape_company:64 - [tofler] Scraping company: https://www.tofler.in/ht-media-limited/company/L22121DL2002PLC117874
2026-08-15 01:27:45.782 | INFO     | scraper.tasks:_scrape_target:81 - [tofler] page 2: 30 records
2026-08-15 01:27:49.508 | INFO     | scraper.tasks:scrape_company:64 - [tofler] Scraping company: https://www.tofler.in/ett-limited/company/L22122DL1993PLC123728
2026-08-15 01:27:49.512 | INFO     | scraper.tasks:scrape_company:64 - [tofler] Scraping company: https://www.tofler.in/kairosoft-ai-solutions-limited/company/L22209DL1982PLC256291
2026-08-15 01:27:49.515 | INFO     | scraper.tasks:scrape_company:64 - [tofler] Scraping company: https://www.tofler.in/s-chand-and-company-limited/company/L22219DL1970PLC005400
2026-08-15 01:27:51.033 | INFO     | scraper.proxy_manager:_health_check:104 - Proxy health check passed: http://35jovid14xin:***@209.50.186.136:3129 -> 209.50.186.136
2026-08-15 01:27:51.043 | INFO     | scraper.tasks:scrape_company:64 - [tofler] Scraping company: https://www.tofler.in/shree-jagdambe-paper-mills-ltd/company/L22219DL1980PLC167850
2026-08-15 01:27:51.647 | INFO     | scraper.proxy_manager:_health_check:104 - Proxy health check passed: http://35jovid14xin:***@216.26.244.72:3129 -> 216.26.244.72
2026-08-15 01:27:51.657 | INFO     | scraper.tasks:scrape_company:64 - [tofler] Scraping company: https://www.tofler.in/coral-newsprints-limited/company/L22219DL1992PLC048398
2026-08-15 01:27:52.152 | INFO     | scraper.proxy_manager:_health_check:104 - Proxy health check passed: http://35jovid14xin:***@45.3.53.10:3129 -> 45.3.53.10
2026-08-15 01:27:52.161 | INFO     | scraper.tasks:scrape_company:64 - [tofler] Scraping company: https://www.tofler.in/creative-graphics-solutions-india-limited/company/L22219DL2014PLC263964
2026-08-15 01:27:56.578 | INFO     | scraper.tasks:scrape_company:64 - [tofler] Scraping company: https://www.tofler.in/maxposure-limited/company/L22229DL2006PLC152087
2026-08-15 01:27:57.972 | INFO     | scraper.tasks:scrape_company:64 - [tofler] Scraping company: https://www.tofler.in/indraprastha-gas-limited/company/L23201DL1998PLC097614
2026-08-15 01:27:58.412 | INFO     | scraper.proxy_manager:_health_check:104 - Proxy health check passed: http://35jovid14xin:***@45.3.36.10:3129 -> 45.3.36.10
2026-08-15 01:27:58.986 | INFO     | scraper.tasks:scrape_company:64 - [tofler] Scraping company: https://www.tofler.in/salasar-techno-engineering-limited/company/L23201DL2001PLC174076
2026-08-15 01:27:59.093 | INFO     | scraper.tasks:scrape_company:64 - [tofler] Scraping company: https://www.tofler.in/sanco-industries-limited/company/L24100DL1989PLC035549
2026-08-15 01:28:00.590 | WARNING  | scraper.fetcher:fetch_page:89 - Proxy connection error, marking bad immediately: http://35jovid14xin:***@45.3.53.10:3129
2026-08-15 01:28:00.593 | WARNING  | scraper.proxy_manager:mark_bad:114 - Proxy marked bad, cooling down 300s: http://35jovid14xin:***@45.3.53.10:3129
2026-08-15 01:28:00.902 | INFO     | scraper.tasks:scrape_company:64 - [tofler] Scraping company: https://www.tofler.in/fabino-life-sciences-limited/company/L24100DL2011PLC226781
2026-08-15 01:28:01.421 | INFO     | scraper.proxy_manager:_health_check:104 - Proxy health check passed: http://35jovid14xin:***@209.50.184.140:3129 -> 209.50.184.140
2026-08-15 01:28:01.532 | INFO     | scraper.tasks:scrape_company:64 - [tofler] Scraping company: https://www.tofler.in/shreekant-chemical-industries-limited/company/L24119DL1981PLC040762
2026-08-15 01:28:01.961 | INFO     | scraper.proxy_manager:_health_check:104 - Proxy health check passed: http://35jovid14xin:***@65.111.2.208:3129 -> 65.111.2.208
2026-08-15 01:28:03.677 | INFO     | scraper.tasks:scrape_company:64 - [tofler] Scraping company: https://www.tofler.in/galore-prints-industries-limited/company/L24119DL1988PLC031866
2026-08-15 01:28:04.170 | INFO     | scraper.proxy_manager:_health_check:104 - Proxy health check passed: http://35jovid14xin:***@216.26.236.12:3129 -> 216.26.236.12
2026-08-15 01:28:04.728 | INFO     | scraper.tasks:scrape_company:64 - [tofler] Scraping company: https://www.tofler.in/bharat-rasayan-limited/company/L24119DL1989PLC036264
2026-08-15 01:28:05.169 | INFO     | scraper.proxy_manager:_health_check:104 - Proxy health check passed: http://35jovid14xin:***@104.207.37.111:3129 -> 104.207.37.111
2026-08-15 01:28:05.280 | INFO     | scraper.tasks:scrape_company:64 - [tofler] Scraping company: https://www.tofler.in/hpc-biosciences-limited/company/L24119DL2002PLC114026
2026-08-15 01:28:05.723 | INFO     | scraper.proxy_manager:_health_check:104 - Proxy health check passed: http://35jovid14xin:***@209.50.173.254:3129 -> 209.50.173.254
2026-08-15 01:28:06.362 | INFO     | scraper.tasks:scrape_company:64 - [tofler] Scraping company: https://www.tofler.in/florence-investech-limited/company/L24211DL1993PLC254964
2026-08-15 01:28:06.856 | INFO     | scraper.proxy_manager:_health_check:104 - Proxy health check passed: http://35jovid14xin:***@216.26.237.117:3129 -> 216.26.237.117
2026-08-15 01:28:06.951 | INFO     | scraper.tasks:scrape_company:64 - [tofler] Scraping company: https://www.tofler.in/dhanuka-agritech-limited/company/L24219DL1985PLC020126
2026-08-15 01:28:07.515 | INFO     | scraper.tasks:scrape_company:64 - [tofler] Scraping company: https://www.tofler.in/sirca-paints-india-limited/company/L24219DL2006PLC145092
2026-08-15 01:28:07.948 | INFO     | scraper.proxy_manager:_health_check:104 - Proxy health check passed: http://35jovid14xin:***@209.50.174.1:3129 -> 209.50.174.1
2026-08-15 01:28:09.769 | INFO     | scraper.tasks:scrape_company:64 - [tofler] Scraping company: https://www.tofler.in/dabur-india-limited/company/L24230DL1975PLC007908
2026-08-15 01:28:10.759 | INFO     | scraper.tasks:scrape_company:64 - [tofler] Scraping company: https://www.tofler.in/sterling-webnet-limited/company/L24230DL1995PLC170660
2026-08-15 01:28:11.338 | INFO     | scraper.proxy_manager:_health_check:104 - Proxy health check passed: http://35jovid14xin:***@104.207.56.210:3129 -> 104.207.56.210
2026-08-15 01:28:11.453 | INFO     | scraper.tasks:scrape_company:64 - [tofler] Scraping company: https://www.tofler.in/indraprastha-medical-corporation-limited/company/L24232DL1988PLC030958
2026-08-15 01:28:11.968 | INFO     | scraper.proxy_manager:_health_check:104 - Proxy health check passed: http://35jovid14xin:***@209.50.177.237:3129 -> 209.50.177.237
2026-08-15 01:28:12.751 | INFO     | scraper.tasks:scrape_company:64 - [tofler] Scraping company: https://www.tofler.in/welcure-drugs-and-pharmaceuticals-limited/company/L24232DL1996PLC227773
2026-08-15 01:28:14.328 | INFO     | scraper.tasks:scrape_company:64 - [tofler] Scraping company: https://www.tofler.in/safal-herbs-limited/company/L24233DL1994PLC290133
2026-08-15 01:28:15.838 | INFO     | scraper.proxy_manager:_health_check:104 - Proxy health check passed: http://35jovid14xin:***@65.111.21.190:3129 -> 65.111.21.190
2026-08-15 01:28:16.663 | INFO     | scraper.tasks:scrape_company:64 - [tofler] Scraping company: https://www.tofler.in/ram-minerals-and-chemicals-limited/company/L24233DL2011PLC282949
2026-08-15 01:28:17.161 | INFO     | scraper.proxy_manager:_health_check:104 - Proxy health check passed: http://35jovid14xin:***@216.26.251.174:3129 -> 216.26.251.174
2026-08-15 01:28:17.585 | INFO     | scraper.tasks:scrape_company:64 - [tofler] Scraping company: https://www.tofler.in/twenty-first-century-medicare-limited/company/L24239DL1985PLC022113
2026-08-15 01:28:17.934 | INFO     | scraper.tasks:scrape_company:64 - [tofler] Scraping company: https://www.tofler.in/anmol-drugs-and-pharmaceuticals-limited/company/L24239DL1986PLC025187
2026-08-15 01:28:18.592 | INFO     | scraper.proxy_manager:_health_check:104 - Proxy health check passed: http://35jovid14xin:***@209.50.168.70:3129 -> 209.50.168.70
2026-08-15 01:28:19.457 | INFO     | scraper.tasks:scrape_company:64 - [tofler] Scraping company: https://www.tofler.in/akums-drugs-and-pharmaceuticals-limited/company/L24239DL2004PLC125888
2026-08-15 01:28:22.667 | INFO     | scraper.tasks:scrape_company:64 - [tofler] Scraping company: https://www.tofler.in/sunil-healthcare-limited/company/L24302DL1973PLC189662
2026-08-15 01:28:23.134 | INFO     | scraper.proxy_manager:_health_check:104 - Proxy health check passed: http://35jovid14xin:***@216.26.228.103:3129 -> 216.26.228.103
2026-08-15 01:28:23.287 | INFO     | scraper.tasks:scrape_company:64 - [tofler] Scraping company: https://www.tofler.in/jasch-industries-limited/company/L24302DL1985PLC383771
2026-08-15 01:28:23.805 | INFO     | scraper.proxy_manager:_health_check:104 - Proxy health check passed: http://35jovid14xin:***@216.26.255.71:3129 -> 216.26.255.71
2026-08-15 01:28:23.849 | INFO     | scraper.tasks:scrape_company:64 - [tofler] Scraping company: https://www.tofler.in/jain-tube-company-limited/company/L25111DL1964PLC004235
2026-08-15 01:28:24.385 | INFO     | scraper.proxy_manager:_health_check:104 - Proxy health check passed: http://35jovid14xin:***@216.26.253.54:3129 -> 216.26.253.54
2026-08-15 01:28:31.191 | INFO     | scraper.tasks:_scrape_target:81 - [tofler] page 3: 30 records
2026-08-15 01:28:35.162 | INFO     | scraper.tasks:scrape_company:64 - [tofler] Scraping company: https://www.tofler.in/vikas-lifecare-limited/company/L25111DL1995PLC073719
2026-08-15 01:28:35.165 | INFO     | scraper.tasks:scrape_company:64 - [tofler] Scraping company: https://www.tofler.in/cosco-india-limited/company/L25199DL1980PLC010173
2026-08-15 01:28:35.616 | INFO     | scraper.proxy_manager:_health_check:104 - Proxy health check passed: http://35jovid14xin:***@104.207.36.145:3129 -> 104.207.36.145
2026-08-15 01:28:35.628 | INFO     | scraper.tasks:scrape_company:64 - [tofler] Scraping company: https://www.tofler.in/a-g-universal-limited/company/L25200DL2008PLC178400
2026-08-15 01:28:36.172 | INFO     | scraper.proxy_manager:_health_check:104 - Proxy health check passed: http://35jovid14xin:***@216.26.234.21:3129 -> 216.26.234.21
2026-08-15 01:28:36.180 | INFO     | scraper.tasks:scrape_company:64 - [tofler] Scraping company: https://www.tofler.in/padmini-technologies-limited/company/L25202DL1990PLC039395
2026-08-15 01:28:36.186 | INFO     | scraper.tasks:scrape_company:64 - [tofler] Scraping company: https://www.tofler.in/pearl-polymers-limited/company/L25209DL1971PLC005535
2026-08-15 01:28:36.707 | INFO     | scraper.proxy_manager:_health_check:104 - Proxy health check passed: http://35jovid14xin:***@65.111.27.242:3129 -> 65.111.27.242
2026-08-15 01:28:36.717 | INFO     | scraper.tasks:scrape_company:64 - [tofler] Scraping company: https://www.tofler.in/premier-polyfilm-limited/company/L25209DL1992PLC049590
2026-08-15 01:28:40.936 | INFO     | scraper.tasks:scrape_company:64 - [tofler] Scraping company: https://www.tofler.in/asahi-india-glass-limited/company/L26102DL1984PLC019542
2026-08-15 01:28:41.180 | INFO     | scraper.tasks:scrape_company:64 - [tofler] Scraping company: https://www.tofler.in/bcl-enterprises-limited/company/L26102DL1985PLC021467
2026-08-15 01:28:42.099 | INFO     | scraper.tasks:scrape_company:64 - [tofler] Scraping company: https://www.tofler.in/sahasra-electronic-solutions-limited/company/L26202DL2023PLC410521
2026-08-15 01:28:42.282 | INFO     | scraper.tasks:scrape_company:64 - [tofler] Scraping company: https://www.tofler.in/rrp-defense-limited/company/L26515DL1981PLC012621
2026-08-15 01:28:42.567 | INFO     | scraper.tasks:scrape_company:64 - [tofler] Scraping company: https://www.tofler.in/powerful-technologies-limited/company/L26900DL2015PLC277265
2026-08-15 01:28:43.058 | INFO     | scraper.proxy_manager:_health_check:104 - Proxy health check passed: http://35jovid14xin:***@104.207.59.113:3129 -> 104.207.59.113
2026-08-15 01:28:44.069 | INFO     | scraper.tasks:scrape_company:64 - [tofler] Scraping company: https://www.tofler.in/sainik-finance-and-industries-limited/company/L26912DL1991PLC045449
2026-08-15 01:28:44.744 | INFO     | scraper.proxy_manager:_health_check:104 - Proxy health check passed: http://35jovid14xin:***@45.3.40.35:3129 -> 45.3.40.35
2026-08-15 01:28:44.750 | WARNING  | scraper.fetcher:fetch_page:89 - Proxy connection error, marking bad immediately: http://35jovid14xin:***@104.207.59.113:3129
2026-08-15 01:28:44.752 | WARNING  | scraper.proxy_manager:mark_bad:114 - Proxy marked bad, cooling down 300s: http://35jovid14xin:***@104.207.59.113:3129
2026-08-15 01:28:45.746 | WARNING  | scraper.fetcher:fetch_page:89 - Proxy connection error, marking bad immediately: http://35jovid14xin:***@45.3.40.35:3129
2026-08-15 01:28:45.748 | WARNING  | scraper.proxy_manager:mark_bad:114 - Proxy marked bad, cooling down 300s: http://35jovid14xin:***@45.3.40.35:3129
2026-08-15 01:28:46.389 | INFO     | scraper.tasks:scrape_company:64 - [tofler] Scraping company: https://www.tofler.in/ccl-international-limited/company/L26940DL1991PLC044520
2026-08-15 01:28:46.475 | INFO     | scraper.tasks:scrape_company:64 - [tofler] Scraping company: https://www.tofler.in/rcc-cements-limited/company/L26942DL1991PLC043776
2026-08-15 01:28:46.957 | INFO     | scraper.proxy_manager:_health_check:104 - Proxy health check passed: http://35jovid14xin:***@216.26.242.32:3129 -> 216.26.242.32
2026-08-15 01:28:47.439 | INFO     | scraper.tasks:scrape_company:64 - [tofler] Scraping company: https://www.tofler.in/kalyani-cast-tech-limited/company/L26990DL2012PLC242760
2026-08-15 01:28:47.500 | INFO     | scraper.tasks:scrape_company:64 - [tofler] Scraping company: https://www.tofler.in/obsc-perfection-limited/company/L27100DL2017PLC314606
2026-08-15 01:28:51.123 | INFO     | scraper.tasks:scrape_company:64 - [tofler] Scraping company: https://www.tofler.in/niraj-ispat-industries-limited/company/L27106DL1985PLC021811
2026-08-15 01:28:51.572 | INFO     | scraper.proxy_manager:_health_check:104 - Proxy health check passed: http://35jovid14xin:***@104.207.45.151:3129 -> 104.207.45.151
2026-08-15 01:28:51.649 | INFO     | scraper.tasks:scrape_company:64 - [tofler] Scraping company: https://www.tofler.in/hindustan-tin-works-limited/company/L27109DL1958PLC003006
2026-08-15 01:28:53.095 | INFO     | scraper.proxy_manager:_health_check:104 - Proxy health check passed: http://35jovid14xin:***@209.50.175.52:3129 -> 209.50.175.52
2026-08-15 01:28:53.734 | INFO     | scraper.tasks:scrape_company:64 - [tofler] Scraping company: https://www.tofler.in/rathi-steel-and-power-limited/company/L27109DL1971PLC005905
2026-08-15 01:28:53.776 | INFO     | scraper.tasks:scrape_company:64 - [tofler] Scraping company: https://www.tofler.in/steel-authority-of-india-limited/company/L27109DL1973GOI006454
2026-08-15 01:28:53.839 | INFO     | scraper.tasks:scrape_company:64 - [tofler] Scraping company: https://www.tofler.in/bihariji-ispat-udyog-limited/company/L27109DL1974PLC007047
2026-08-15 01:28:54.330 | INFO     | scraper.proxy_manager:_health_check:104 - Proxy health check passed: http://35jovid14xin:***@45.3.41.44:3129 -> 45.3.41.44
2026-08-15 01:28:54.418 | INFO     | scraper.tasks:scrape_company:64 - [tofler] Scraping company: https://www.tofler.in/quod-ispat-limited/company/L27109DL1985PLC021183
2026-08-15 01:28:58.477 | INFO     | scraper.tasks:scrape_company:64 - [tofler] Scraping company: https://www.tofler.in/novex-commercials-limited/company/L27109DL1985PLC021428
2026-08-15 01:28:58.561 | INFO     | scraper.tasks:scrape_company:64 - [tofler] Scraping company: https://www.tofler.in/mbl-infrastructure-limited/company/L27109DL1995PLC338407
2026-08-15 01:28:59.412 | INFO     | scraper.tasks:scrape_company:64 - [tofler] Scraping company: https://www.tofler.in/gallantt-ispat-limited/company/L27109DL2005PLC350524
2026-08-15 01:28:59.735 | INFO     | scraper.tasks:scrape_company:64 - [tofler] Scraping company: https://www.tofler.in/shriniwas-steel-limited/company/L27189DL1987PLC028846
2026-08-15 01:29:00.140 | INFO     | scraper.tasks:scrape_company:64 - [tofler] Scraping company: https://www.tofler.in/rama-steel-tubes-limited/company/L27201DL1974PLC007114
2026-08-15 01:29:00.202 | INFO     | scraper.tasks:scrape_company:64 - [tofler] Scraping company: https://www.tofler.in/hi-tech-pipes-ltd/company/L27202DL1985PLC019750
2026-08-15 01:29:02.938 | INFO     | scraper.tasks:scrape_company:64 - [tofler] Scraping company: https://www.tofler.in/aravali-industries-limited/company/L27209DL1984PLC017816
2026-08-15 01:29:03.684 | WARNING  | scraper.fetcher:fetch_page:89 - Proxy connection error, marking bad immediately: http://35jovid14xin:***@195.63.31.72:3129
2026-08-15 01:29:03.686 | WARNING  | scraper.proxy_manager:mark_bad:114 - Proxy marked bad, cooling down 300s: http://35jovid14xin:***@195.63.31.72:3129
2026-08-15 01:29:04.132 | INFO     | scraper.tasks:scrape_company:64 - [tofler] Scraping company: https://www.tofler.in/mfs-intercorp-limited/company/L27209DL1986PLC254555
2026-08-15 01:29:13.443 | INFO     | scraper.tasks:_scrape_target:81 - [tofler] page 4: 30 records
2026-08-15 01:29:13.507 | INFO     | scraper.browser:stop:48 - Browser closed
2026-08-15 01:41:20.908 | ERROR    | scraper.proxy_manager:_fetch_from_api:111 - PROXY_PROVIDER_API_URL not configured
2026-08-15 01:41:20.909 | WARNING  | scraper.proxy_manager:_refresh_pool:165 - No proxies returned from API
2026-08-15 01:41:20.909 | INFO     | scraper.proxy_manager:get_proxy:206 - Proxy pool low (0 usable), refreshing...
2026-08-15 01:41:20.909 | ERROR    | scraper.proxy_manager:_fetch_from_api:111 - PROXY_PROVIDER_API_URL not configured
2026-08-15 01:41:20.909 | WARNING  | scraper.proxy_manager:_refresh_pool:165 - No proxies returned from API
2026-08-15 01:41:20.909 | ERROR    | scraper.proxy_manager:get_proxy:216 - No usable proxies available
2026-08-15 02:10:07.839 | ERROR    | scraper.proxy_manager:_fetch_from_api:111 - PROXY_PROVIDER_API_URL not configured
2026-08-15 02:10:07.839 | WARNING  | scraper.proxy_manager:_refresh_pool:167 - No proxies returned from API
2026-08-15 02:10:52.634 | ERROR    | scraper.proxy_manager:_fetch_from_api:111 - PROXY_PROVIDER_API_URL not configured
2026-08-15 02:10:52.634 | WARNING  | scraper.proxy_manager:_refresh_pool:167 - No proxies returned from API
2026-08-15 02:11:06.058 | ERROR    | scraper.proxy_manager:_fetch_from_api:111 - PROXY_PROVIDER_API_URL not configured
2026-08-15 02:11:06.058 | WARNING  | scraper.proxy_manager:_refresh_pool:167 - No proxies returned from API
2026-08-15 02:11:07.119 | INFO     | scraper.browser:start:41 - Browser launched
2026-08-15 02:11:07.120 | INFO     | scraper.proxy_manager:get_proxy:208 - Proxy pool low (0 usable), refreshing...
2026-08-15 02:11:07.124 | ERROR    | scraper.proxy_manager:_fetch_from_api:111 - PROXY_PROVIDER_API_URL not configured
2026-08-15 02:11:07.126 | WARNING  | scraper.proxy_manager:_refresh_pool:167 - No proxies returned from API
2026-08-15 02:11:07.129 | ERROR    | scraper.proxy_manager:get_proxy:218 - No usable proxies available
2026-08-15 02:11:11.018 | INFO     | scraper.tasks:scrape_company:64 - [tofler] Scraping company: https://www.tofler.in/omansh-enterprises-limited/company/L01100DL1974PLC241646
2026-08-15 02:11:11.019 | INFO     | scraper.proxy_manager:get_proxy:208 - Proxy pool low (0 usable), refreshing...
2026-08-15 02:11:11.020 | ERROR    | scraper.proxy_manager:_fetch_from_api:111 - PROXY_PROVIDER_API_URL not configured
2026-08-15 02:11:11.020 | WARNING  | scraper.proxy_manager:_refresh_pool:167 - No proxies returned from API
2026-08-15 02:11:11.021 | ERROR    | scraper.proxy_manager:get_proxy:218 - No usable proxies available
2026-08-15 02:11:11.023 | INFO     | scraper.tasks:scrape_company:64 - [tofler] Scraping company: https://www.tofler.in/pajson-agro-india-limited/company/L01100DL2021PLC386740
2026-08-15 02:11:11.024 | INFO     | scraper.proxy_manager:get_proxy:208 - Proxy pool low (0 usable), refreshing...
2026-08-15 02:11:11.025 | ERROR    | scraper.proxy_manager:_fetch_from_api:111 - PROXY_PROVIDER_API_URL not configured
2026-08-15 02:11:11.026 | WARNING  | scraper.proxy_manager:_refresh_pool:167 - No proxies returned from API
2026-08-15 02:11:11.027 | ERROR    | scraper.proxy_manager:get_proxy:218 - No usable proxies available
2026-08-15 02:11:11.029 | INFO     | scraper.tasks:scrape_company:64 - [tofler] Scraping company: https://www.tofler.in/continental-seeds-and-chemicals-limited/company/L01111DL1983PLC015969
2026-08-15 02:11:11.030 | INFO     | scraper.proxy_manager:get_proxy:208 - Proxy pool low (0 usable), refreshing...
2026-08-15 02:11:11.030 | ERROR    | scraper.proxy_manager:_fetch_from_api:111 - PROXY_PROVIDER_API_URL not configured
2026-08-15 02:11:11.031 | WARNING  | scraper.proxy_manager:_refresh_pool:167 - No proxies returned from API
2026-08-15 02:11:11.032 | ERROR    | scraper.proxy_manager:get_proxy:218 - No usable proxies available
2026-08-15 02:11:11.034 | INFO     | scraper.tasks:scrape_company:64 - [tofler] Scraping company: https://www.tofler.in/semaya-limited/company/L01111DL1985PLC021268
2026-08-15 02:11:11.035 | INFO     | scraper.proxy_manager:get_proxy:208 - Proxy pool low (0 usable), refreshing...
2026-08-15 02:11:11.035 | ERROR    | scraper.proxy_manager:_fetch_from_api:111 - PROXY_PROVIDER_API_URL not configured
2026-08-15 02:11:11.036 | WARNING  | scraper.proxy_manager:_refresh_pool:167 - No proxies returned from API
2026-08-15 02:11:11.037 | ERROR    | scraper.proxy_manager:get_proxy:218 - No usable proxies available
2026-08-15 02:11:11.038 | INFO     | scraper.tasks:scrape_company:64 - [tofler] Scraping company: https://www.tofler.in/krbl-limited/company/L01111DL1993PLC052845
2026-08-15 02:11:11.039 | INFO     | scraper.proxy_manager:get_proxy:208 - Proxy pool low (0 usable), refreshing...
2026-08-15 02:11:11.040 | ERROR    | scraper.proxy_manager:_fetch_from_api:111 - PROXY_PROVIDER_API_URL not configured
2026-08-15 02:11:11.041 | WARNING  | scraper.proxy_manager:_refresh_pool:167 - No proxies returned from API
2026-08-15 02:11:11.042 | ERROR    | scraper.proxy_manager:get_proxy:218 - No usable proxies available
2026-08-15 02:11:11.043 | INFO     | scraper.tasks:scrape_company:64 - [tofler] Scraping company: https://www.tofler.in/dr-m-induscorp-limited/company/L01119DL1986PLC023698
2026-08-15 02:11:11.044 | INFO     | scraper.proxy_manager:get_proxy:208 - Proxy pool low (0 usable), refreshing...
2026-08-15 02:11:11.045 | ERROR    | scraper.proxy_manager:_fetch_from_api:111 - PROXY_PROVIDER_API_URL not configured
2026-08-15 02:11:11.046 | WARNING  | scraper.proxy_manager:_refresh_pool:167 - No proxies returned from API
2026-08-15 02:11:11.046 | ERROR    | scraper.proxy_manager:get_proxy:218 - No usable proxies available
2026-08-15 02:11:12.693 | INFO     | scraper.tasks:scrape_company:64 - [tofler] Scraping company: https://www.tofler.in/hindustan-agrigentics-limited/company/L01119DL1990PLC040979
2026-08-15 02:11:12.694 | INFO     | scraper.proxy_manager:get_proxy:208 - Proxy pool low (0 usable), refreshing...
2026-08-15 02:11:12.695 | ERROR    | scraper.proxy_manager:_fetch_from_api:111 - PROXY_PROVIDER_API_URL not configured
2026-08-15 02:11:12.697 | WARNING  | scraper.proxy_manager:_refresh_pool:167 - No proxies returned from API
2026-08-15 02:11:12.698 | ERROR    | scraper.proxy_manager:get_proxy:218 - No usable proxies available
2026-08-15 02:11:12.851 | INFO     | scraper.tasks:scrape_company:64 - [tofler] Scraping company: https://www.tofler.in/aayush-wellness-limited/company/L01122DL1984PLC018307
2026-08-15 02:11:12.852 | INFO     | scraper.proxy_manager:get_proxy:208 - Proxy pool low (0 usable), refreshing...
2026-08-15 02:11:12.852 | ERROR    | scraper.proxy_manager:_fetch_from_api:111 - PROXY_PROVIDER_API_URL not configured
2026-08-15 02:11:12.853 | WARNING  | scraper.proxy_manager:_refresh_pool:167 - No proxies returned from API
2026-08-15 02:11:12.854 | ERROR    | scraper.proxy_manager:get_proxy:218 - No usable proxies available
2026-08-15 02:11:12.990 | INFO     | scraper.tasks:scrape_company:64 - [tofler] Scraping company: https://www.tofler.in/sc-agrotech-limited/company/L01122DL1990PLC042207
2026-08-15 02:11:12.991 | INFO     | scraper.proxy_manager:get_proxy:208 - Proxy pool low (0 usable), refreshing...
2026-08-15 02:11:12.992 | ERROR    | scraper.proxy_manager:_fetch_from_api:111 - PROXY_PROVIDER_API_URL not configured
2026-08-15 02:11:12.992 | WARNING  | scraper.proxy_manager:_refresh_pool:167 - No proxies returned from API
2026-08-15 02:11:12.993 | ERROR    | scraper.proxy_manager:get_proxy:218 - No usable proxies available
2026-08-15 02:11:13.051 | INFO     | scraper.tasks:scrape_company:64 - [tofler] Scraping company: https://www.tofler.in/shivamshree-businesses-limited/company/L01403DL1983PLC015704
2026-08-15 02:11:13.052 | INFO     | scraper.proxy_manager:get_proxy:208 - Proxy pool low (0 usable), refreshing...
2026-08-15 02:11:13.053 | ERROR    | scraper.proxy_manager:_fetch_from_api:111 - PROXY_PROVIDER_API_URL not configured
2026-08-15 02:11:13.053 | WARNING  | scraper.proxy_manager:_refresh_pool:167 - No proxies returned from API
2026-08-15 02:11:13.054 | ERROR    | scraper.proxy_manager:get_proxy:218 - No usable proxies available
2026-08-15 02:11:13.104 | INFO     | scraper.tasks:scrape_company:64 - [tofler] Scraping company: https://www.tofler.in/fratelli-vineyards-limited/company/L11020DL2009PLC186397
2026-08-15 02:11:13.105 | INFO     | scraper.proxy_manager:get_proxy:208 - Proxy pool low (0 usable), refreshing...
2026-08-15 02:11:13.106 | ERROR    | scraper.proxy_manager:_fetch_from_api:111 - PROXY_PROVIDER_API_URL not configured
2026-08-15 02:11:13.107 | WARNING  | scraper.proxy_manager:_refresh_pool:167 - No proxies returned from API
2026-08-15 02:11:13.108 | ERROR    | scraper.proxy_manager:get_proxy:218 - No usable proxies available
2026-08-15 02:11:13.180 | INFO     | scraper.tasks:scrape_company:64 - [tofler] Scraping company: https://www.tofler.in/landmark-property-development-company-limited/company/L13100DL1976PLC188942
2026-08-15 02:11:13.181 | INFO     | scraper.proxy_manager:get_proxy:208 - Proxy pool low (0 usable), refreshing...
2026-08-15 02:11:13.182 | ERROR    | scraper.proxy_manager:_fetch_from_api:111 - PROXY_PROVIDER_API_URL not configured
2026-08-15 02:11:13.183 | WARNING  | scraper.proxy_manager:_refresh_pool:167 - No proxies returned from API
2026-08-15 02:11:13.183 | ERROR    | scraper.proxy_manager:get_proxy:218 - No usable proxies available
2026-08-15 02:11:14.226 | INFO     | scraper.tasks:scrape_company:64 - [tofler] Scraping company: https://www.tofler.in/spl-industries-limited/company/L13139DL1991PLC062744
2026-08-15 02:11:14.231 | INFO     | scraper.proxy_manager:get_proxy:208 - Proxy pool low (0 usable), refreshing...
2026-08-15 02:11:14.232 | ERROR    | scraper.proxy_manager:_fetch_from_api:111 - PROXY_PROVIDER_API_URL not configured
2026-08-15 02:11:14.235 | WARNING  | scraper.proxy_manager:_refresh_pool:167 - No proxies returned from API
2026-08-15 02:11:14.238 | ERROR    | scraper.proxy_manager:get_proxy:218 - No usable proxies available
2026-08-15 02:11:14.423 | INFO     | scraper.tasks:scrape_company:64 - [tofler] Scraping company: https://www.tofler.in/sajjan-commercial-enterprises-ltd/company/L13203DL1985PLC021536
2026-08-15 02:11:14.424 | INFO     | scraper.proxy_manager:get_proxy:208 - Proxy pool low (0 usable), refreshing...
2026-08-15 02:11:14.425 | ERROR    | scraper.proxy_manager:_fetch_from_api:111 - PROXY_PROVIDER_API_URL not configured
2026-08-15 02:11:14.426 | WARNING  | scraper.proxy_manager:_refresh_pool:167 - No proxies returned from API
2026-08-15 02:11:14.427 | ERROR    | scraper.proxy_manager:get_proxy:218 - No usable proxies available
2026-08-15 02:11:14.661 | INFO     | scraper.tasks:scrape_company:64 - [tofler] Scraping company: https://www.tofler.in/hoac-foods-india-limited/company/L15120DL2018PLC330739
2026-08-15 02:11:14.663 | INFO     | scraper.proxy_manager:get_proxy:208 - Proxy pool low (0 usable), refreshing...
2026-08-15 02:11:14.663 | ERROR    | scraper.proxy_manager:_fetch_from_api:111 - PROXY_PROVIDER_API_URL not configured
2026-08-15 02:11:14.665 | WARNING  | scraper.proxy_manager:_refresh_pool:167 - No proxies returned from API
2026-08-15 02:11:14.666 | ERROR    | scraper.proxy_manager:get_proxy:218 - No usable proxies available
2026-08-15 02:11:14.759 | INFO     | scraper.tasks:scrape_company:64 - [tofler] Scraping company: https://www.tofler.in/devyani-international-limited/company/L15135DL1991PLC046758
2026-08-15 02:11:14.761 | INFO     | scraper.proxy_manager:get_proxy:208 - Proxy pool low (0 usable), refreshing...
2026-08-15 02:11:14.762 | ERROR    | scraper.proxy_manager:_fetch_from_api:111 - PROXY_PROVIDER_API_URL not configured
2026-08-15 02:11:14.763 | WARNING  | scraper.proxy_manager:_refresh_pool:167 - No proxies returned from API
2026-08-15 02:11:14.763 | ERROR    | scraper.proxy_manager:get_proxy:218 - No usable proxies available
2026-08-15 02:11:14.893 | INFO     | scraper.tasks:scrape_company:64 - [tofler] Scraping company: https://www.tofler.in/modi-naturals-limited/company/L15142DL1974PLC007349
2026-08-15 02:11:14.895 | INFO     | scraper.proxy_manager:get_proxy:208 - Proxy pool low (0 usable), refreshing...
2026-08-15 02:11:14.895 | ERROR    | scraper.proxy_manager:_fetch_from_api:111 - PROXY_PROVIDER_API_URL not configured
2026-08-15 02:11:14.896 | WARNING  | scraper.proxy_manager:_refresh_pool:167 - No proxies returned from API
2026-08-15 02:11:14.897 | ERROR    | scraper.proxy_manager:get_proxy:218 - No usable proxies available
2026-08-15 02:11:14.991 | INFO     | scraper.tasks:scrape_company:64 - [tofler] Scraping company: https://www.tofler.in/reliance-infotek-limited/company/L15142DL1987PLC029899
2026-08-15 02:11:14.992 | INFO     | scraper.proxy_manager:get_proxy:208 - Proxy pool low (0 usable), refreshing...
2026-08-15 02:11:14.992 | ERROR    | scraper.proxy_manager:_fetch_from_api:111 - PROXY_PROVIDER_API_URL not configured
2026-08-15 02:11:14.993 | WARNING  | scraper.proxy_manager:_refresh_pool:167 - No proxies returned from API
2026-08-15 02:11:14.994 | ERROR    | scraper.proxy_manager:get_proxy:218 - No usable proxies available
2026-08-15 02:11:15.535 | INFO     | scraper.tasks:scrape_company:64 - [tofler] Scraping company: https://www.tofler.in/tarai-foods-limited/company/L15142DL1990PLC039291
2026-08-15 02:11:15.535 | INFO     | scraper.proxy_manager:get_proxy:208 - Proxy pool low (0 usable), refreshing...
2026-08-15 02:11:15.536 | ERROR    | scraper.proxy_manager:_fetch_from_api:111 - PROXY_PROVIDER_API_URL not configured
2026-08-15 02:11:15.537 | WARNING  | scraper.proxy_manager:_refresh_pool:167 - No proxies returned from API
2026-08-15 02:11:15.538 | ERROR    | scraper.proxy_manager:get_proxy:218 - No usable proxies available
2026-08-15 02:11:15.714 | INFO     | scraper.tasks:scrape_company:64 - [tofler] Scraping company: https://www.tofler.in/superior-industrial-enterprises-limited/company/L15142DL1991PLC046469
2026-08-15 02:11:15.715 | INFO     | scraper.proxy_manager:get_proxy:208 - Proxy pool low (0 usable), refreshing...
2026-08-15 02:11:15.716 | ERROR    | scraper.proxy_manager:_fetch_from_api:111 - PROXY_PROVIDER_API_URL not configured
2026-08-15 02:11:15.717 | WARNING  | scraper.proxy_manager:_refresh_pool:167 - No proxies returned from API
2026-08-15 02:11:15.718 | ERROR    | scraper.proxy_manager:get_proxy:218 - No usable proxies available
2026-08-15 02:11:16.255 | INFO     | scraper.tasks:scrape_company:64 - [tofler] Scraping company: https://www.tofler.in/nestle-india-limited/company/L15202DL1959PLC003786
2026-08-15 02:11:16.256 | INFO     | scraper.proxy_manager:get_proxy:208 - Proxy pool low (0 usable), refreshing...
2026-08-15 02:11:16.256 | ERROR    | scraper.proxy_manager:_fetch_from_api:111 - PROXY_PROVIDER_API_URL not configured
2026-08-15 02:11:16.257 | WARNING  | scraper.proxy_manager:_refresh_pool:167 - No proxies returned from API
2026-08-15 02:11:16.258 | ERROR    | scraper.proxy_manager:get_proxy:218 - No usable proxies available
2026-08-15 02:11:16.663 | INFO     | scraper.tasks:scrape_company:64 - [tofler] Scraping company: https://www.tofler.in/mahavira-foods-limited/company/L15310DL1988PLC033651
2026-08-15 02:11:16.664 | INFO     | scraper.proxy_manager:get_proxy:208 - Proxy pool low (0 usable), refreshing...
2026-08-15 02:11:16.666 | ERROR    | scraper.proxy_manager:_fetch_from_api:111 - PROXY_PROVIDER_API_URL not configured
2026-08-15 02:11:16.667 | WARNING  | scraper.proxy_manager:_refresh_pool:167 - No proxies returned from API
2026-08-15 02:11:16.667 | ERROR    | scraper.proxy_manager:get_proxy:218 - No usable proxies available
2026-08-15 02:11:16.752 | INFO     | scraper.tasks:scrape_company:64 - [tofler] Scraping company: https://www.tofler.in/kumar-food-industries-limited/company/L15310DL1991PLC043456
2026-08-15 02:11:16.753 | INFO     | scraper.proxy_manager:get_proxy:208 - Proxy pool low (0 usable), refreshing...
2026-08-15 02:11:16.754 | ERROR    | scraper.proxy_manager:_fetch_from_api:111 - PROXY_PROVIDER_API_URL not configured
2026-08-15 02:11:16.754 | WARNING  | scraper.proxy_manager:_refresh_pool:167 - No proxies returned from API
2026-08-15 02:11:16.755 | ERROR    | scraper.proxy_manager:get_proxy:218 - No usable proxies available
2026-08-15 02:11:16.854 | INFO     | scraper.tasks:scrape_company:64 - [tofler] Scraping company: https://www.tofler.in/focus-industrial-resources-limited/company/L15319DL1985PLC021348
2026-08-15 02:11:16.855 | INFO     | scraper.proxy_manager:get_proxy:208 - Proxy pool low (0 usable), refreshing...
2026-08-15 02:11:16.856 | ERROR    | scraper.proxy_manager:_fetch_from_api:111 - PROXY_PROVIDER_API_URL not configured
2026-08-15 02:11:16.856 | WARNING  | scraper.proxy_manager:_refresh_pool:167 - No proxies returned from API
2026-08-15 02:11:16.857 | ERROR    | scraper.proxy_manager:get_proxy:218 - No usable proxies available
2026-08-15 02:11:16.928 | INFO     | scraper.tasks:scrape_company:64 - [tofler] Scraping company: https://www.tofler.in/mahaan-foods-limited/company/L15419DL1987PLC350285
2026-08-15 02:11:16.930 | INFO     | scraper.proxy_manager:get_proxy:208 - Proxy pool low (0 usable), refreshing...
2026-08-15 02:11:16.930 | ERROR    | scraper.proxy_manager:_fetch_from_api:111 - PROXY_PROVIDER_API_URL not configured
2026-08-15 02:11:16.931 | WARNING  | scraper.proxy_manager:_refresh_pool:167 - No proxies returned from API
2026-08-15 02:11:16.932 | ERROR    | scraper.proxy_manager:get_proxy:218 - No usable proxies available
2026-08-15 02:11:17.270 | INFO     | scraper.tasks:scrape_company:64 - [tofler] Scraping company: https://www.tofler.in/visisth-chay-vyapar-limited/company/L15491DL1985PLC019848
2026-08-15 02:11:17.271 | INFO     | scraper.proxy_manager:get_proxy:208 - Proxy pool low (0 usable), refreshing...
2026-08-15 02:11:17.272 | ERROR    | scraper.proxy_manager:_fetch_from_api:111 - PROXY_PROVIDER_API_URL not configured
2026-08-15 02:11:17.273 | WARNING  | scraper.proxy_manager:_refresh_pool:167 - No proxies returned from API
2026-08-15 02:11:17.274 | ERROR    | scraper.proxy_manager:get_proxy:218 - No usable proxies available
2026-08-15 02:11:18.140 | INFO     | scraper.tasks:scrape_company:64 - [tofler] Scraping company: https://www.tofler.in/regent-enterprises-limited/company/L15500DL1994PLC153183
2026-08-15 02:11:18.141 | INFO     | scraper.proxy_manager:get_proxy:208 - Proxy pool low (0 usable), refreshing...
2026-08-15 02:11:18.143 | ERROR    | scraper.proxy_manager:_fetch_from_api:111 - PROXY_PROVIDER_API_URL not configured
2026-08-15 02:11:18.145 | WARNING  | scraper.proxy_manager:_refresh_pool:167 - No proxies returned from API
2026-08-15 02:11:18.147 | ERROR    | scraper.proxy_manager:get_proxy:218 - No usable proxies available
2026-08-15 02:11:18.359 | INFO     | scraper.tasks:scrape_company:64 - [tofler] Scraping company: https://www.tofler.in/lacy-limited/company/L15511DL1985PLC021272
2026-08-15 02:11:18.361 | INFO     | scraper.proxy_manager:get_proxy:208 - Proxy pool low (0 usable), refreshing...
2026-08-15 02:11:18.362 | ERROR    | scraper.proxy_manager:_fetch_from_api:111 - PROXY_PROVIDER_API_URL not configured
2026-08-15 02:11:18.363 | WARNING  | scraper.proxy_manager:_refresh_pool:167 - No proxies returned from API
2026-08-15 02:11:18.364 | ERROR    | scraper.proxy_manager:get_proxy:218 - No usable proxies available
2026-08-15 02:11:18.435 | INFO     | scraper.tasks:scrape_company:64 - [tofler] Scraping company: https://www.tofler.in/hindustan-breweries-and-bottling-limited/company/L15549DL1909PLC005478
2026-08-15 02:11:18.436 | INFO     | scraper.proxy_manager:get_proxy:208 - Proxy pool low (0 usable), refreshing...
2026-08-15 02:11:18.437 | ERROR    | scraper.proxy_manager:_fetch_from_api:111 - PROXY_PROVIDER_API_URL not configured
2026-08-15 02:11:18.438 | WARNING  | scraper.proxy_manager:_refresh_pool:167 - No proxies returned from API
2026-08-15 02:11:18.439 | ERROR    | scraper.proxy_manager:get_proxy:218 - No usable proxies available
2026-08-15 02:11:18.506 | INFO     | scraper.tasks:scrape_company:64 - [tofler] Scraping company: https://www.tofler.in/john-oakey-and-mohan-limited/company/L15549DL1962PLC003726
2026-08-15 02:11:18.508 | INFO     | scraper.proxy_manager:get_proxy:208 - Proxy pool low (0 usable), refreshing...
2026-08-15 02:11:18.509 | ERROR    | scraper.proxy_manager:_fetch_from_api:111 - PROXY_PROVIDER_API_URL not configured
2026-08-15 02:11:18.510 | WARNING  | scraper.proxy_manager:_refresh_pool:167 - No proxies returned from API
2026-08-15 02:11:18.512 | ERROR    | scraper.proxy_manager:get_proxy:218 - No usable proxies available
2026-08-15 02:11:20.304 | INFO     | scraper.tasks:_scrape_target:81 - [tofler] page 1: 30 records
2026-08-15 02:11:20.305 | INFO     | scraper.proxy_manager:get_proxy:208 - Proxy pool low (0 usable), refreshing...
2026-08-15 02:11:20.306 | ERROR    | scraper.proxy_manager:_fetch_from_api:111 - PROXY_PROVIDER_API_URL not configured
2026-08-15 02:11:20.306 | WARNING  | scraper.proxy_manager:_refresh_pool:167 - No proxies returned from API
2026-08-15 02:11:20.307 | ERROR    | scraper.proxy_manager:get_proxy:218 - No usable proxies available
2026-08-15 02:11:21.957 | INFO     | scraper.tasks:scrape_company:64 - [tofler] Scraping company: https://www.tofler.in/elitecon-international-limited/company/L16000DL1987PLC396234
2026-08-15 02:11:21.958 | INFO     | scraper.proxy_manager:get_proxy:208 - Proxy pool low (0 usable), refreshing...
2026-08-15 02:11:21.959 | ERROR    | scraper.proxy_manager:_fetch_from_api:111 - PROXY_PROVIDER_API_URL not configured
2026-08-15 02:11:21.960 | WARNING  | scraper.proxy_manager:_refresh_pool:167 - No proxies returned from API
2026-08-15 02:11:21.961 | ERROR    | scraper.proxy_manager:get_proxy:218 - No usable proxies available
2026-08-15 02:11:21.963 | INFO     | scraper.tasks:scrape_company:64 - [tofler] Scraping company: https://www.tofler.in/srm-energy-limited/company/L17100DL1985PLC303047
2026-08-15 02:11:21.964 | INFO     | scraper.proxy_manager:get_proxy:208 - Proxy pool low (0 usable), refreshing...
2026-08-15 02:11:21.966 | ERROR    | scraper.proxy_manager:_fetch_from_api:111 - PROXY_PROVIDER_API_URL not configured
2026-08-15 02:11:21.967 | WARNING  | scraper.proxy_manager:_refresh_pool:167 - No proxies returned from API
2026-08-15 02:11:21.967 | ERROR    | scraper.proxy_manager:get_proxy:218 - No usable proxies available
2026-08-15 02:11:21.970 | INFO     | scraper.tasks:scrape_company:64 - [tofler] Scraping company: https://www.tofler.in/sidhartha-super-spinning-mills-limited/company/L17111DL1980PLC010814
2026-08-15 02:11:21.971 | INFO     | scraper.proxy_manager:get_proxy:208 - Proxy pool low (0 usable), refreshing...
2026-08-15 02:11:21.972 | ERROR    | scraper.proxy_manager:_fetch_from_api:111 - PROXY_PROVIDER_API_URL not configured
2026-08-15 02:11:21.973 | WARNING  | scraper.proxy_manager:_refresh_pool:167 - No proxies returned from API
2026-08-15 02:11:21.974 | ERROR    | scraper.proxy_manager:get_proxy:218 - No usable proxies available
2026-08-15 02:11:21.976 | INFO     | scraper.tasks:scrape_company:64 - [tofler] Scraping company: https://www.tofler.in/unifinz-capital-india-limited/company/L17111DL1982PLC013790
2026-08-15 02:11:21.977 | INFO     | scraper.proxy_manager:get_proxy:208 - Proxy pool low (0 usable), refreshing...
2026-08-15 02:11:21.978 | ERROR    | scraper.proxy_manager:_fetch_from_api:111 - PROXY_PROVIDER_API_URL not configured
2026-08-15 02:11:21.979 | WARNING  | scraper.proxy_manager:_refresh_pool:167 - No proxies returned from API
2026-08-15 02:11:21.980 | ERROR    | scraper.proxy_manager:get_proxy:218 - No usable proxies available
2026-08-15 02:11:21.982 | INFO     | scraper.tasks:scrape_company:64 - [tofler] Scraping company: https://www.tofler.in/fiber-plus-industries-limited/company/L17120DL1984PLC018729
2026-08-15 02:11:21.983 | INFO     | scraper.proxy_manager:get_proxy:208 - Proxy pool low (0 usable), refreshing...
2026-08-15 02:11:21.984 | ERROR    | scraper.proxy_manager:_fetch_from_api:111 - PROXY_PROVIDER_API_URL not configured
2026-08-15 02:11:21.985 | WARNING  | scraper.proxy_manager:_refresh_pool:167 - No proxies returned from API
2026-08-15 02:11:21.986 | ERROR    | scraper.proxy_manager:get_proxy:218 - No usable proxies available
2026-08-15 02:11:21.988 | INFO     | scraper.tasks:scrape_company:64 - [tofler] Scraping company: https://www.tofler.in/lorenzini-apparels-limited/company/L17120DL2007PLC163192
2026-08-15 02:11:21.989 | INFO     | scraper.proxy_manager:get_proxy:208 - Proxy pool low (0 usable), refreshing...
2026-08-15 02:11:21.990 | ERROR    | scraper.proxy_manager:_fetch_from_api:111 - PROXY_PROVIDER_API_URL not configured
2026-08-15 02:11:21.990 | WARNING  | scraper.proxy_manager:_refresh_pool:167 - No proxies returned from API
2026-08-15 02:11:21.991 | ERROR    | scraper.proxy_manager:get_proxy:218 - No usable proxies available
2026-08-15 02:11:23.607 | INFO     | scraper.tasks:scrape_company:64 - [tofler] Scraping company: https://www.tofler.in/aplaya-creations-limited/company/L17122DL1996PLC332121
2026-08-15 02:11:23.611 | INFO     | scraper.proxy_manager:get_proxy:208 - Proxy pool low (0 usable), refreshing...
2026-08-15 02:11:23.614 | ERROR    | scraper.proxy_manager:_fetch_from_api:111 - PROXY_PROVIDER_API_URL not configured
2026-08-15 02:11:23.616 | WARNING  | scraper.proxy_manager:_refresh_pool:167 - No proxies returned from API
2026-08-15 02:11:23.618 | ERROR    | scraper.proxy_manager:get_proxy:218 - No usable proxies available
2026-08-15 02:11:23.832 | INFO     | scraper.tasks:scrape_company:64 - [tofler] Scraping company: https://www.tofler.in/n-k-textile-industries-ltd/company/L17299DL1983PLC163230
2026-08-15 02:11:23.833 | INFO     | scraper.proxy_manager:get_proxy:208 - Proxy pool low (0 usable), refreshing...
2026-08-15 02:11:23.834 | ERROR    | scraper.proxy_manager:_fetch_from_api:111 - PROXY_PROVIDER_API_URL not configured
2026-08-15 02:11:23.835 | WARNING  | scraper.proxy_manager:_refresh_pool:167 - No proxies returned from API
2026-08-15 02:11:23.836 | ERROR    | scraper.proxy_manager:get_proxy:218 - No usable proxies available
2026-08-15 02:11:23.914 | INFO     | scraper.tasks:scrape_company:64 - [tofler] Scraping company: https://www.tofler.in/sru-steels-limited/company/L17300DL1995PLC107286
2026-08-15 02:11:23.915 | INFO     | scraper.proxy_manager:get_proxy:208 - Proxy pool low (0 usable), refreshing...
2026-08-15 02:11:23.916 | ERROR    | scraper.proxy_manager:_fetch_from_api:111 - PROXY_PROVIDER_API_URL not configured
2026-08-15 02:11:23.916 | WARNING  | scraper.proxy_manager:_refresh_pool:167 - No proxies returned from API
2026-08-15 02:11:23.917 | ERROR    | scraper.proxy_manager:get_proxy:218 - No usable proxies available
2026-08-15 02:11:23.966 | INFO     | scraper.tasks:scrape_company:64 - [tofler] Scraping company: https://www.tofler.in/dcm-nouvelle-limited/company/L17309DL2016PLC307204
2026-08-15 02:11:23.967 | INFO     | scraper.proxy_manager:get_proxy:208 - Proxy pool low (0 usable), refreshing...
2026-08-15 02:11:23.968 | ERROR    | scraper.proxy_manager:_fetch_from_api:111 - PROXY_PROVIDER_API_URL not configured
2026-08-15 02:11:23.968 | WARNING  | scraper.proxy_manager:_refresh_pool:167 - No proxies returned from API
2026-08-15 02:11:23.969 | ERROR    | scraper.proxy_manager:get_proxy:218 - No usable proxies available
2026-08-15 02:11:24.009 | INFO     | scraper.tasks:scrape_company:64 - [tofler] Scraping company: https://www.tofler.in/a-f-enterprises-limited/company/L18100DL1983PLC016354
2026-08-15 02:11:24.010 | INFO     | scraper.proxy_manager:get_proxy:208 - Proxy pool low (0 usable), refreshing...
2026-08-15 02:11:24.011 | ERROR    | scraper.proxy_manager:_fetch_from_api:111 - PROXY_PROVIDER_API_URL not configured
2026-08-15 02:11:24.012 | WARNING  | scraper.proxy_manager:_refresh_pool:167 - No proxies returned from API
2026-08-15 02:11:24.013 | ERROR    | scraper.proxy_manager:get_proxy:218 - No usable proxies available
2026-08-15 02:11:24.051 | INFO     | scraper.tasks:scrape_company:64 - [tofler] Scraping company: https://www.tofler.in/srf-limited/company/L18101DL1970PLC005197
2026-08-15 02:11:24.052 | INFO     | scraper.proxy_manager:get_proxy:208 - Proxy pool low (0 usable), refreshing...
2026-08-15 02:11:24.052 | ERROR    | scraper.proxy_manager:_fetch_from_api:111 - PROXY_PROVIDER_API_URL not configured
2026-08-15 02:11:24.053 | WARNING  | scraper.proxy_manager:_refresh_pool:167 - No proxies returned from API
2026-08-15 02:11:24.054 | ERROR    | scraper.proxy_manager:get_proxy:218 - No usable proxies available
2026-08-15 02:11:25.465 | INFO     | scraper.tasks:scrape_company:64 - [tofler] Scraping company: https://www.tofler.in/arth-udyog-limited/company/L18101DL1971PLC028813
2026-08-15 02:11:25.466 | INFO     | scraper.proxy_manager:get_proxy:208 - Proxy pool low (0 usable), refreshing...
2026-08-15 02:11:25.466 | ERROR    | scraper.proxy_manager:_fetch_from_api:111 - PROXY_PROVIDER_API_URL not configured
2026-08-15 02:11:25.467 | WARNING  | scraper.proxy_manager:_refresh_pool:167 - No proxies returned from API
2026-08-15 02:11:25.468 | ERROR    | scraper.proxy_manager:get_proxy:218 - No usable proxies available
2026-08-15 02:11:25.599 | INFO     | scraper.tasks:scrape_company:64 - [tofler] Scraping company: https://www.tofler.in/t-t-limited/company/L18101DL1978PLC009241
2026-08-15 02:11:25.600 | INFO     | scraper.proxy_manager:get_proxy:208 - Proxy pool low (0 usable), refreshing...
2026-08-15 02:11:25.601 | ERROR    | scraper.proxy_manager:_fetch_from_api:111 - PROXY_PROVIDER_API_URL not configured
2026-08-15 02:11:25.602 | WARNING  | scraper.proxy_manager:_refresh_pool:167 - No proxies returned from API
2026-08-15 02:11:25.603 | ERROR    | scraper.proxy_manager:get_proxy:218 - No usable proxies available
2026-08-15 02:11:25.696 | INFO     | scraper.tasks:scrape_company:64 - [tofler] Scraping company: https://www.tofler.in/mayfair-fabrics-limited/company/L18101DL1983PLC027286
2026-08-15 02:11:25.697 | INFO     | scraper.proxy_manager:get_proxy:208 - Proxy pool low (0 usable), refreshing...
2026-08-15 02:11:25.698 | ERROR    | scraper.proxy_manager:_fetch_from_api:111 - PROXY_PROVIDER_API_URL not configured
2026-08-15 02:11:25.699 | WARNING  | scraper.proxy_manager:_refresh_pool:167 - No proxies returned from API
2026-08-15 02:11:25.700 | ERROR    | scraper.proxy_manager:get_proxy:218 - No usable proxies available
2026-08-15 02:11:25.793 | INFO     | scraper.tasks:scrape_company:64 - [tofler] Scraping company: https://www.tofler.in/paloma-knitwear-international-limited/company/L18101DL1984PLC019544
2026-08-15 02:11:25.794 | INFO     | scraper.proxy_manager:get_proxy:208 - Proxy pool low (0 usable), refreshing...
2026-08-15 02:11:25.795 | ERROR    | scraper.proxy_manager:_fetch_from_api:111 - PROXY_PROVIDER_API_URL not configured
2026-08-15 02:11:25.795 | WARNING  | scraper.proxy_manager:_refresh_pool:167 - No proxies returned from API
2026-08-15 02:11:25.796 | ERROR    | scraper.proxy_manager:get_proxy:218 - No usable proxies available
2026-08-15 02:11:25.861 | INFO     | scraper.tasks:scrape_company:64 - [tofler] Scraping company: https://www.tofler.in/riba-textiles-limited/company/L18101DL1989PLC034528
2026-08-15 02:11:25.862 | INFO     | scraper.proxy_manager:get_proxy:208 - Proxy pool low (0 usable), refreshing...
2026-08-15 02:11:25.862 | ERROR    | scraper.proxy_manager:_fetch_from_api:111 - PROXY_PROVIDER_API_URL not configured
2026-08-15 02:11:25.863 | WARNING  | scraper.proxy_manager:_refresh_pool:167 - No proxies returned from API
2026-08-15 02:11:25.864 | ERROR    | scraper.proxy_manager:get_proxy:218 - No usable proxies available
2026-08-15 02:11:25.899 | INFO     | scraper.tasks:scrape_company:64 - [tofler] Scraping company: https://www.tofler.in/regal-enterprises-ltd/company/L18101DL1989PLC269075
2026-08-15 02:11:25.899 | INFO     | scraper.proxy_manager:get_proxy:208 - Proxy pool low (0 usable), refreshing...
2026-08-15 02:11:25.900 | ERROR    | scraper.proxy_manager:_fetch_from_api:111 - PROXY_PROVIDER_API_URL not configured
2026-08-15 02:11:25.901 | WARNING  | scraper.proxy_manager:_refresh_pool:167 - No proxies returned from API
2026-08-15 02:11:25.902 | ERROR    | scraper.proxy_manager:get_proxy:218 - No usable proxies available
2026-08-15 02:11:27.166 | INFO     | scraper.tasks:scrape_company:64 - [tofler] Scraping company: https://www.tofler.in/avsl-industries-limited/company/L18101DL2003PLC121698
2026-08-15 02:11:27.167 | INFO     | scraper.proxy_manager:get_proxy:208 - Proxy pool low (0 usable), refreshing...
2026-08-15 02:11:27.168 | ERROR    | scraper.proxy_manager:_fetch_from_api:111 - PROXY_PROVIDER_API_URL not configured
2026-08-15 02:11:27.169 | WARNING  | scraper.proxy_manager:_refresh_pool:167 - No proxies returned from API
2026-08-15 02:11:27.171 | ERROR    | scraper.proxy_manager:get_proxy:218 - No usable proxies available
2026-08-15 02:11:27.374 | INFO     | scraper.tasks:scrape_company:64 - [tofler] Scraping company: https://www.tofler.in/indosolar-limited/company/L18101DL2005PLC134879
2026-08-15 02:11:27.375 | INFO     | scraper.proxy_manager:get_proxy:208 - Proxy pool low (0 usable), refreshing...
2026-08-15 02:11:27.376 | ERROR    | scraper.proxy_manager:_fetch_from_api:111 - PROXY_PROVIDER_API_URL not configured
2026-08-15 02:11:27.376 | WARNING  | scraper.proxy_manager:_refresh_pool:167 - No proxies returned from API
2026-08-15 02:11:27.377 | ERROR    | scraper.proxy_manager:get_proxy:218 - No usable proxies available
2026-08-15 02:11:27.551 | INFO     | scraper.tasks:scrape_company:64 - [tofler] Scraping company: https://www.tofler.in/munak-galva-sheets-limited/company/L20765DL1985PLC020765
2026-08-15 02:11:27.552 | INFO     | scraper.proxy_manager:get_proxy:208 - Proxy pool low (0 usable), refreshing...
2026-08-15 02:11:27.554 | ERROR    | scraper.proxy_manager:_fetch_from_api:111 - PROXY_PROVIDER_API_URL not configured
2026-08-15 02:11:27.555 | WARNING  | scraper.proxy_manager:_refresh_pool:167 - No proxies returned from API
2026-08-15 02:11:27.556 | ERROR    | scraper.proxy_manager:get_proxy:218 - No usable proxies available
2026-08-15 02:11:27.627 | INFO     | scraper.tasks:scrape_company:64 - [tofler] Scraping company: https://www.tofler.in/shree-krishna-paper-mills-and-industries-ltd/company/L21012DL1972PLC279773
2026-08-15 02:11:27.628 | INFO     | scraper.proxy_manager:get_proxy:208 - Proxy pool low (0 usable), refreshing...
2026-08-15 02:11:27.629 | ERROR    | scraper.proxy_manager:_fetch_from_api:111 - PROXY_PROVIDER_API_URL not configured
2026-08-15 02:11:27.630 | WARNING  | scraper.proxy_manager:_refresh_pool:167 - No proxies returned from API
2026-08-15 02:11:27.630 | ERROR    | scraper.proxy_manager:get_proxy:218 - No usable proxies available
2026-08-15 02:11:27.736 | INFO     | scraper.tasks:scrape_company:64 - [tofler] Scraping company: https://www.tofler.in/greenlam-industries-limited/company/L21016DL2013PLC386045
2026-08-15 02:11:27.737 | INFO     | scraper.proxy_manager:get_proxy:208 - Proxy pool low (0 usable), refreshing...
2026-08-15 02:11:27.738 | ERROR    | scraper.proxy_manager:_fetch_from_api:111 - PROXY_PROVIDER_API_URL not configured
2026-08-15 02:11:27.739 | WARNING  | scraper.proxy_manager:_refresh_pool:167 - No proxies returned from API
2026-08-15 02:11:27.739 | ERROR    | scraper.proxy_manager:get_proxy:218 - No usable proxies available
2026-08-15 02:11:27.791 | INFO     | scraper.tasks:scrape_company:64 - [tofler] Scraping company: https://www.tofler.in/b-j-duplex-boards-limited/company/L21090DL1995PLC066281
2026-08-15 02:11:27.792 | INFO     | scraper.proxy_manager:get_proxy:208 - Proxy pool low (0 usable), refreshing...
2026-08-15 02:11:27.792 | ERROR    | scraper.proxy_manager:_fetch_from_api:111 - PROXY_PROVIDER_API_URL not configured
2026-08-15 02:11:27.793 | WARNING  | scraper.proxy_manager:_refresh_pool:167 - No proxies returned from API
2026-08-15 02:11:27.794 | ERROR    | scraper.proxy_manager:get_proxy:218 - No usable proxies available
2026-08-15 02:11:28.697 | INFO     | scraper.tasks:scrape_company:64 - [tofler] Scraping company: https://www.tofler.in/haryana-coated-papers-limited/company/L21093DL1971PLC005669
2026-08-15 02:11:28.698 | INFO     | scraper.proxy_manager:get_proxy:208 - Proxy pool low (0 usable), refreshing...
2026-08-15 02:11:28.699 | ERROR    | scraper.proxy_manager:_fetch_from_api:111 - PROXY_PROVIDER_API_URL not configured
2026-08-15 02:11:28.700 | WARNING  | scraper.proxy_manager:_refresh_pool:167 - No proxies returned from API
2026-08-15 02:11:28.701 | ERROR    | scraper.proxy_manager:get_proxy:218 - No usable proxies available
2026-08-15 02:11:29.216 | INFO     | scraper.tasks:scrape_company:64 - [tofler] Scraping company: https://www.tofler.in/polymer-papers-limited/company/L21093DL1974PLC007495
2026-08-15 02:11:29.217 | INFO     | scraper.proxy_manager:get_proxy:208 - Proxy pool low (0 usable), refreshing...
2026-08-15 02:11:29.218 | ERROR    | scraper.proxy_manager:_fetch_from_api:111 - PROXY_PROVIDER_API_URL not configured
2026-08-15 02:11:29.218 | WARNING  | scraper.proxy_manager:_refresh_pool:167 - No proxies returned from API
2026-08-15 02:11:29.220 | ERROR    | scraper.proxy_manager:get_proxy:218 - No usable proxies available
2026-08-15 02:11:29.301 | INFO     | scraper.tasks:scrape_company:64 - [tofler] Scraping company: https://www.tofler.in/magnum-ventures-limited/company/L21093DL1980PLC010492
2026-08-15 02:11:29.303 | INFO     | scraper.proxy_manager:get_proxy:208 - Proxy pool low (0 usable), refreshing...
2026-08-15 02:11:29.304 | ERROR    | scraper.proxy_manager:_fetch_from_api:111 - PROXY_PROVIDER_API_URL not configured
2026-08-15 02:11:29.305 | WARNING  | scraper.proxy_manager:_refresh_pool:167 - No proxies returned from API
2026-08-15 02:11:29.306 | ERROR    | scraper.proxy_manager:get_proxy:218 - No usable proxies available
2026-08-15 02:11:29.371 | INFO     | scraper.tasks:scrape_company:64 - [tofler] Scraping company: https://www.tofler.in/mohit-paper-mills-limited/company/L21093DL1992PLC116600
2026-08-15 02:11:29.372 | INFO     | scraper.proxy_manager:get_proxy:208 - Proxy pool low (0 usable), refreshing...
2026-08-15 02:11:29.373 | ERROR    | scraper.proxy_manager:_fetch_from_api:111 - PROXY_PROVIDER_API_URL not configured
2026-08-15 02:11:29.374 | WARNING  | scraper.proxy_manager:_refresh_pool:167 - No proxies returned from API
2026-08-15 02:11:29.375 | ERROR    | scraper.proxy_manager:get_proxy:218 - No usable proxies available
2026-08-15 02:11:29.451 | INFO     | scraper.tasks:scrape_company:64 - [tofler] Scraping company: https://www.tofler.in/buy-right-impex-limited/company/L22100DL1983PLC314401
2026-08-15 02:11:29.453 | INFO     | scraper.proxy_manager:get_proxy:208 - Proxy pool low (0 usable), refreshing...
2026-08-15 02:11:29.454 | ERROR    | scraper.proxy_manager:_fetch_from_api:111 - PROXY_PROVIDER_API_URL not configured
2026-08-15 02:11:29.455 | WARNING  | scraper.proxy_manager:_refresh_pool:167 - No proxies returned from API
2026-08-15 02:11:29.455 | ERROR    | scraper.proxy_manager:get_proxy:218 - No usable proxies available
2026-08-15 02:11:29.551 | INFO     | scraper.tasks:scrape_company:64 - [tofler] Scraping company: https://www.tofler.in/ht-media-limited/company/L22121DL2002PLC117874
2026-08-15 02:11:29.552 | INFO     | scraper.proxy_manager:get_proxy:208 - Proxy pool low (0 usable), refreshing...
2026-08-15 02:11:29.553 | ERROR    | scraper.proxy_manager:_fetch_from_api:111 - PROXY_PROVIDER_API_URL not configured
2026-08-15 02:11:29.553 | WARNING  | scraper.proxy_manager:_refresh_pool:167 - No proxies returned from API
2026-08-15 02:11:29.554 | ERROR    | scraper.proxy_manager:get_proxy:218 - No usable proxies available
2026-08-15 02:11:31.498 | INFO     | scraper.tasks:_scrape_target:81 - [tofler] page 2: 30 records
2026-08-15 02:11:31.499 | INFO     | scraper.proxy_manager:get_proxy:208 - Proxy pool low (0 usable), refreshing...
2026-08-15 02:11:31.499 | ERROR    | scraper.proxy_manager:_fetch_from_api:111 - PROXY_PROVIDER_API_URL not configured
2026-08-15 02:11:31.500 | WARNING  | scraper.proxy_manager:_refresh_pool:167 - No proxies returned from API
2026-08-15 02:11:31.501 | ERROR    | scraper.proxy_manager:get_proxy:218 - No usable proxies available
2026-08-15 02:11:32.642 | INFO     | scraper.tasks:scrape_company:64 - [tofler] Scraping company: https://www.tofler.in/ett-limited/company/L22122DL1993PLC123728
2026-08-15 02:11:32.644 | INFO     | scraper.proxy_manager:get_proxy:208 - Proxy pool low (0 usable), refreshing...
2026-08-15 02:11:32.644 | ERROR    | scraper.proxy_manager:_fetch_from_api:111 - PROXY_PROVIDER_API_URL not configured
2026-08-15 02:11:32.645 | WARNING  | scraper.proxy_manager:_refresh_pool:167 - No proxies returned from API
2026-08-15 02:11:32.646 | ERROR    | scraper.proxy_manager:get_proxy:218 - No usable proxies available
2026-08-15 02:11:32.649 | INFO     | scraper.tasks:scrape_company:64 - [tofler] Scraping company: https://www.tofler.in/kairosoft-ai-solutions-limited/company/L22209DL1982PLC256291
2026-08-15 02:11:32.651 | INFO     | scraper.proxy_manager:get_proxy:208 - Proxy pool low (0 usable), refreshing...
2026-08-15 02:11:32.651 | ERROR    | scraper.proxy_manager:_fetch_from_api:111 - PROXY_PROVIDER_API_URL not configured
2026-08-15 02:11:32.652 | WARNING  | scraper.proxy_manager:_refresh_pool:167 - No proxies returned from API
2026-08-15 02:11:32.653 | ERROR    | scraper.proxy_manager:get_proxy:218 - No usable proxies available
2026-08-15 02:11:32.657 | INFO     | scraper.tasks:scrape_company:64 - [tofler] Scraping company: https://www.tofler.in/s-chand-and-company-limited/company/L22219DL1970PLC005400
2026-08-15 02:11:32.658 | INFO     | scraper.proxy_manager:get_proxy:208 - Proxy pool low (0 usable), refreshing...
2026-08-15 02:11:32.659 | ERROR    | scraper.proxy_manager:_fetch_from_api:111 - PROXY_PROVIDER_API_URL not configured
2026-08-15 02:11:32.660 | WARNING  | scraper.proxy_manager:_refresh_pool:167 - No proxies returned from API
2026-08-15 02:11:32.661 | ERROR    | scraper.proxy_manager:get_proxy:218 - No usable proxies available
2026-08-15 02:11:32.663 | INFO     | scraper.tasks:scrape_company:64 - [tofler] Scraping company: https://www.tofler.in/shree-jagdambe-paper-mills-ltd/company/L22219DL1980PLC167850
2026-08-15 02:11:32.664 | INFO     | scraper.proxy_manager:get_proxy:208 - Proxy pool low (0 usable), refreshing...
2026-08-15 02:11:32.665 | ERROR    | scraper.proxy_manager:_fetch_from_api:111 - PROXY_PROVIDER_API_URL not configured
2026-08-15 02:11:32.666 | WARNING  | scraper.proxy_manager:_refresh_pool:167 - No proxies returned from API
2026-08-15 02:11:32.667 | ERROR    | scraper.proxy_manager:get_proxy:218 - No usable proxies available
2026-08-15 02:11:32.669 | INFO     | scraper.tasks:scrape_company:64 - [tofler] Scraping company: https://www.tofler.in/coral-newsprints-limited/company/L22219DL1992PLC048398
2026-08-15 02:11:32.670 | INFO     | scraper.proxy_manager:get_proxy:208 - Proxy pool low (0 usable), refreshing...
2026-08-15 02:11:32.671 | ERROR    | scraper.proxy_manager:_fetch_from_api:111 - PROXY_PROVIDER_API_URL not configured
2026-08-15 02:11:32.671 | WARNING  | scraper.proxy_manager:_refresh_pool:167 - No proxies returned from API
2026-08-15 02:11:32.672 | ERROR    | scraper.proxy_manager:get_proxy:218 - No usable proxies available
2026-08-15 02:11:32.674 | INFO     | scraper.tasks:scrape_company:64 - [tofler] Scraping company: https://www.tofler.in/creative-graphics-solutions-india-limited/company/L22219DL2014PLC263964
2026-08-15 02:11:32.675 | INFO     | scraper.proxy_manager:get_proxy:208 - Proxy pool low (0 usable), refreshing...
2026-08-15 02:11:32.676 | ERROR    | scraper.proxy_manager:_fetch_from_api:111 - PROXY_PROVIDER_API_URL not configured
2026-08-15 02:11:32.677 | WARNING  | scraper.proxy_manager:_refresh_pool:167 - No proxies returned from API
2026-08-15 02:11:32.677 | ERROR    | scraper.proxy_manager:get_proxy:218 - No usable proxies available
2026-08-15 02:11:34.317 | INFO     | scraper.tasks:scrape_company:64 - [tofler] Scraping company: https://www.tofler.in/maxposure-limited/company/L22229DL2006PLC152087
2026-08-15 02:11:34.320 | INFO     | scraper.proxy_manager:get_proxy:208 - Proxy pool low (0 usable), refreshing...
2026-08-15 02:11:34.321 | ERROR    | scraper.proxy_manager:_fetch_from_api:111 - PROXY_PROVIDER_API_URL not configured
2026-08-15 02:11:34.322 | WARNING  | scraper.proxy_manager:_refresh_pool:167 - No proxies returned from API
2026-08-15 02:11:34.323 | ERROR    | scraper.proxy_manager:get_proxy:218 - No usable proxies available
2026-08-15 02:11:34.430 | INFO     | scraper.tasks:scrape_company:64 - [tofler] Scraping company: https://www.tofler.in/indraprastha-gas-limited/company/L23201DL1998PLC097614
2026-08-15 02:11:34.431 | INFO     | scraper.proxy_manager:get_proxy:208 - Proxy pool low (0 usable), refreshing...
2026-08-15 02:11:34.432 | ERROR    | scraper.proxy_manager:_fetch_from_api:111 - PROXY_PROVIDER_API_URL not configured
2026-08-15 02:11:34.433 | WARNING  | scraper.proxy_manager:_refresh_pool:167 - No proxies returned from API
2026-08-15 02:11:34.433 | ERROR    | scraper.proxy_manager:get_proxy:218 - No usable proxies available
2026-08-15 02:11:34.477 | INFO     | scraper.tasks:scrape_company:64 - [tofler] Scraping company: https://www.tofler.in/salasar-techno-engineering-limited/company/L23201DL2001PLC174076
2026-08-15 02:11:34.479 | INFO     | scraper.proxy_manager:get_proxy:208 - Proxy pool low (0 usable), refreshing...
2026-08-15 02:11:34.481 | ERROR    | scraper.proxy_manager:_fetch_from_api:111 - PROXY_PROVIDER_API_URL not configured
2026-08-15 02:11:34.481 | WARNING  | scraper.proxy_manager:_refresh_pool:167 - No proxies returned from API
2026-08-15 02:11:34.482 | ERROR    | scraper.proxy_manager:get_proxy:218 - No usable proxies available
2026-08-15 02:11:34.624 | INFO     | scraper.tasks:scrape_company:64 - [tofler] Scraping company: https://www.tofler.in/sanco-industries-limited/company/L24100DL1989PLC035549
2026-08-15 02:11:34.625 | INFO     | scraper.proxy_manager:get_proxy:208 - Proxy pool low (0 usable), refreshing...
2026-08-15 02:11:34.626 | ERROR    | scraper.proxy_manager:_fetch_from_api:111 - PROXY_PROVIDER_API_URL not configured
2026-08-15 02:11:34.627 | WARNING  | scraper.proxy_manager:_refresh_pool:167 - No proxies returned from API
2026-08-15 02:11:34.627 | ERROR    | scraper.proxy_manager:get_proxy:218 - No usable proxies available
2026-08-15 02:11:34.714 | INFO     | scraper.tasks:scrape_company:64 - [tofler] Scraping company: https://www.tofler.in/fabino-life-sciences-limited/company/L24100DL2011PLC226781
2026-08-15 02:11:34.715 | INFO     | scraper.proxy_manager:get_proxy:208 - Proxy pool low (0 usable), refreshing...
2026-08-15 02:11:34.716 | ERROR    | scraper.proxy_manager:_fetch_from_api:111 - PROXY_PROVIDER_API_URL not configured
2026-08-15 02:11:34.716 | WARNING  | scraper.proxy_manager:_refresh_pool:167 - No proxies returned from API
2026-08-15 02:11:34.717 | ERROR    | scraper.proxy_manager:get_proxy:218 - No usable proxies available
2026-08-15 02:11:34.868 | INFO     | scraper.tasks:scrape_company:64 - [tofler] Scraping company: https://www.tofler.in/shreekant-chemical-industries-limited/company/L24119DL1981PLC040762
2026-08-15 02:11:34.869 | INFO     | scraper.proxy_manager:get_proxy:208 - Proxy pool low (0 usable), refreshing...
2026-08-15 02:11:34.870 | ERROR    | scraper.proxy_manager:_fetch_from_api:111 - PROXY_PROVIDER_API_URL not configured
2026-08-15 02:11:34.870 | WARNING  | scraper.proxy_manager:_refresh_pool:167 - No proxies returned from API
2026-08-15 02:11:34.871 | ERROR    | scraper.proxy_manager:get_proxy:218 - No usable proxies available
2026-08-15 02:11:36.127 | INFO     | scraper.tasks:scrape_company:64 - [tofler] Scraping company: https://www.tofler.in/galore-prints-industries-limited/company/L24119DL1988PLC031866
2026-08-15 02:11:36.128 | INFO     | scraper.proxy_manager:get_proxy:208 - Proxy pool low (0 usable), refreshing...
2026-08-15 02:11:36.129 | ERROR    | scraper.proxy_manager:_fetch_from_api:111 - PROXY_PROVIDER_API_URL not configured
2026-08-15 02:11:36.130 | WARNING  | scraper.proxy_manager:_refresh_pool:167 - No proxies returned from API
2026-08-15 02:11:36.131 | ERROR    | scraper.proxy_manager:get_proxy:218 - No usable proxies available
2026-08-15 02:11:36.229 | INFO     | scraper.tasks:scrape_company:64 - [tofler] Scraping company: https://www.tofler.in/bharat-rasayan-limited/company/L24119DL1989PLC036264
2026-08-15 02:11:36.230 | INFO     | scraper.proxy_manager:get_proxy:208 - Proxy pool low (0 usable), refreshing...
2026-08-15 02:11:36.230 | ERROR    | scraper.proxy_manager:_fetch_from_api:111 - PROXY_PROVIDER_API_URL not configured
2026-08-15 02:11:36.231 | WARNING  | scraper.proxy_manager:_refresh_pool:167 - No proxies returned from API
2026-08-15 02:11:36.232 | ERROR    | scraper.proxy_manager:get_proxy:218 - No usable proxies available
2026-08-15 02:11:36.288 | INFO     | scraper.tasks:scrape_company:64 - [tofler] Scraping company: https://www.tofler.in/hpc-biosciences-limited/company/L24119DL2002PLC114026
2026-08-15 02:11:36.289 | INFO     | scraper.proxy_manager:get_proxy:208 - Proxy pool low (0 usable), refreshing...
2026-08-15 02:11:36.289 | ERROR    | scraper.proxy_manager:_fetch_from_api:111 - PROXY_PROVIDER_API_URL not configured
2026-08-15 02:11:36.290 | WARNING  | scraper.proxy_manager:_refresh_pool:167 - No proxies returned from API
2026-08-15 02:11:36.291 | ERROR    | scraper.proxy_manager:get_proxy:218 - No usable proxies available
2026-08-15 02:11:36.373 | INFO     | scraper.tasks:scrape_company:64 - [tofler] Scraping company: https://www.tofler.in/florence-investech-limited/company/L24211DL1993PLC254964
2026-08-15 02:11:36.374 | INFO     | scraper.proxy_manager:get_proxy:208 - Proxy pool low (0 usable), refreshing...
2026-08-15 02:11:36.375 | ERROR    | scraper.proxy_manager:_fetch_from_api:111 - PROXY_PROVIDER_API_URL not configured
2026-08-15 02:11:36.376 | WARNING  | scraper.proxy_manager:_refresh_pool:167 - No proxies returned from API
2026-08-15 02:11:36.376 | ERROR    | scraper.proxy_manager:get_proxy:218 - No usable proxies available
2026-08-15 02:11:36.430 | INFO     | scraper.tasks:scrape_company:64 - [tofler] Scraping company: https://www.tofler.in/dhanuka-agritech-limited/company/L24219DL1985PLC020126
2026-08-15 02:11:36.432 | INFO     | scraper.proxy_manager:get_proxy:208 - Proxy pool low (0 usable), refreshing...
2026-08-15 02:11:36.433 | ERROR    | scraper.proxy_manager:_fetch_from_api:111 - PROXY_PROVIDER_API_URL not configured
2026-08-15 02:11:36.434 | WARNING  | scraper.proxy_manager:_refresh_pool:167 - No proxies returned from API
2026-08-15 02:11:36.435 | ERROR    | scraper.proxy_manager:get_proxy:218 - No usable proxies available
2026-08-15 02:11:36.607 | INFO     | scraper.tasks:scrape_company:64 - [tofler] Scraping company: https://www.tofler.in/sirca-paints-india-limited/company/L24219DL2006PLC145092
2026-08-15 02:11:36.608 | INFO     | scraper.proxy_manager:get_proxy:208 - Proxy pool low (0 usable), refreshing...
2026-08-15 02:11:36.609 | ERROR    | scraper.proxy_manager:_fetch_from_api:111 - PROXY_PROVIDER_API_URL not configured
2026-08-15 02:11:36.610 | WARNING  | scraper.proxy_manager:_refresh_pool:167 - No proxies returned from API
2026-08-15 02:11:36.610 | ERROR    | scraper.proxy_manager:get_proxy:218 - No usable proxies available
2026-08-15 02:11:38.049 | INFO     | scraper.tasks:scrape_company:64 - [tofler] Scraping company: https://www.tofler.in/dabur-india-limited/company/L24230DL1975PLC007908
2026-08-15 02:11:38.051 | INFO     | scraper.proxy_manager:get_proxy:208 - Proxy pool low (0 usable), refreshing...
2026-08-15 02:11:38.052 | ERROR    | scraper.proxy_manager:_fetch_from_api:111 - PROXY_PROVIDER_API_URL not configured
2026-08-15 02:11:38.053 | WARNING  | scraper.proxy_manager:_refresh_pool:167 - No proxies returned from API
2026-08-15 02:11:38.054 | ERROR    | scraper.proxy_manager:get_proxy:218 - No usable proxies available
2026-08-15 02:11:38.247 | INFO     | scraper.tasks:scrape_company:64 - [tofler] Scraping company: https://www.tofler.in/sterling-webnet-limited/company/L24230DL1995PLC170660
2026-08-15 02:11:38.248 | INFO     | scraper.proxy_manager:get_proxy:208 - Proxy pool low (0 usable), refreshing...
2026-08-15 02:11:38.248 | ERROR    | scraper.proxy_manager:_fetch_from_api:111 - PROXY_PROVIDER_API_URL not configured
2026-08-15 02:11:38.249 | WARNING  | scraper.proxy_manager:_refresh_pool:167 - No proxies returned from API
2026-08-15 02:11:38.250 | ERROR    | scraper.proxy_manager:get_proxy:218 - No usable proxies available
2026-08-15 02:11:38.301 | INFO     | scraper.tasks:scrape_company:64 - [tofler] Scraping company: https://www.tofler.in/indraprastha-medical-corporation-limited/company/L24232DL1988PLC030958
2026-08-15 02:11:38.302 | INFO     | scraper.proxy_manager:get_proxy:208 - Proxy pool low (0 usable), refreshing...
2026-08-15 02:11:38.303 | ERROR    | scraper.proxy_manager:_fetch_from_api:111 - PROXY_PROVIDER_API_URL not configured
2026-08-15 02:11:38.304 | WARNING  | scraper.proxy_manager:_refresh_pool:167 - No proxies returned from API
2026-08-15 02:11:38.305 | ERROR    | scraper.proxy_manager:get_proxy:218 - No usable proxies available
2026-08-15 02:11:38.338 | INFO     | scraper.tasks:scrape_company:64 - [tofler] Scraping company: https://www.tofler.in/welcure-drugs-and-pharmaceuticals-limited/company/L24232DL1996PLC227773
2026-08-15 02:11:38.339 | INFO     | scraper.proxy_manager:get_proxy:208 - Proxy pool low (0 usable), refreshing...
2026-08-15 02:11:38.339 | ERROR    | scraper.proxy_manager:_fetch_from_api:111 - PROXY_PROVIDER_API_URL not configured
2026-08-15 02:11:38.340 | WARNING  | scraper.proxy_manager:_refresh_pool:167 - No proxies returned from API
2026-08-15 02:11:38.341 | ERROR    | scraper.proxy_manager:get_proxy:218 - No usable proxies available
2026-08-15 02:11:38.390 | INFO     | scraper.tasks:scrape_company:64 - [tofler] Scraping company: https://www.tofler.in/safal-herbs-limited/company/L24233DL1994PLC290133
2026-08-15 02:11:38.391 | INFO     | scraper.proxy_manager:get_proxy:208 - Proxy pool low (0 usable), refreshing...
2026-08-15 02:11:38.392 | ERROR    | scraper.proxy_manager:_fetch_from_api:111 - PROXY_PROVIDER_API_URL not configured
2026-08-15 02:11:38.392 | WARNING  | scraper.proxy_manager:_refresh_pool:167 - No proxies returned from API
2026-08-15 02:11:38.393 | ERROR    | scraper.proxy_manager:get_proxy:218 - No usable proxies available
2026-08-15 02:11:38.445 | INFO     | scraper.tasks:scrape_company:64 - [tofler] Scraping company: https://www.tofler.in/ram-minerals-and-chemicals-limited/company/L24233DL2011PLC282949
2026-08-15 02:11:38.446 | INFO     | scraper.proxy_manager:get_proxy:208 - Proxy pool low (0 usable), refreshing...
2026-08-15 02:11:38.446 | ERROR    | scraper.proxy_manager:_fetch_from_api:111 - PROXY_PROVIDER_API_URL not configured
2026-08-15 02:11:38.447 | WARNING  | scraper.proxy_manager:_refresh_pool:167 - No proxies returned from API
2026-08-15 02:11:38.448 | ERROR    | scraper.proxy_manager:get_proxy:218 - No usable proxies available
2026-08-15 02:11:39.065 | WARNING  | scraper.tasks:scrape_company:70 - [tofler] Failed to scrape company https://www.tofler.in/safal-herbs-limited/company/L24233DL1994PLC290133: BrowserContext.close: Target page, context or browser has been closed
2026-08-15 02:11:39.067 | INFO     | scraper.tasks:scrape_company:64 - [tofler] Scraping company: https://www.tofler.in/twenty-first-century-medicare-limited/company/L24239DL1985PLC022113
2026-08-15 02:11:39.068 | INFO     | scraper.proxy_manager:get_proxy:208 - Proxy pool low (0 usable), refreshing...
2026-08-15 02:11:39.068 | ERROR    | scraper.proxy_manager:_fetch_from_api:111 - PROXY_PROVIDER_API_URL not configured
2026-08-15 02:11:39.069 | WARNING  | scraper.proxy_manager:_refresh_pool:167 - No proxies returned from API
2026-08-15 02:11:39.070 | ERROR    | scraper.proxy_manager:get_proxy:218 - No usable proxies available
2026-08-15 02:11:39.074 | WARNING  | scraper.tasks:scrape_company:70 - [tofler] Failed to scrape company https://www.tofler.in/welcure-drugs-and-pharmaceuticals-limited/company/L24232DL1996PLC227773: BrowserContext.close: Target page, context or browser has been closed
2026-08-15 02:11:39.075 | INFO     | scraper.tasks:scrape_company:64 - [tofler] Scraping company: https://www.tofler.in/anmol-drugs-and-pharmaceuticals-limited/company/L24239DL1986PLC025187
2026-08-15 02:11:39.076 | INFO     | scraper.proxy_manager:get_proxy:208 - Proxy pool low (0 usable), refreshing...
2026-08-15 02:11:39.077 | ERROR    | scraper.proxy_manager:_fetch_from_api:111 - PROXY_PROVIDER_API_URL not configured
2026-08-15 02:11:39.077 | WARNING  | scraper.proxy_manager:_refresh_pool:167 - No proxies returned from API
2026-08-15 02:11:39.078 | ERROR    | scraper.proxy_manager:get_proxy:218 - No usable proxies available
2026-08-15 02:11:39.080 | WARNING  | scraper.tasks:scrape_company:70 - [tofler] Failed to scrape company https://www.tofler.in/ram-minerals-and-chemicals-limited/company/L24233DL2011PLC282949: BrowserContext.close: Target page, context or browser has been closed
2026-08-15 02:11:39.082 | INFO     | scraper.tasks:scrape_company:64 - [tofler] Scraping company: https://www.tofler.in/akums-drugs-and-pharmaceuticals-limited/company/L24239DL2004PLC125888
2026-08-15 02:11:39.082 | INFO     | scraper.proxy_manager:get_proxy:208 - Proxy pool low (0 usable), refreshing...
2026-08-15 02:11:39.083 | ERROR    | scraper.proxy_manager:_fetch_from_api:111 - PROXY_PROVIDER_API_URL not configured
2026-08-15 02:11:39.084 | WARNING  | scraper.proxy_manager:_refresh_pool:167 - No proxies returned from API
2026-08-15 02:11:39.085 | ERROR    | scraper.proxy_manager:get_proxy:218 - No usable proxies available
2026-08-15 02:11:39.087 | WARNING  | scraper.tasks:scrape_company:70 - [tofler] Failed to scrape company https://www.tofler.in/indraprastha-medical-corporation-limited/company/L24232DL1988PLC030958: BrowserContext.close: Target page, context or browser has been closed
2026-08-15 02:11:39.088 | INFO     | scraper.tasks:scrape_company:64 - [tofler] Scraping company: https://www.tofler.in/sunil-healthcare-limited/company/L24302DL1973PLC189662
2026-08-15 02:11:39.089 | INFO     | scraper.proxy_manager:get_proxy:208 - Proxy pool low (0 usable), refreshing...
2026-08-15 02:11:39.090 | ERROR    | scraper.proxy_manager:_fetch_from_api:111 - PROXY_PROVIDER_API_URL not configured
2026-08-15 02:11:39.090 | WARNING  | scraper.proxy_manager:_refresh_pool:167 - No proxies returned from API
2026-08-15 02:11:39.091 | ERROR    | scraper.proxy_manager:get_proxy:218 - No usable proxies available
2026-08-15 02:11:39.093 | WARNING  | scraper.tasks:scrape_company:70 - [tofler] Failed to scrape company https://www.tofler.in/dabur-india-limited/company/L24230DL1975PLC007908: BrowserContext.close: Target page, context or browser has been closed
2026-08-15 02:11:39.094 | INFO     | scraper.tasks:scrape_company:64 - [tofler] Scraping company: https://www.tofler.in/jasch-industries-limited/company/L24302DL1985PLC383771
2026-08-15 02:11:39.095 | INFO     | scraper.proxy_manager:get_proxy:208 - Proxy pool low (0 usable), refreshing...
2026-08-15 02:11:39.095 | ERROR    | scraper.proxy_manager:_fetch_from_api:111 - PROXY_PROVIDER_API_URL not configured
2026-08-15 02:11:39.096 | WARNING  | scraper.proxy_manager:_refresh_pool:167 - No proxies returned from API
2026-08-15 02:11:39.097 | ERROR    | scraper.proxy_manager:get_proxy:218 - No usable proxies available
2026-08-15 02:11:39.099 | WARNING  | scraper.tasks:scrape_company:70 - [tofler] Failed to scrape company https://www.tofler.in/sterling-webnet-limited/company/L24230DL1995PLC170660: BrowserContext.close: Connection closed while reading from the driver
2026-08-15 02:11:39.100 | WARNING  | scraper.tasks:scrape_company:70 - [tofler] Failed to scrape company https://www.tofler.in/twenty-first-century-medicare-limited/company/L24239DL1985PLC022113: Browser.new_context: Connection closed while reading from the driver
2026-08-15 02:11:39.101 | WARNING  | scraper.tasks:scrape_company:70 - [tofler] Failed to scrape company https://www.tofler.in/anmol-drugs-and-pharmaceuticals-limited/company/L24239DL1986PLC025187: Browser.new_context: Connection closed while reading from the driver
2026-08-15 02:11:39.102 | WARNING  | scraper.tasks:scrape_company:70 - [tofler] Failed to scrape company https://www.tofler.in/akums-drugs-and-pharmaceuticals-limited/company/L24239DL2004PLC125888: Browser.new_context: Connection closed while reading from the driver
2026-08-15 02:11:39.103 | WARNING  | scraper.tasks:scrape_company:70 - [tofler] Failed to scrape company https://www.tofler.in/sunil-healthcare-limited/company/L24302DL1973PLC189662: Browser.new_context: Connection closed while reading from the driver
2026-08-15 02:11:39.104 | WARNING  | scraper.tasks:scrape_company:70 - [tofler] Failed to scrape company https://www.tofler.in/jasch-industries-limited/company/L24302DL1985PLC383771: Browser.new_context: Connection closed while reading from the driver
2026-08-15 02:11:39.105 | INFO     | scraper.tasks:scrape_company:64 - [tofler] Scraping company: https://www.tofler.in/jain-tube-company-limited/company/L25111DL1964PLC004235
2026-08-15 02:11:39.106 | INFO     | scraper.proxy_manager:get_proxy:208 - Proxy pool low (0 usable), refreshing...
2026-08-15 02:11:39.106 | ERROR    | scraper.proxy_manager:_fetch_from_api:111 - PROXY_PROVIDER_API_URL not configured
2026-08-15 02:11:39.107 | WARNING  | scraper.proxy_manager:_refresh_pool:167 - No proxies returned from API
2026-08-15 02:11:39.108 | ERROR    | scraper.proxy_manager:get_proxy:218 - No usable proxies available
2026-08-15 02:11:39.110 | WARNING  | scraper.tasks:scrape_company:70 - [tofler] Failed to scrape company https://www.tofler.in/jain-tube-company-limited/company/L25111DL1964PLC004235: Browser.new_context: Connection closed while reading from the driver
2026-08-15 02:11:39.111 | INFO     | scraper.tasks:_scrape_target:81 - [tofler] page 3: 30 records
2026-08-15 02:11:39.112 | INFO     | scraper.proxy_manager:get_proxy:208 - Proxy pool low (0 usable), refreshing...
2026-08-15 02:11:39.113 | ERROR    | scraper.proxy_manager:_fetch_from_api:111 - PROXY_PROVIDER_API_URL not configured
2026-08-15 02:11:39.113 | WARNING  | scraper.proxy_manager:_refresh_pool:167 - No proxies returned from API
2026-08-15 02:11:39.114 | ERROR    | scraper.proxy_manager:get_proxy:218 - No usable proxies available
2026-08-15 02:11:39.135 | ERROR    | scraper.tasks:scrape_single_target:99 - [tofler] scrape failed: Browser.close: Connection closed while reading from the driver
2026-08-15 02:18:32.963 | INFO     | scraper.proxy_manager:_fetch_from_api:119 - Fetching proxies from provider API...
2026-08-15 02:18:33.218 | ERROR    | scraper.proxy_manager:_fetch_from_api:154 - Failed to fetch proxies from API: Expecting value: line 1 column 1 (char 0)
2026-08-15 02:18:33.219 | WARNING  | scraper.proxy_manager:_refresh_pool:167 - No proxies returned from API
2026-08-15 02:18:35.526 | INFO     | scraper.browser:start:41 - Browser launched
2026-08-15 02:18:35.530 | INFO     | scraper.proxy_manager:get_proxy:208 - Proxy pool low (0 usable), refreshing...
2026-08-15 02:18:35.531 | INFO     | scraper.proxy_manager:_fetch_from_api:119 - Fetching proxies from provider API...
2026-08-15 02:18:35.953 | INFO     | scraper.browser:start:41 - Browser launched
2026-08-15 02:18:35.956 | INFO     | scraper.proxy_manager:get_proxy:208 - Proxy pool low (0 usable), refreshing...
2026-08-15 02:18:35.959 | INFO     | scraper.proxy_manager:_fetch_from_api:119 - Fetching proxies from provider API...
2026-08-15 02:18:36.369 | INFO     | scraper.browser:start:41 - Browser launched
2026-08-15 02:18:36.371 | INFO     | scraper.proxy_manager:get_proxy:208 - Proxy pool low (0 usable), refreshing...
2026-08-15 02:18:36.373 | INFO     | scraper.proxy_manager:_fetch_from_api:119 - Fetching proxies from provider API...
2026-08-15 02:18:36.769 | INFO     | scraper.browser:start:41 - Browser launched
2026-08-15 02:18:36.772 | INFO     | scraper.proxy_manager:get_proxy:208 - Proxy pool low (0 usable), refreshing...
2026-08-15 02:18:36.775 | INFO     | scraper.proxy_manager:_fetch_from_api:119 - Fetching proxies from provider API...
2026-08-15 02:18:37.158 | INFO     | scraper.browser:start:41 - Browser launched
2026-08-15 02:18:37.160 | INFO     | scraper.proxy_manager:get_proxy:208 - Proxy pool low (0 usable), refreshing...
2026-08-15 02:18:37.163 | INFO     | scraper.proxy_manager:_fetch_from_api:119 - Fetching proxies from provider API...
2026-08-15 02:18:37.561 | INFO     | scraper.browser:start:41 - Browser launched
2026-08-15 02:18:37.566 | INFO     | scraper.proxy_manager:get_proxy:208 - Proxy pool low (0 usable), refreshing...
2026-08-15 02:18:37.569 | INFO     | scraper.proxy_manager:_fetch_from_api:119 - Fetching proxies from provider API...
2026-08-15 02:18:37.951 | INFO     | scraper.browser:start:41 - Browser launched
2026-08-15 02:18:37.953 | INFO     | scraper.proxy_manager:get_proxy:208 - Proxy pool low (0 usable), refreshing...
2026-08-15 02:18:37.954 | INFO     | scraper.proxy_manager:_fetch_from_api:119 - Fetching proxies from provider API...
2026-08-15 02:18:38.318 | INFO     | scraper.browser:start:41 - Browser launched
2026-08-15 02:18:38.322 | INFO     | scraper.proxy_manager:get_proxy:208 - Proxy pool low (0 usable), refreshing...
2026-08-15 02:18:38.324 | INFO     | scraper.proxy_manager:_fetch_from_api:119 - Fetching proxies from provider API...
2026-08-15 02:18:38.693 | INFO     | scraper.browser:start:41 - Browser launched
2026-08-15 02:18:38.694 | INFO     | scraper.proxy_manager:get_proxy:208 - Proxy pool low (0 usable), refreshing...
2026-08-15 02:18:38.698 | INFO     | scraper.proxy_manager:_fetch_from_api:119 - Fetching proxies from provider API...
2026-08-15 02:18:39.122 | INFO     | scraper.browser:start:41 - Browser launched
2026-08-15 02:18:39.125 | INFO     | scraper.proxy_manager:get_proxy:208 - Proxy pool low (0 usable), refreshing...
2026-08-15 02:18:39.129 | INFO     | scraper.proxy_manager:_fetch_from_api:119 - Fetching proxies from provider API...
2026-08-15 02:18:39.572 | INFO     | scraper.browser:start:41 - Browser launched
2026-08-15 02:18:39.576 | INFO     | scraper.proxy_manager:get_proxy:208 - Proxy pool low (0 usable), refreshing...
2026-08-15 02:18:39.578 | INFO     | scraper.proxy_manager:_fetch_from_api:119 - Fetching proxies from provider API...
2026-08-15 02:18:40.053 | INFO     | scraper.browser:start:41 - Browser launched
2026-08-15 02:18:40.062 | INFO     | scraper.proxy_manager:get_proxy:208 - Proxy pool low (0 usable), refreshing...
2026-08-15 02:18:40.066 | INFO     | scraper.proxy_manager:_fetch_from_api:119 - Fetching proxies from provider API...
2026-08-15 02:18:40.462 | INFO     | scraper.browser:start:41 - Browser launched
2026-08-15 02:18:40.465 | INFO     | scraper.proxy_manager:get_proxy:208 - Proxy pool low (0 usable), refreshing...
2026-08-15 02:18:40.469 | INFO     | scraper.proxy_manager:_fetch_from_api:119 - Fetching proxies from provider API...
2026-08-15 02:18:40.861 | INFO     | scraper.browser:start:41 - Browser launched
2026-08-15 02:18:40.864 | INFO     | scraper.proxy_manager:get_proxy:208 - Proxy pool low (0 usable), refreshing...
2026-08-15 02:18:40.865 | INFO     | scraper.proxy_manager:_fetch_from_api:119 - Fetching proxies from provider API...
2026-08-15 02:18:41.262 | INFO     | scraper.browser:start:41 - Browser launched
2026-08-15 02:18:41.266 | INFO     | scraper.proxy_manager:get_proxy:208 - Proxy pool low (0 usable), refreshing...
2026-08-15 02:18:41.269 | INFO     | scraper.proxy_manager:_fetch_from_api:119 - Fetching proxies from provider API...
2026-08-15 02:18:41.695 | INFO     | scraper.browser:start:41 - Browser launched
2026-08-15 02:18:41.698 | INFO     | scraper.proxy_manager:get_proxy:208 - Proxy pool low (0 usable), refreshing...
2026-08-15 02:18:41.700 | INFO     | scraper.proxy_manager:_fetch_from_api:119 - Fetching proxies from provider API...
2026-08-15 02:18:42.096 | INFO     | scraper.browser:start:41 - Browser launched
2026-08-15 02:18:42.101 | INFO     | scraper.proxy_manager:get_proxy:208 - Proxy pool low (0 usable), refreshing...
2026-08-15 02:18:42.104 | INFO     | scraper.proxy_manager:_fetch_from_api:119 - Fetching proxies from provider API...
2026-08-15 02:18:42.498 | INFO     | scraper.browser:start:41 - Browser launched
2026-08-15 02:18:42.499 | INFO     | scraper.proxy_manager:get_proxy:208 - Proxy pool low (0 usable), refreshing...
2026-08-15 02:18:42.502 | INFO     | scraper.proxy_manager:_fetch_from_api:119 - Fetching proxies from provider API...
2026-08-15 02:18:42.978 | INFO     | scraper.browser:start:41 - Browser launched
2026-08-15 02:18:42.980 | INFO     | scraper.proxy_manager:get_proxy:208 - Proxy pool low (0 usable), refreshing...
2026-08-15 02:18:42.982 | INFO     | scraper.proxy_manager:_fetch_from_api:119 - Fetching proxies from provider API...
2026-08-15 02:18:43.381 | INFO     | scraper.browser:start:41 - Browser launched
2026-08-15 02:18:43.383 | INFO     | scraper.proxy_manager:get_proxy:208 - Proxy pool low (0 usable), refreshing...
2026-08-15 02:18:43.386 | INFO     | scraper.proxy_manager:_fetch_from_api:119 - Fetching proxies from provider API...
2026-08-15 02:18:43.866 | INFO     | scraper.browser:start:41 - Browser launched
2026-08-15 02:18:43.869 | INFO     | scraper.proxy_manager:get_proxy:208 - Proxy pool low (0 usable), refreshing...
2026-08-15 02:18:43.873 | INFO     | scraper.proxy_manager:_fetch_from_api:119 - Fetching proxies from provider API...
2026-08-15 02:18:44.296 | INFO     | scraper.browser:start:41 - Browser launched
2026-08-15 02:18:44.298 | INFO     | scraper.proxy_manager:get_proxy:208 - Proxy pool low (0 usable), refreshing...
2026-08-15 02:18:44.299 | INFO     | scraper.proxy_manager:_fetch_from_api:119 - Fetching proxies from provider API...
2026-08-15 02:18:44.719 | INFO     | scraper.browser:start:41 - Browser launched
2026-08-15 02:18:44.721 | INFO     | scraper.proxy_manager:get_proxy:208 - Proxy pool low (0 usable), refreshing...
2026-08-15 02:18:44.724 | INFO     | scraper.proxy_manager:_fetch_from_api:119 - Fetching proxies from provider API...
2026-08-15 02:18:45.136 | INFO     | scraper.browser:start:41 - Browser launched
2026-08-15 02:18:45.138 | INFO     | scraper.proxy_manager:get_proxy:208 - Proxy pool low (0 usable), refreshing...
2026-08-15 02:18:45.139 | INFO     | scraper.proxy_manager:_fetch_from_api:119 - Fetching proxies from provider API...
2026-08-15 02:18:45.576 | INFO     | scraper.browser:start:41 - Browser launched
2026-08-15 02:18:45.581 | INFO     | scraper.proxy_manager:get_proxy:208 - Proxy pool low (0 usable), refreshing...
2026-08-15 02:18:45.583 | INFO     | scraper.proxy_manager:_fetch_from_api:119 - Fetching proxies from provider API...
2026-08-15 02:18:46.020 | INFO     | scraper.browser:start:41 - Browser launched
2026-08-15 02:18:46.021 | INFO     | scraper.proxy_manager:get_proxy:208 - Proxy pool low (0 usable), refreshing...
2026-08-15 02:18:46.022 | INFO     | scraper.proxy_manager:_fetch_from_api:119 - Fetching proxies from provider API...
2026-08-15 02:18:46.430 | INFO     | scraper.browser:start:41 - Browser launched
2026-08-15 02:18:46.432 | INFO     | scraper.proxy_manager:get_proxy:208 - Proxy pool low (0 usable), refreshing...
2026-08-15 02:18:46.433 | INFO     | scraper.proxy_manager:_fetch_from_api:119 - Fetching proxies from provider API...
2026-08-15 02:18:46.828 | INFO     | scraper.browser:start:41 - Browser launched
2026-08-15 02:18:46.830 | INFO     | scraper.proxy_manager:get_proxy:208 - Proxy pool low (0 usable), refreshing...
2026-08-15 02:18:46.832 | INFO     | scraper.proxy_manager:_fetch_from_api:119 - Fetching proxies from provider API...
2026-08-15 02:18:47.209 | INFO     | scraper.browser:start:41 - Browser launched
2026-08-15 02:18:47.211 | INFO     | scraper.proxy_manager:get_proxy:208 - Proxy pool low (0 usable), refreshing...
2026-08-15 02:18:47.213 | INFO     | scraper.proxy_manager:_fetch_from_api:119 - Fetching proxies from provider API...
2026-08-15 02:18:47.620 | INFO     | scraper.browser:start:41 - Browser launched
2026-08-15 02:18:47.646 | INFO     | scraper.proxy_manager:get_proxy:208 - Proxy pool low (0 usable), refreshing...
2026-08-15 02:18:47.648 | INFO     | scraper.proxy_manager:_fetch_from_api:119 - Fetching proxies from provider API...
2026-08-15 02:18:48.267 | INFO     | scraper.browser:start:41 - Browser launched
2026-08-15 02:18:48.434 | INFO     | scraper.proxy_manager:get_proxy:208 - Proxy pool low (0 usable), refreshing...
2026-08-15 02:18:48.504 | INFO     | scraper.proxy_manager:_fetch_from_api:119 - Fetching proxies from provider API...
2026-08-15 02:18:49.167 | INFO     | scraper.browser:start:41 - Browser launched
2026-08-15 02:18:49.171 | INFO     | scraper.proxy_manager:get_proxy:208 - Proxy pool low (0 usable), refreshing...
2026-08-15 02:18:49.174 | INFO     | scraper.proxy_manager:_fetch_from_api:119 - Fetching proxies from provider API...
2026-08-15 02:18:49.614 | INFO     | scraper.browser:start:41 - Browser launched
2026-08-15 02:18:49.619 | INFO     | scraper.proxy_manager:get_proxy:208 - Proxy pool low (0 usable), refreshing...
2026-08-15 02:18:49.620 | INFO     | scraper.proxy_manager:_fetch_from_api:119 - Fetching proxies from provider API...
2026-08-15 02:18:50.029 | INFO     | scraper.browser:start:41 - Browser launched
2026-08-15 02:18:50.033 | INFO     | scraper.proxy_manager:get_proxy:208 - Proxy pool low (0 usable), refreshing...
2026-08-15 02:18:50.035 | INFO     | scraper.proxy_manager:_fetch_from_api:119 - Fetching proxies from provider API...
2026-08-15 02:18:50.461 | INFO     | scraper.browser:start:41 - Browser launched
2026-08-15 02:18:50.464 | INFO     | scraper.proxy_manager:get_proxy:208 - Proxy pool low (0 usable), refreshing...
2026-08-15 02:18:50.465 | INFO     | scraper.proxy_manager:_fetch_from_api:119 - Fetching proxies from provider API...
2026-08-15 02:18:50.976 | INFO     | scraper.browser:start:41 - Browser launched
2026-08-15 02:18:50.983 | INFO     | scraper.proxy_manager:get_proxy:208 - Proxy pool low (0 usable), refreshing...
2026-08-15 02:18:50.989 | INFO     | scraper.proxy_manager:_fetch_from_api:119 - Fetching proxies from provider API...
2026-08-15 02:18:51.403 | INFO     | scraper.browser:start:41 - Browser launched
2026-08-15 02:18:51.405 | INFO     | scraper.proxy_manager:get_proxy:208 - Proxy pool low (0 usable), refreshing...
2026-08-15 02:18:51.407 | INFO     | scraper.proxy_manager:_fetch_from_api:119 - Fetching proxies from provider API...
2026-08-15 02:18:51.834 | INFO     | scraper.browser:start:41 - Browser launched
2026-08-15 02:18:51.837 | INFO     | scraper.proxy_manager:get_proxy:208 - Proxy pool low (0 usable), refreshing...
2026-08-15 02:18:51.839 | INFO     | scraper.proxy_manager:_fetch_from_api:119 - Fetching proxies from provider API...
2026-08-15 02:18:52.230 | INFO     | scraper.browser:start:41 - Browser launched
2026-08-15 02:18:52.232 | INFO     | scraper.proxy_manager:get_proxy:208 - Proxy pool low (0 usable), refreshing...
2026-08-15 02:18:52.233 | INFO     | scraper.proxy_manager:_fetch_from_api:119 - Fetching proxies from provider API...
2026-08-15 02:18:52.422 | ERROR    | scraper.tasks:scrape_single_target:99 - [tofler] scrape failed: Connection closed while reading from the driver
2026-08-15 02:24:04.895 | ERROR    | scraper.proxy_manager:_fetch_from_api:111 - PROXY_PROVIDER_API_URL not configured
2026-08-15 02:24:04.896 | WARNING  | scraper.proxy_manager:_refresh_pool:167 - No proxies returned from API
2026-08-15 02:24:07.353 | INFO     | scraper.browser:start:41 - Browser launched
2026-08-15 02:24:07.354 | INFO     | scraper.proxy_manager:get_proxy:208 - Proxy pool low (0 usable), refreshing...
2026-08-15 02:24:07.356 | ERROR    | scraper.proxy_manager:_fetch_from_api:111 - PROXY_PROVIDER_API_URL not configured
2026-08-15 02:24:07.357 | WARNING  | scraper.proxy_manager:_refresh_pool:167 - No proxies returned from API
2026-08-15 02:24:07.358 | ERROR    | scraper.proxy_manager:get_proxy:218 - No usable proxies available
2026-08-15 02:24:08.895 | INFO     | scraper.tasks:scrape_company:64 - [tofler] Scraping company: https://www.tofler.in/omansh-enterprises-limited/company/L01100DL1974PLC241646
2026-08-15 02:24:08.896 | INFO     | scraper.proxy_manager:get_proxy:208 - Proxy pool low (0 usable), refreshing...
2026-08-15 02:24:08.897 | ERROR    | scraper.proxy_manager:_fetch_from_api:111 - PROXY_PROVIDER_API_URL not configured
2026-08-15 02:24:08.898 | WARNING  | scraper.proxy_manager:_refresh_pool:167 - No proxies returned from API
2026-08-15 02:24:08.899 | ERROR    | scraper.proxy_manager:get_proxy:218 - No usable proxies available
2026-08-15 02:24:08.902 | INFO     | scraper.tasks:scrape_company:64 - [tofler] Scraping company: https://www.tofler.in/pajson-agro-india-limited/company/L01100DL2021PLC386740
2026-08-15 02:24:08.903 | INFO     | scraper.proxy_manager:get_proxy:208 - Proxy pool low (0 usable), refreshing...
2026-08-15 02:24:08.904 | ERROR    | scraper.proxy_manager:_fetch_from_api:111 - PROXY_PROVIDER_API_URL not configured
2026-08-15 02:24:08.905 | WARNING  | scraper.proxy_manager:_refresh_pool:167 - No proxies returned from API
2026-08-15 02:24:08.906 | ERROR    | scraper.proxy_manager:get_proxy:218 - No usable proxies available
2026-08-15 02:24:08.908 | INFO     | scraper.tasks:scrape_company:64 - [tofler] Scraping company: https://www.tofler.in/continental-seeds-and-chemicals-limited/company/L01111DL1983PLC015969
2026-08-15 02:24:08.910 | INFO     | scraper.proxy_manager:get_proxy:208 - Proxy pool low (0 usable), refreshing...
2026-08-15 02:24:08.911 | ERROR    | scraper.proxy_manager:_fetch_from_api:111 - PROXY_PROVIDER_API_URL not configured
2026-08-15 02:24:08.912 | WARNING  | scraper.proxy_manager:_refresh_pool:167 - No proxies returned from API
2026-08-15 02:24:08.913 | ERROR    | scraper.proxy_manager:get_proxy:218 - No usable proxies available
2026-08-15 02:24:08.915 | INFO     | scraper.tasks:scrape_company:64 - [tofler] Scraping company: https://www.tofler.in/semaya-limited/company/L01111DL1985PLC021268
2026-08-15 02:24:08.916 | INFO     | scraper.proxy_manager:get_proxy:208 - Proxy pool low (0 usable), refreshing...
2026-08-15 02:24:08.917 | ERROR    | scraper.proxy_manager:_fetch_from_api:111 - PROXY_PROVIDER_API_URL not configured
2026-08-15 02:24:08.918 | WARNING  | scraper.proxy_manager:_refresh_pool:167 - No proxies returned from API
2026-08-15 02:24:08.919 | ERROR    | scraper.proxy_manager:get_proxy:218 - No usable proxies available
2026-08-15 02:24:08.921 | INFO     | scraper.tasks:scrape_company:64 - [tofler] Scraping company: https://www.tofler.in/krbl-limited/company/L01111DL1993PLC052845
2026-08-15 02:24:08.922 | INFO     | scraper.proxy_manager:get_proxy:208 - Proxy pool low (0 usable), refreshing...
2026-08-15 02:24:08.923 | ERROR    | scraper.proxy_manager:_fetch_from_api:111 - PROXY_PROVIDER_API_URL not configured
2026-08-15 02:24:08.924 | WARNING  | scraper.proxy_manager:_refresh_pool:167 - No proxies returned from API
2026-08-15 02:24:08.925 | ERROR    | scraper.proxy_manager:get_proxy:218 - No usable proxies available
2026-08-15 02:24:08.927 | INFO     | scraper.tasks:scrape_company:64 - [tofler] Scraping company: https://www.tofler.in/dr-m-induscorp-limited/company/L01119DL1986PLC023698
2026-08-15 02:24:08.928 | INFO     | scraper.proxy_manager:get_proxy:208 - Proxy pool low (0 usable), refreshing...
2026-08-15 02:24:08.929 | ERROR    | scraper.proxy_manager:_fetch_from_api:111 - PROXY_PROVIDER_API_URL not configured
2026-08-15 02:24:08.930 | WARNING  | scraper.proxy_manager:_refresh_pool:167 - No proxies returned from API
2026-08-15 02:24:08.931 | ERROR    | scraper.proxy_manager:get_proxy:218 - No usable proxies available
2026-08-15 02:24:11.709 | INFO     | scraper.tasks:scrape_company:64 - [tofler] Scraping company: https://www.tofler.in/hindustan-agrigentics-limited/company/L01119DL1990PLC040979
2026-08-15 02:24:11.711 | INFO     | scraper.proxy_manager:get_proxy:208 - Proxy pool low (0 usable), refreshing...
2026-08-15 02:24:11.712 | ERROR    | scraper.proxy_manager:_fetch_from_api:111 - PROXY_PROVIDER_API_URL not configured
2026-08-15 02:24:11.713 | WARNING  | scraper.proxy_manager:_refresh_pool:167 - No proxies returned from API
2026-08-15 02:24:11.713 | ERROR    | scraper.proxy_manager:get_proxy:218 - No usable proxies available
2026-08-15 02:24:11.914 | INFO     | scraper.tasks:scrape_company:64 - [tofler] Scraping company: https://www.tofler.in/aayush-wellness-limited/company/L01122DL1984PLC018307
2026-08-15 02:24:11.916 | INFO     | scraper.proxy_manager:get_proxy:208 - Proxy pool low (0 usable), refreshing...
2026-08-15 02:24:11.916 | ERROR    | scraper.proxy_manager:_fetch_from_api:111 - PROXY_PROVIDER_API_URL not configured
2026-08-15 02:24:11.917 | WARNING  | scraper.proxy_manager:_refresh_pool:167 - No proxies returned from API
2026-08-15 02:24:11.918 | ERROR    | scraper.proxy_manager:get_proxy:218 - No usable proxies available
2026-08-15 02:24:12.016 | INFO     | scraper.tasks:scrape_company:64 - [tofler] Scraping company: https://www.tofler.in/sc-agrotech-limited/company/L01122DL1990PLC042207
2026-08-15 02:24:12.017 | INFO     | scraper.proxy_manager:get_proxy:208 - Proxy pool low (0 usable), refreshing...
2026-08-15 02:24:12.018 | ERROR    | scraper.proxy_manager:_fetch_from_api:111 - PROXY_PROVIDER_API_URL not configured
2026-08-15 02:24:12.019 | WARNING  | scraper.proxy_manager:_refresh_pool:167 - No proxies returned from API
2026-08-15 02:24:12.019 | ERROR    | scraper.proxy_manager:get_proxy:218 - No usable proxies available
2026-08-15 02:24:12.096 | INFO     | scraper.tasks:scrape_company:64 - [tofler] Scraping company: https://www.tofler.in/shivamshree-businesses-limited/company/L01403DL1983PLC015704
2026-08-15 02:24:12.098 | INFO     | scraper.proxy_manager:get_proxy:208 - Proxy pool low (0 usable), refreshing...
2026-08-15 02:24:12.099 | ERROR    | scraper.proxy_manager:_fetch_from_api:111 - PROXY_PROVIDER_API_URL not configured
2026-08-15 02:24:12.099 | WARNING  | scraper.proxy_manager:_refresh_pool:167 - No proxies returned from API
2026-08-15 02:24:12.100 | ERROR    | scraper.proxy_manager:get_proxy:218 - No usable proxies available
2026-08-15 02:24:12.132 | INFO     | scraper.tasks:scrape_company:64 - [tofler] Scraping company: https://www.tofler.in/fratelli-vineyards-limited/company/L11020DL2009PLC186397
2026-08-15 02:24:12.133 | INFO     | scraper.proxy_manager:get_proxy:208 - Proxy pool low (0 usable), refreshing...
2026-08-15 02:24:12.134 | ERROR    | scraper.proxy_manager:_fetch_from_api:111 - PROXY_PROVIDER_API_URL not configured
2026-08-15 02:24:12.134 | WARNING  | scraper.proxy_manager:_refresh_pool:167 - No proxies returned from API
2026-08-15 02:24:12.135 | ERROR    | scraper.proxy_manager:get_proxy:218 - No usable proxies available
2026-08-15 02:24:12.169 | INFO     | scraper.tasks:scrape_company:64 - [tofler] Scraping company: https://www.tofler.in/landmark-property-development-company-limited/company/L13100DL1976PLC188942
2026-08-15 02:24:12.170 | INFO     | scraper.proxy_manager:get_proxy:208 - Proxy pool low (0 usable), refreshing...
2026-08-15 02:24:12.170 | ERROR    | scraper.proxy_manager:_fetch_from_api:111 - PROXY_PROVIDER_API_URL not configured
2026-08-15 02:24:12.171 | WARNING  | scraper.proxy_manager:_refresh_pool:167 - No proxies returned from API
2026-08-15 02:24:12.172 | ERROR    | scraper.proxy_manager:get_proxy:218 - No usable proxies available
2026-08-15 02:24:13.746 | INFO     | scraper.tasks:scrape_company:64 - [tofler] Scraping company: https://www.tofler.in/spl-industries-limited/company/L13139DL1991PLC062744
2026-08-15 02:24:13.749 | INFO     | scraper.proxy_manager:get_proxy:208 - Proxy pool low (0 usable), refreshing...
2026-08-15 02:24:13.750 | ERROR    | scraper.proxy_manager:_fetch_from_api:111 - PROXY_PROVIDER_API_URL not configured
2026-08-15 02:24:13.751 | WARNING  | scraper.proxy_manager:_refresh_pool:167 - No proxies returned from API
2026-08-15 02:24:13.752 | ERROR    | scraper.proxy_manager:get_proxy:218 - No usable proxies available
2026-08-15 02:24:13.851 | INFO     | scraper.tasks:scrape_company:64 - [tofler] Scraping company: https://www.tofler.in/sajjan-commercial-enterprises-ltd/company/L13203DL1985PLC021536
2026-08-15 02:24:13.852 | INFO     | scraper.proxy_manager:get_proxy:208 - Proxy pool low (0 usable), refreshing...
2026-08-15 02:24:13.853 | ERROR    | scraper.proxy_manager:_fetch_from_api:111 - PROXY_PROVIDER_API_URL not configured
2026-08-15 02:24:13.853 | WARNING  | scraper.proxy_manager:_refresh_pool:167 - No proxies returned from API
2026-08-15 02:24:13.854 | ERROR    | scraper.proxy_manager:get_proxy:218 - No usable proxies available
2026-08-15 02:24:13.919 | INFO     | scraper.tasks:scrape_company:64 - [tofler] Scraping company: https://www.tofler.in/hoac-foods-india-limited/company/L15120DL2018PLC330739
2026-08-15 02:24:13.920 | INFO     | scraper.proxy_manager:get_proxy:208 - Proxy pool low (0 usable), refreshing...
2026-08-15 02:24:13.920 | ERROR    | scraper.proxy_manager:_fetch_from_api:111 - PROXY_PROVIDER_API_URL not configured
2026-08-15 02:24:13.921 | WARNING  | scraper.proxy_manager:_refresh_pool:167 - No proxies returned from API
2026-08-15 02:24:13.922 | ERROR    | scraper.proxy_manager:get_proxy:218 - No usable proxies available
2026-08-15 02:24:14.004 | INFO     | scraper.tasks:scrape_company:64 - [tofler] Scraping company: https://www.tofler.in/devyani-international-limited/company/L15135DL1991PLC046758
2026-08-15 02:24:14.005 | INFO     | scraper.proxy_manager:get_proxy:208 - Proxy pool low (0 usable), refreshing...
2026-08-15 02:24:14.005 | ERROR    | scraper.proxy_manager:_fetch_from_api:111 - PROXY_PROVIDER_API_URL not configured
2026-08-15 02:24:14.006 | WARNING  | scraper.proxy_manager:_refresh_pool:167 - No proxies returned from API
2026-08-15 02:24:14.007 | ERROR    | scraper.proxy_manager:get_proxy:218 - No usable proxies available
2026-08-15 02:24:14.050 | INFO     | scraper.tasks:scrape_company:64 - [tofler] Scraping company: https://www.tofler.in/modi-naturals-limited/company/L15142DL1974PLC007349
2026-08-15 02:24:14.051 | INFO     | scraper.proxy_manager:get_proxy:208 - Proxy pool low (0 usable), refreshing...
2026-08-15 02:24:14.052 | ERROR    | scraper.proxy_manager:_fetch_from_api:111 - PROXY_PROVIDER_API_URL not configured
2026-08-15 02:24:14.052 | WARNING  | scraper.proxy_manager:_refresh_pool:167 - No proxies returned from API
2026-08-15 02:24:14.053 | ERROR    | scraper.proxy_manager:get_proxy:218 - No usable proxies available
2026-08-15 02:24:14.136 | INFO     | scraper.tasks:scrape_company:64 - [tofler] Scraping company: https://www.tofler.in/reliance-infotek-limited/company/L15142DL1987PLC029899
2026-08-15 02:24:14.137 | INFO     | scraper.proxy_manager:get_proxy:208 - Proxy pool low (0 usable), refreshing...
2026-08-15 02:24:14.137 | ERROR    | scraper.proxy_manager:_fetch_from_api:111 - PROXY_PROVIDER_API_URL not configured
2026-08-15 02:24:14.138 | WARNING  | scraper.proxy_manager:_refresh_pool:167 - No proxies returned from API
2026-08-15 02:24:14.139 | ERROR    | scraper.proxy_manager:get_proxy:218 - No usable proxies available
2026-08-15 02:24:15.598 | INFO     | scraper.tasks:scrape_company:64 - [tofler] Scraping company: https://www.tofler.in/tarai-foods-limited/company/L15142DL1990PLC039291
2026-08-15 02:24:15.600 | INFO     | scraper.proxy_manager:get_proxy:208 - Proxy pool low (0 usable), refreshing...
2026-08-15 02:24:15.601 | ERROR    | scraper.proxy_manager:_fetch_from_api:111 - PROXY_PROVIDER_API_URL not configured
2026-08-15 02:24:15.601 | WARNING  | scraper.proxy_manager:_refresh_pool:167 - No proxies returned from API
2026-08-15 02:24:15.602 | ERROR    | scraper.proxy_manager:get_proxy:218 - No usable proxies available
2026-08-15 02:24:15.644 | INFO     | scraper.tasks:scrape_company:64 - [tofler] Scraping company: https://www.tofler.in/superior-industrial-enterprises-limited/company/L15142DL1991PLC046469
2026-08-15 02:24:15.645 | INFO     | scraper.proxy_manager:get_proxy:208 - Proxy pool low (0 usable), refreshing...
2026-08-15 02:24:15.646 | ERROR    | scraper.proxy_manager:_fetch_from_api:111 - PROXY_PROVIDER_API_URL not configured
2026-08-15 02:24:15.646 | WARNING  | scraper.proxy_manager:_refresh_pool:167 - No proxies returned from API
2026-08-15 02:24:15.648 | ERROR    | scraper.proxy_manager:get_proxy:218 - No usable proxies available
2026-08-15 02:24:15.843 | INFO     | scraper.tasks:scrape_company:64 - [tofler] Scraping company: https://www.tofler.in/nestle-india-limited/company/L15202DL1959PLC003786
2026-08-15 02:24:15.844 | INFO     | scraper.proxy_manager:get_proxy:208 - Proxy pool low (0 usable), refreshing...
2026-08-15 02:24:15.844 | ERROR    | scraper.proxy_manager:_fetch_from_api:111 - PROXY_PROVIDER_API_URL not configured
2026-08-15 02:24:15.845 | WARNING  | scraper.proxy_manager:_refresh_pool:167 - No proxies returned from API
2026-08-15 02:24:15.846 | ERROR    | scraper.proxy_manager:get_proxy:218 - No usable proxies available
2026-08-15 02:24:15.926 | INFO     | scraper.tasks:scrape_company:64 - [tofler] Scraping company: https://www.tofler.in/mahavira-foods-limited/company/L15310DL1988PLC033651
2026-08-15 02:24:15.927 | INFO     | scraper.proxy_manager:get_proxy:208 - Proxy pool low (0 usable), refreshing...
2026-08-15 02:24:15.928 | ERROR    | scraper.proxy_manager:_fetch_from_api:111 - PROXY_PROVIDER_API_URL not configured
2026-08-15 02:24:15.928 | WARNING  | scraper.proxy_manager:_refresh_pool:167 - No proxies returned from API
2026-08-15 02:24:15.929 | ERROR    | scraper.proxy_manager:get_proxy:218 - No usable proxies available
2026-08-15 02:24:15.993 | INFO     | scraper.tasks:scrape_company:64 - [tofler] Scraping company: https://www.tofler.in/kumar-food-industries-limited/company/L15310DL1991PLC043456
2026-08-15 02:24:15.994 | INFO     | scraper.proxy_manager:get_proxy:208 - Proxy pool low (0 usable), refreshing...
2026-08-15 02:24:15.994 | ERROR    | scraper.proxy_manager:_fetch_from_api:111 - PROXY_PROVIDER_API_URL not configured
2026-08-15 02:24:15.995 | WARNING  | scraper.proxy_manager:_refresh_pool:167 - No proxies returned from API
2026-08-15 02:24:15.996 | ERROR    | scraper.proxy_manager:get_proxy:218 - No usable proxies available
2026-08-15 02:24:16.065 | INFO     | scraper.tasks:scrape_company:64 - [tofler] Scraping company: https://www.tofler.in/focus-industrial-resources-limited/company/L15319DL1985PLC021348
2026-08-15 02:24:16.066 | INFO     | scraper.proxy_manager:get_proxy:208 - Proxy pool low (0 usable), refreshing...
2026-08-15 02:24:16.067 | ERROR    | scraper.proxy_manager:_fetch_from_api:111 - PROXY_PROVIDER_API_URL not configured
2026-08-15 02:24:16.068 | WARNING  | scraper.proxy_manager:_refresh_pool:167 - No proxies returned from API
2026-08-15 02:24:16.068 | ERROR    | scraper.proxy_manager:get_proxy:218 - No usable proxies available
2026-08-15 02:24:17.354 | INFO     | scraper.tasks:scrape_company:64 - [tofler] Scraping company: https://www.tofler.in/mahaan-foods-limited/company/L15419DL1987PLC350285
2026-08-15 02:24:17.355 | INFO     | scraper.proxy_manager:get_proxy:208 - Proxy pool low (0 usable), refreshing...
2026-08-15 02:24:17.356 | ERROR    | scraper.proxy_manager:_fetch_from_api:111 - PROXY_PROVIDER_API_URL not configured
2026-08-15 02:24:17.357 | WARNING  | scraper.proxy_manager:_refresh_pool:167 - No proxies returned from API
2026-08-15 02:24:17.357 | ERROR    | scraper.proxy_manager:get_proxy:218 - No usable proxies available
2026-08-15 02:24:17.457 | INFO     | scraper.tasks:scrape_company:64 - [tofler] Scraping company: https://www.tofler.in/visisth-chay-vyapar-limited/company/L15491DL1985PLC019848
2026-08-15 02:24:17.458 | INFO     | scraper.proxy_manager:get_proxy:208 - Proxy pool low (0 usable), refreshing...
2026-08-15 02:24:17.459 | ERROR    | scraper.proxy_manager:_fetch_from_api:111 - PROXY_PROVIDER_API_URL not configured
2026-08-15 02:24:17.460 | WARNING  | scraper.proxy_manager:_refresh_pool:167 - No proxies returned from API
2026-08-15 02:24:17.460 | ERROR    | scraper.proxy_manager:get_proxy:218 - No usable proxies available
2026-08-15 02:24:17.622 | INFO     | scraper.tasks:scrape_company:64 - [tofler] Scraping company: https://www.tofler.in/regent-enterprises-limited/company/L15500DL1994PLC153183
2026-08-15 02:24:17.623 | INFO     | scraper.proxy_manager:get_proxy:208 - Proxy pool low (0 usable), refreshing...
2026-08-15 02:24:17.623 | ERROR    | scraper.proxy_manager:_fetch_from_api:111 - PROXY_PROVIDER_API_URL not configured
2026-08-15 02:24:17.624 | WARNING  | scraper.proxy_manager:_refresh_pool:167 - No proxies returned from API
2026-08-15 02:24:17.625 | ERROR    | scraper.proxy_manager:get_proxy:218 - No usable proxies available
2026-08-15 02:24:17.816 | INFO     | scraper.tasks:scrape_company:64 - [tofler] Scraping company: https://www.tofler.in/lacy-limited/company/L15511DL1985PLC021272
2026-08-15 02:24:17.817 | INFO     | scraper.proxy_manager:get_proxy:208 - Proxy pool low (0 usable), refreshing...
2026-08-15 02:24:17.818 | ERROR    | scraper.proxy_manager:_fetch_from_api:111 - PROXY_PROVIDER_API_URL not configured
2026-08-15 02:24:17.820 | WARNING  | scraper.proxy_manager:_refresh_pool:167 - No proxies returned from API
2026-08-15 02:24:17.820 | ERROR    | scraper.proxy_manager:get_proxy:218 - No usable proxies available
2026-08-15 02:24:17.938 | INFO     | scraper.tasks:scrape_company:64 - [tofler] Scraping company: https://www.tofler.in/hindustan-breweries-and-bottling-limited/company/L15549DL1909PLC005478
2026-08-15 02:24:17.939 | INFO     | scraper.proxy_manager:get_proxy:208 - Proxy pool low (0 usable), refreshing...
2026-08-15 02:24:17.940 | ERROR    | scraper.proxy_manager:_fetch_from_api:111 - PROXY_PROVIDER_API_URL not configured
2026-08-15 02:24:17.941 | WARNING  | scraper.proxy_manager:_refresh_pool:167 - No proxies returned from API
2026-08-15 02:24:17.942 | ERROR    | scraper.proxy_manager:get_proxy:218 - No usable proxies available
2026-08-15 02:24:17.994 | INFO     | scraper.tasks:scrape_company:64 - [tofler] Scraping company: https://www.tofler.in/john-oakey-and-mohan-limited/company/L15549DL1962PLC003726
2026-08-15 02:24:17.995 | INFO     | scraper.proxy_manager:get_proxy:208 - Proxy pool low (0 usable), refreshing...
2026-08-15 02:24:17.995 | ERROR    | scraper.proxy_manager:_fetch_from_api:111 - PROXY_PROVIDER_API_URL not configured
2026-08-15 02:24:17.996 | WARNING  | scraper.proxy_manager:_refresh_pool:167 - No proxies returned from API
2026-08-15 02:24:17.997 | ERROR    | scraper.proxy_manager:get_proxy:218 - No usable proxies available
2026-08-15 02:24:19.696 | INFO     | scraper.tasks:_scrape_target:81 - [tofler] page 1: 30 records
2026-08-15 02:24:19.696 | INFO     | scraper.proxy_manager:get_proxy:208 - Proxy pool low (0 usable), refreshing...
2026-08-15 02:24:19.697 | ERROR    | scraper.proxy_manager:_fetch_from_api:111 - PROXY_PROVIDER_API_URL not configured
2026-08-15 02:24:19.698 | WARNING  | scraper.proxy_manager:_refresh_pool:167 - No proxies returned from API
2026-08-15 02:24:19.699 | ERROR    | scraper.proxy_manager:get_proxy:218 - No usable proxies available
2026-08-15 02:24:20.852 | INFO     | scraper.tasks:scrape_company:64 - [tofler] Scraping company: https://www.tofler.in/elitecon-international-limited/company/L16000DL1987PLC396234
2026-08-15 02:24:20.853 | INFO     | scraper.proxy_manager:get_proxy:208 - Proxy pool low (0 usable), refreshing...
2026-08-15 02:24:20.854 | ERROR    | scraper.proxy_manager:_fetch_from_api:111 - PROXY_PROVIDER_API_URL not configured
2026-08-15 02:24:20.855 | WARNING  | scraper.proxy_manager:_refresh_pool:167 - No proxies returned from API
2026-08-15 02:24:20.856 | ERROR    | scraper.proxy_manager:get_proxy:218 - No usable proxies available
2026-08-15 02:24:20.858 | INFO     | scraper.tasks:scrape_company:64 - [tofler] Scraping company: https://www.tofler.in/srm-energy-limited/company/L17100DL1985PLC303047
2026-08-15 02:24:20.859 | INFO     | scraper.proxy_manager:get_proxy:208 - Proxy pool low (0 usable), refreshing...
2026-08-15 02:24:20.860 | ERROR    | scraper.proxy_manager:_fetch_from_api:111 - PROXY_PROVIDER_API_URL not configured
2026-08-15 02:24:20.861 | WARNING  | scraper.proxy_manager:_refresh_pool:167 - No proxies returned from API
2026-08-15 02:24:20.862 | ERROR    | scraper.proxy_manager:get_proxy:218 - No usable proxies available
2026-08-15 02:24:20.865 | INFO     | scraper.tasks:scrape_company:64 - [tofler] Scraping company: https://www.tofler.in/sidhartha-super-spinning-mills-limited/company/L17111DL1980PLC010814
2026-08-15 02:24:20.866 | INFO     | scraper.proxy_manager:get_proxy:208 - Proxy pool low (0 usable), refreshing...
2026-08-15 02:24:20.866 | ERROR    | scraper.proxy_manager:_fetch_from_api:111 - PROXY_PROVIDER_API_URL not configured
2026-08-15 02:24:20.867 | WARNING  | scraper.proxy_manager:_refresh_pool:167 - No proxies returned from API
2026-08-15 02:24:20.868 | ERROR    | scraper.proxy_manager:get_proxy:218 - No usable proxies available
2026-08-15 02:24:20.870 | INFO     | scraper.tasks:scrape_company:64 - [tofler] Scraping company: https://www.tofler.in/unifinz-capital-india-limited/company/L17111DL1982PLC013790
2026-08-15 02:24:20.871 | INFO     | scraper.proxy_manager:get_proxy:208 - Proxy pool low (0 usable), refreshing...
2026-08-15 02:24:20.872 | ERROR    | scraper.proxy_manager:_fetch_from_api:111 - PROXY_PROVIDER_API_URL not configured
2026-08-15 02:24:20.873 | WARNING  | scraper.proxy_manager:_refresh_pool:167 - No proxies returned from API
2026-08-15 02:24:20.873 | ERROR    | scraper.proxy_manager:get_proxy:218 - No usable proxies available
2026-08-15 02:24:20.875 | INFO     | scraper.tasks:scrape_company:64 - [tofler] Scraping company: https://www.tofler.in/fiber-plus-industries-limited/company/L17120DL1984PLC018729
2026-08-15 02:24:20.876 | INFO     | scraper.proxy_manager:get_proxy:208 - Proxy pool low (0 usable), refreshing...
2026-08-15 02:24:20.877 | ERROR    | scraper.proxy_manager:_fetch_from_api:111 - PROXY_PROVIDER_API_URL not configured
2026-08-15 02:24:20.878 | WARNING  | scraper.proxy_manager:_refresh_pool:167 - No proxies returned from API
2026-08-15 02:24:20.879 | ERROR    | scraper.proxy_manager:get_proxy:218 - No usable proxies available
2026-08-15 02:24:20.881 | INFO     | scraper.tasks:scrape_company:64 - [tofler] Scraping company: https://www.tofler.in/lorenzini-apparels-limited/company/L17120DL2007PLC163192
2026-08-15 02:24:20.882 | INFO     | scraper.proxy_manager:get_proxy:208 - Proxy pool low (0 usable), refreshing...
2026-08-15 02:24:20.882 | ERROR    | scraper.proxy_manager:_fetch_from_api:111 - PROXY_PROVIDER_API_URL not configured
2026-08-15 02:24:20.883 | WARNING  | scraper.proxy_manager:_refresh_pool:167 - No proxies returned from API
2026-08-15 02:24:20.884 | ERROR    | scraper.proxy_manager:get_proxy:218 - No usable proxies available
2026-08-15 02:24:21.084 | WARNING  | scraper.tasks:scrape_company:70 - [tofler] Failed to scrape company https://www.tofler.in/fiber-plus-industries-limited/company/L17120DL1984PLC018729: stealth_async: Target page, context or browser has been closed
2026-08-15 02:24:21.086 | INFO     | scraper.tasks:scrape_company:64 - [tofler] Scraping company: https://www.tofler.in/aplaya-creations-limited/company/L17122DL1996PLC332121
2026-08-15 02:24:21.087 | INFO     | scraper.proxy_manager:get_proxy:208 - Proxy pool low (0 usable), refreshing...
2026-08-15 02:24:21.088 | ERROR    | scraper.proxy_manager:_fetch_from_api:111 - PROXY_PROVIDER_API_URL not configured
2026-08-15 02:24:21.089 | WARNING  | scraper.proxy_manager:_refresh_pool:167 - No proxies returned from API
2026-08-15 02:24:21.089 | ERROR    | scraper.proxy_manager:get_proxy:218 - No usable proxies available
2026-08-15 02:24:21.092 | WARNING  | scraper.tasks:scrape_company:70 - [tofler] Failed to scrape company https://www.tofler.in/lorenzini-apparels-limited/company/L17120DL2007PLC163192: stealth_async: Target page, context or browser has been closed
2026-08-15 02:24:21.093 | INFO     | scraper.tasks:scrape_company:64 - [tofler] Scraping company: https://www.tofler.in/n-k-textile-industries-ltd/company/L17299DL1983PLC163230
2026-08-15 02:24:21.094 | INFO     | scraper.proxy_manager:get_proxy:208 - Proxy pool low (0 usable), refreshing...
2026-08-15 02:24:21.095 | ERROR    | scraper.proxy_manager:_fetch_from_api:111 - PROXY_PROVIDER_API_URL not configured
2026-08-15 02:24:21.096 | WARNING  | scraper.proxy_manager:_refresh_pool:167 - No proxies returned from API
2026-08-15 02:24:21.096 | ERROR    | scraper.proxy_manager:get_proxy:218 - No usable proxies available
2026-08-15 02:24:21.099 | WARNING  | scraper.tasks:scrape_company:70 - [tofler] Failed to scrape company https://www.tofler.in/unifinz-capital-india-limited/company/L17111DL1982PLC013790: stealth_async: Target page, context or browser has been closed
2026-08-15 02:24:21.100 | INFO     | scraper.tasks:scrape_company:64 - [tofler] Scraping company: https://www.tofler.in/sru-steels-limited/company/L17300DL1995PLC107286
2026-08-15 02:24:21.101 | INFO     | scraper.proxy_manager:get_proxy:208 - Proxy pool low (0 usable), refreshing...
2026-08-15 02:24:21.102 | ERROR    | scraper.proxy_manager:_fetch_from_api:111 - PROXY_PROVIDER_API_URL not configured
2026-08-15 02:24:21.103 | WARNING  | scraper.proxy_manager:_refresh_pool:167 - No proxies returned from API
2026-08-15 02:24:21.103 | ERROR    | scraper.proxy_manager:get_proxy:218 - No usable proxies available
2026-08-15 02:24:21.111 | WARNING  | scraper.tasks:scrape_company:70 - [tofler] Failed to scrape company https://www.tofler.in/sidhartha-super-spinning-mills-limited/company/L17111DL1980PLC010814: stealth_async: Target page, context or browser has been closed
2026-08-15 02:24:21.112 | INFO     | scraper.tasks:scrape_company:64 - [tofler] Scraping company: https://www.tofler.in/dcm-nouvelle-limited/company/L17309DL2016PLC307204
2026-08-15 02:24:21.113 | INFO     | scraper.proxy_manager:get_proxy:208 - Proxy pool low (0 usable), refreshing...
2026-08-15 02:24:21.114 | ERROR    | scraper.proxy_manager:_fetch_from_api:111 - PROXY_PROVIDER_API_URL not configured
2026-08-15 02:24:21.115 | WARNING  | scraper.proxy_manager:_refresh_pool:167 - No proxies returned from API
2026-08-15 02:24:21.115 | ERROR    | scraper.proxy_manager:get_proxy:218 - No usable proxies available
2026-08-15 02:24:21.118 | WARNING  | scraper.tasks:scrape_company:70 - [tofler] Failed to scrape company https://www.tofler.in/elitecon-international-limited/company/L16000DL1987PLC396234: stealth_async: Target page, context or browser has been closed
2026-08-15 02:24:21.119 | INFO     | scraper.tasks:scrape_company:64 - [tofler] Scraping company: https://www.tofler.in/a-f-enterprises-limited/company/L18100DL1983PLC016354
2026-08-15 02:24:21.120 | INFO     | scraper.proxy_manager:get_proxy:208 - Proxy pool low (0 usable), refreshing...
2026-08-15 02:24:21.121 | ERROR    | scraper.proxy_manager:_fetch_from_api:111 - PROXY_PROVIDER_API_URL not configured
2026-08-15 02:24:21.121 | WARNING  | scraper.proxy_manager:_refresh_pool:167 - No proxies returned from API
2026-08-15 02:24:21.122 | ERROR    | scraper.proxy_manager:get_proxy:218 - No usable proxies available
2026-08-15 02:24:21.124 | WARNING  | scraper.tasks:scrape_company:70 - [tofler] Failed to scrape company https://www.tofler.in/srm-energy-limited/company/L17100DL1985PLC303047: stealth_async: Target page, context or browser has been closed
2026-08-15 02:24:21.126 | INFO     | scraper.tasks:scrape_company:64 - [tofler] Scraping company: https://www.tofler.in/srf-limited/company/L18101DL1970PLC005197
2026-08-15 02:24:21.127 | INFO     | scraper.proxy_manager:get_proxy:208 - Proxy pool low (0 usable), refreshing...
2026-08-15 02:24:21.127 | ERROR    | scraper.proxy_manager:_fetch_from_api:111 - PROXY_PROVIDER_API_URL not configured
2026-08-15 02:24:21.128 | WARNING  | scraper.proxy_manager:_refresh_pool:167 - No proxies returned from API
2026-08-15 02:24:21.129 | ERROR    | scraper.proxy_manager:get_proxy:218 - No usable proxies available
2026-08-15 02:24:21.131 | WARNING  | scraper.tasks:scrape_company:70 - [tofler] Failed to scrape company https://www.tofler.in/aplaya-creations-limited/company/L17122DL1996PLC332121: Browser.new_context: Target page, context or browser has been closed
2026-08-15 02:24:21.132 | INFO     | scraper.tasks:scrape_company:64 - [tofler] Scraping company: https://www.tofler.in/arth-udyog-limited/company/L18101DL1971PLC028813
2026-08-15 02:24:21.133 | INFO     | scraper.proxy_manager:get_proxy:208 - Proxy pool low (0 usable), refreshing...
2026-08-15 02:24:21.134 | ERROR    | scraper.proxy_manager:_fetch_from_api:111 - PROXY_PROVIDER_API_URL not configured
2026-08-15 02:24:21.135 | WARNING  | scraper.proxy_manager:_refresh_pool:167 - No proxies returned from API
2026-08-15 02:24:21.135 | ERROR    | scraper.proxy_manager:get_proxy:218 - No usable proxies available
2026-08-15 02:24:21.137 | WARNING  | scraper.tasks:scrape_company:70 - [tofler] Failed to scrape company https://www.tofler.in/n-k-textile-industries-ltd/company/L17299DL1983PLC163230: Browser.new_context: Target page, context or browser has been closed
2026-08-15 02:24:21.138 | INFO     | scraper.tasks:scrape_company:64 - [tofler] Scraping company: https://www.tofler.in/t-t-limited/company/L18101DL1978PLC009241
2026-08-15 02:24:21.139 | INFO     | scraper.proxy_manager:get_proxy:208 - Proxy pool low (0 usable), refreshing...
2026-08-15 02:24:21.140 | ERROR    | scraper.proxy_manager:_fetch_from_api:111 - PROXY_PROVIDER_API_URL not configured
2026-08-15 02:24:21.140 | WARNING  | scraper.proxy_manager:_refresh_pool:167 - No proxies returned from API
2026-08-15 02:24:21.141 | ERROR    | scraper.proxy_manager:get_proxy:218 - No usable proxies available
2026-08-15 02:24:21.143 | WARNING  | scraper.tasks:scrape_company:70 - [tofler] Failed to scrape company https://www.tofler.in/sru-steels-limited/company/L17300DL1995PLC107286: Browser.new_context: Target page, context or browser has been closed
2026-08-15 02:24:21.144 | INFO     | scraper.tasks:scrape_company:64 - [tofler] Scraping company: https://www.tofler.in/mayfair-fabrics-limited/company/L18101DL1983PLC027286
2026-08-15 02:24:21.145 | INFO     | scraper.proxy_manager:get_proxy:208 - Proxy pool low (0 usable), refreshing...
2026-08-15 02:24:21.146 | ERROR    | scraper.proxy_manager:_fetch_from_api:111 - PROXY_PROVIDER_API_URL not configured
2026-08-15 02:24:21.146 | WARNING  | scraper.proxy_manager:_refresh_pool:167 - No proxies returned from API
2026-08-15 02:24:21.147 | ERROR    | scraper.proxy_manager:get_proxy:218 - No usable proxies available
2026-08-15 02:24:21.150 | WARNING  | scraper.tasks:scrape_company:70 - [tofler] Failed to scrape company https://www.tofler.in/dcm-nouvelle-limited/company/L17309DL2016PLC307204: Browser.new_context: Connection closed while reading from the driver
2026-08-15 02:24:21.151 | WARNING  | scraper.tasks:scrape_company:70 - [tofler] Failed to scrape company https://www.tofler.in/a-f-enterprises-limited/company/L18100DL1983PLC016354: Browser.new_context: Connection closed while reading from the driver
2026-08-15 02:24:21.152 | WARNING  | scraper.tasks:scrape_company:70 - [tofler] Failed to scrape company https://www.tofler.in/srf-limited/company/L18101DL1970PLC005197: Browser.new_context: Connection closed while reading from the driver
2026-08-15 02:24:21.153 | WARNING  | scraper.tasks:scrape_company:70 - [tofler] Failed to scrape company https://www.tofler.in/arth-udyog-limited/company/L18101DL1971PLC028813: Browser.new_context: Connection closed while reading from the driver
2026-08-15 02:24:21.154 | WARNING  | scraper.tasks:scrape_company:70 - [tofler] Failed to scrape company https://www.tofler.in/t-t-limited/company/L18101DL1978PLC009241: Browser.new_context: Connection closed while reading from the driver
2026-08-15 02:24:21.155 | WARNING  | scraper.tasks:scrape_company:70 - [tofler] Failed to scrape company https://www.tofler.in/mayfair-fabrics-limited/company/L18101DL1983PLC027286: Browser.new_context: Connection closed while reading from the driver
2026-08-15 02:24:21.155 | INFO     | scraper.tasks:scrape_company:64 - [tofler] Scraping company: https://www.tofler.in/paloma-knitwear-international-limited/company/L18101DL1984PLC019544
2026-08-15 02:24:21.156 | INFO     | scraper.proxy_manager:get_proxy:208 - Proxy pool low (0 usable), refreshing...
2026-08-15 02:24:21.157 | ERROR    | scraper.proxy_manager:_fetch_from_api:111 - PROXY_PROVIDER_API_URL not configured
2026-08-15 02:24:21.158 | WARNING  | scraper.proxy_manager:_refresh_pool:167 - No proxies returned from API
2026-08-15 02:24:21.159 | ERROR    | scraper.proxy_manager:get_proxy:218 - No usable proxies available
2026-08-15 02:24:21.161 | INFO     | scraper.tasks:scrape_company:64 - [tofler] Scraping company: https://www.tofler.in/riba-textiles-limited/company/L18101DL1989PLC034528
2026-08-15 02:24:21.161 | INFO     | scraper.proxy_manager:get_proxy:208 - Proxy pool low (0 usable), refreshing...
2026-08-15 02:24:21.162 | ERROR    | scraper.proxy_manager:_fetch_from_api:111 - PROXY_PROVIDER_API_URL not configured
2026-08-15 02:24:21.163 | WARNING  | scraper.proxy_manager:_refresh_pool:167 - No proxies returned from API
2026-08-15 02:24:21.163 | ERROR    | scraper.proxy_manager:get_proxy:218 - No usable proxies available
2026-08-15 02:24:21.166 | INFO     | scraper.tasks:scrape_company:64 - [tofler] Scraping company: https://www.tofler.in/regal-enterprises-ltd/company/L18101DL1989PLC269075
2026-08-15 02:24:21.166 | INFO     | scraper.proxy_manager:get_proxy:208 - Proxy pool low (0 usable), refreshing...
2026-08-15 02:24:21.167 | ERROR    | scraper.proxy_manager:_fetch_from_api:111 - PROXY_PROVIDER_API_URL not configured
2026-08-15 02:24:21.168 | WARNING  | scraper.proxy_manager:_refresh_pool:167 - No proxies returned from API
2026-08-15 02:24:21.168 | ERROR    | scraper.proxy_manager:get_proxy:218 - No usable proxies available
2026-08-15 02:24:21.170 | INFO     | scraper.tasks:scrape_company:64 - [tofler] Scraping company: https://www.tofler.in/avsl-industries-limited/company/L18101DL2003PLC121698
2026-08-15 02:24:21.171 | INFO     | scraper.proxy_manager:get_proxy:208 - Proxy pool low (0 usable), refreshing...
2026-08-15 02:24:21.172 | ERROR    | scraper.proxy_manager:_fetch_from_api:111 - PROXY_PROVIDER_API_URL not configured
2026-08-15 02:24:21.172 | WARNING  | scraper.proxy_manager:_refresh_pool:167 - No proxies returned from API
2026-08-15 02:24:21.173 | ERROR    | scraper.proxy_manager:get_proxy:218 - No usable proxies available
2026-08-15 02:24:21.175 | INFO     | scraper.tasks:scrape_company:64 - [tofler] Scraping company: https://www.tofler.in/indosolar-limited/company/L18101DL2005PLC134879
2026-08-15 02:24:21.176 | INFO     | scraper.proxy_manager:get_proxy:208 - Proxy pool low (0 usable), refreshing...
2026-08-15 02:24:21.177 | ERROR    | scraper.proxy_manager:_fetch_from_api:111 - PROXY_PROVIDER_API_URL not configured
2026-08-15 02:24:21.178 | WARNING  | scraper.proxy_manager:_refresh_pool:167 - No proxies returned from API
2026-08-15 02:24:21.178 | ERROR    | scraper.proxy_manager:get_proxy:218 - No usable proxies available
2026-08-15 02:24:21.180 | INFO     | scraper.tasks:scrape_company:64 - [tofler] Scraping company: https://www.tofler.in/munak-galva-sheets-limited/company/L20765DL1985PLC020765
2026-08-15 02:24:21.181 | INFO     | scraper.proxy_manager:get_proxy:208 - Proxy pool low (0 usable), refreshing...
2026-08-15 02:24:21.182 | ERROR    | scraper.proxy_manager:_fetch_from_api:111 - PROXY_PROVIDER_API_URL not configured
2026-08-15 02:24:21.182 | WARNING  | scraper.proxy_manager:_refresh_pool:167 - No proxies returned from API
2026-08-15 02:24:21.183 | ERROR    | scraper.proxy_manager:get_proxy:218 - No usable proxies available
2026-08-15 02:24:21.186 | WARNING  | scraper.tasks:scrape_company:70 - [tofler] Failed to scrape company https://www.tofler.in/paloma-knitwear-international-limited/company/L18101DL1984PLC019544: Browser.new_context: Connection closed while reading from the driver
2026-08-15 02:24:21.187 | WARNING  | scraper.tasks:scrape_company:70 - [tofler] Failed to scrape company https://www.tofler.in/riba-textiles-limited/company/L18101DL1989PLC034528: Browser.new_context: Connection closed while reading from the driver
2026-08-15 02:24:21.188 | WARNING  | scraper.tasks:scrape_company:70 - [tofler] Failed to scrape company https://www.tofler.in/regal-enterprises-ltd/company/L18101DL1989PLC269075: Browser.new_context: Connection closed while reading from the driver
2026-08-15 02:24:21.189 | WARNING  | scraper.tasks:scrape_company:70 - [tofler] Failed to scrape company https://www.tofler.in/avsl-industries-limited/company/L18101DL2003PLC121698: Browser.new_context: Connection closed while reading from the driver
2026-08-15 02:24:21.190 | WARNING  | scraper.tasks:scrape_company:70 - [tofler] Failed to scrape company https://www.tofler.in/indosolar-limited/company/L18101DL2005PLC134879: Browser.new_context: Connection closed while reading from the driver
2026-08-15 02:24:21.192 | WARNING  | scraper.tasks:scrape_company:70 - [tofler] Failed to scrape company https://www.tofler.in/munak-galva-sheets-limited/company/L20765DL1985PLC020765: Browser.new_context: Connection closed while reading from the driver
2026-08-15 02:24:21.194 | INFO     | scraper.tasks:scrape_company:64 - [tofler] Scraping company: https://www.tofler.in/shree-krishna-paper-mills-and-industries-ltd/company/L21012DL1972PLC279773
2026-08-15 02:24:21.195 | INFO     | scraper.proxy_manager:get_proxy:208 - Proxy pool low (0 usable), refreshing...
2026-08-15 02:24:21.196 | ERROR    | scraper.proxy_manager:_fetch_from_api:111 - PROXY_PROVIDER_API_URL not configured
2026-08-15 02:24:21.196 | WARNING  | scraper.proxy_manager:_refresh_pool:167 - No proxies returned from API
2026-08-15 02:24:21.197 | ERROR    | scraper.proxy_manager:get_proxy:218 - No usable proxies available
2026-08-15 02:24:21.199 | INFO     | scraper.tasks:scrape_company:64 - [tofler] Scraping company: https://www.tofler.in/greenlam-industries-limited/company/L21016DL2013PLC386045
2026-08-15 02:24:21.200 | INFO     | scraper.proxy_manager:get_proxy:208 - Proxy pool low (0 usable), refreshing...
2026-08-15 02:24:21.201 | ERROR    | scraper.proxy_manager:_fetch_from_api:111 - PROXY_PROVIDER_API_URL not configured
2026-08-15 02:24:21.202 | WARNING  | scraper.proxy_manager:_refresh_pool:167 - No proxies returned from API
2026-08-15 02:24:21.202 | ERROR    | scraper.proxy_manager:get_proxy:218 - No usable proxies available
2026-08-15 02:24:21.204 | INFO     | scraper.tasks:scrape_company:64 - [tofler] Scraping company: https://www.tofler.in/b-j-duplex-boards-limited/company/L21090DL1995PLC066281
2026-08-15 02:24:21.205 | INFO     | scraper.proxy_manager:get_proxy:208 - Proxy pool low (0 usable), refreshing...
2026-08-15 02:24:21.206 | ERROR    | scraper.proxy_manager:_fetch_from_api:111 - PROXY_PROVIDER_API_URL not configured
2026-08-15 02:24:21.207 | WARNING  | scraper.proxy_manager:_refresh_pool:167 - No proxies returned from API
2026-08-15 02:24:21.207 | ERROR    | scraper.proxy_manager:get_proxy:218 - No usable proxies available
2026-08-15 02:24:21.210 | INFO     | scraper.tasks:scrape_company:64 - [tofler] Scraping company: https://www.tofler.in/haryana-coated-papers-limited/company/L21093DL1971PLC005669
2026-08-15 02:24:21.210 | INFO     | scraper.proxy_manager:get_proxy:208 - Proxy pool low (0 usable), refreshing...
2026-08-15 02:24:21.211 | ERROR    | scraper.proxy_manager:_fetch_from_api:111 - PROXY_PROVIDER_API_URL not configured
2026-08-15 02:24:21.212 | WARNING  | scraper.proxy_manager:_refresh_pool:167 - No proxies returned from API
2026-08-15 02:24:21.212 | ERROR    | scraper.proxy_manager:get_proxy:218 - No usable proxies available
2026-08-15 02:24:21.217 | INFO     | scraper.tasks:scrape_company:64 - [tofler] Scraping company: https://www.tofler.in/polymer-papers-limited/company/L21093DL1974PLC007495
2026-08-15 02:24:21.218 | INFO     | scraper.proxy_manager:get_proxy:208 - Proxy pool low (0 usable), refreshing...
2026-08-15 02:24:21.218 | ERROR    | scraper.proxy_manager:_fetch_from_api:111 - PROXY_PROVIDER_API_URL not configured
2026-08-15 02:24:21.219 | WARNING  | scraper.proxy_manager:_refresh_pool:167 - No proxies returned from API
2026-08-15 02:24:21.220 | ERROR    | scraper.proxy_manager:get_proxy:218 - No usable proxies available
2026-08-15 02:24:21.222 | INFO     | scraper.tasks:scrape_company:64 - [tofler] Scraping company: https://www.tofler.in/magnum-ventures-limited/company/L21093DL1980PLC010492
2026-08-15 02:24:21.223 | INFO     | scraper.proxy_manager:get_proxy:208 - Proxy pool low (0 usable), refreshing...
2026-08-15 02:24:21.224 | ERROR    | scraper.proxy_manager:_fetch_from_api:111 - PROXY_PROVIDER_API_URL not configured
2026-08-15 02:24:21.224 | WARNING  | scraper.proxy_manager:_refresh_pool:167 - No proxies returned from API
2026-08-15 02:24:21.225 | ERROR    | scraper.proxy_manager:get_proxy:218 - No usable proxies available
2026-08-15 02:24:21.227 | WARNING  | scraper.tasks:scrape_company:70 - [tofler] Failed to scrape company https://www.tofler.in/shree-krishna-paper-mills-and-industries-ltd/company/L21012DL1972PLC279773: Browser.new_context: Connection closed while reading from the driver
2026-08-15 02:24:21.228 | WARNING  | scraper.tasks:scrape_company:70 - [tofler] Failed to scrape company https://www.tofler.in/greenlam-industries-limited/company/L21016DL2013PLC386045: Browser.new_context: Connection closed while reading from the driver
2026-08-15 02:24:21.230 | WARNING  | scraper.tasks:scrape_company:70 - [tofler] Failed to scrape company https://www.tofler.in/b-j-duplex-boards-limited/company/L21090DL1995PLC066281: Browser.new_context: Connection closed while reading from the driver
2026-08-15 02:24:21.231 | WARNING  | scraper.tasks:scrape_company:70 - [tofler] Failed to scrape company https://www.tofler.in/haryana-coated-papers-limited/company/L21093DL1971PLC005669: Browser.new_context: Connection closed while reading from the driver
2026-08-15 02:24:21.231 | WARNING  | scraper.tasks:scrape_company:70 - [tofler] Failed to scrape company https://www.tofler.in/polymer-papers-limited/company/L21093DL1974PLC007495: Browser.new_context: Connection closed while reading from the driver
2026-08-15 02:24:21.232 | WARNING  | scraper.tasks:scrape_company:70 - [tofler] Failed to scrape company https://www.tofler.in/magnum-ventures-limited/company/L21093DL1980PLC010492: Browser.new_context: Connection closed while reading from the driver
2026-08-15 02:24:21.233 | INFO     | scraper.tasks:scrape_company:64 - [tofler] Scraping company: https://www.tofler.in/mohit-paper-mills-limited/company/L21093DL1992PLC116600
2026-08-15 02:24:21.234 | INFO     | scraper.proxy_manager:get_proxy:208 - Proxy pool low (0 usable), refreshing...
2026-08-15 02:24:21.235 | ERROR    | scraper.proxy_manager:_fetch_from_api:111 - PROXY_PROVIDER_API_URL not configured
2026-08-15 02:24:21.236 | WARNING  | scraper.proxy_manager:_refresh_pool:167 - No proxies returned from API
2026-08-15 02:24:21.236 | ERROR    | scraper.proxy_manager:get_proxy:218 - No usable proxies available
2026-08-15 02:24:21.238 | INFO     | scraper.tasks:scrape_company:64 - [tofler] Scraping company: https://www.tofler.in/buy-right-impex-limited/company/L22100DL1983PLC314401
2026-08-15 02:24:21.239 | INFO     | scraper.proxy_manager:get_proxy:208 - Proxy pool low (0 usable), refreshing...
2026-08-15 02:24:21.240 | ERROR    | scraper.proxy_manager:_fetch_from_api:111 - PROXY_PROVIDER_API_URL not configured
2026-08-15 02:24:21.241 | WARNING  | scraper.proxy_manager:_refresh_pool:167 - No proxies returned from API
2026-08-15 02:24:21.241 | ERROR    | scraper.proxy_manager:get_proxy:218 - No usable proxies available
2026-08-15 02:24:21.244 | INFO     | scraper.tasks:scrape_company:64 - [tofler] Scraping company: https://www.tofler.in/ht-media-limited/company/L22121DL2002PLC117874
2026-08-15 02:24:21.244 | INFO     | scraper.proxy_manager:get_proxy:208 - Proxy pool low (0 usable), refreshing...
2026-08-15 02:24:21.245 | ERROR    | scraper.proxy_manager:_fetch_from_api:111 - PROXY_PROVIDER_API_URL not configured
2026-08-15 02:24:21.246 | WARNING  | scraper.proxy_manager:_refresh_pool:167 - No proxies returned from API
2026-08-15 02:24:21.246 | ERROR    | scraper.proxy_manager:get_proxy:218 - No usable proxies available
2026-08-15 02:24:21.248 | WARNING  | scraper.tasks:scrape_company:70 - [tofler] Failed to scrape company https://www.tofler.in/mohit-paper-mills-limited/company/L21093DL1992PLC116600: Browser.new_context: Connection closed while reading from the driver
2026-08-15 02:24:21.250 | WARNING  | scraper.tasks:scrape_company:70 - [tofler] Failed to scrape company https://www.tofler.in/buy-right-impex-limited/company/L22100DL1983PLC314401: Browser.new_context: Connection closed while reading from the driver
2026-08-15 02:24:21.251 | WARNING  | scraper.tasks:scrape_company:70 - [tofler] Failed to scrape company https://www.tofler.in/ht-media-limited/company/L22121DL2002PLC117874: Browser.new_context: Connection closed while reading from the driver
2026-08-15 02:24:21.251 | INFO     | scraper.tasks:_scrape_target:81 - [tofler] page 2: 30 records
2026-08-15 02:24:21.252 | INFO     | scraper.proxy_manager:get_proxy:208 - Proxy pool low (0 usable), refreshing...
2026-08-15 02:24:21.253 | ERROR    | scraper.proxy_manager:_fetch_from_api:111 - PROXY_PROVIDER_API_URL not configured
2026-08-15 02:24:21.254 | WARNING  | scraper.proxy_manager:_refresh_pool:167 - No proxies returned from API
2026-08-15 02:24:21.254 | ERROR    | scraper.proxy_manager:get_proxy:218 - No usable proxies available
2026-08-15 02:24:21.258 | ERROR    | scraper.tasks:scrape_single_target:99 - [tofler] scrape failed: Browser.close: Connection closed while reading from the driver
2026-08-15 02:27:22.970 | INFO     | scraper.proxy_manager:_health_check:95 - Proxy health check passed: http://35jovid14xin:***@45.3.48.207:3129 -> 45.3.48.207
2026-08-15 02:30:33.225 | INFO     | scraper.browser:start:41 - Browser launched
2026-08-15 02:30:34.080 | INFO     | scraper.proxy_manager:_health_check:95 - Proxy health check passed: http://35jovid14xin:***@65.111.2.54:3129 -> 65.111.2.54
2026-08-15 02:30:41.100 | INFO     | scraper.tasks:scrape_company:64 - [tofler] Scraping company: https://www.tofler.in/omansh-enterprises-limited/company/L01100DL1974PLC241646
2026-08-15 02:30:41.616 | INFO     | scraper.proxy_manager:_health_check:95 - Proxy health check passed: http://35jovid14xin:***@104.207.54.71:3129 -> 104.207.54.71
2026-08-15 02:30:41.624 | INFO     | scraper.tasks:scrape_company:64 - [tofler] Scraping company: https://www.tofler.in/pajson-agro-india-limited/company/L01100DL2021PLC386740
2026-08-15 02:30:42.074 | INFO     | scraper.proxy_manager:_health_check:95 - Proxy health check passed: http://35jovid14xin:***@104.207.34.185:3129 -> 104.207.34.185
2026-08-15 02:30:42.086 | INFO     | scraper.tasks:scrape_company:64 - [tofler] Scraping company: https://www.tofler.in/continental-seeds-and-chemicals-limited/company/L01111DL1983PLC015969
2026-08-15 02:30:42.852 | INFO     | scraper.proxy_manager:_health_check:95 - Proxy health check passed: http://35jovid14xin:***@65.111.4.104:3129 -> 65.111.4.104
2026-08-15 02:30:42.861 | INFO     | scraper.tasks:scrape_company:64 - [tofler] Scraping company: https://www.tofler.in/semaya-limited/company/L01111DL1985PLC021268
2026-08-15 02:30:43.379 | INFO     | scraper.proxy_manager:_health_check:95 - Proxy health check passed: http://35jovid14xin:***@216.26.244.72:3129 -> 216.26.244.72
2026-08-15 02:30:43.389 | INFO     | scraper.tasks:scrape_company:64 - [tofler] Scraping company: https://www.tofler.in/krbl-limited/company/L01111DL1993PLC052845
2026-08-15 02:30:44.153 | INFO     | scraper.proxy_manager:_health_check:95 - Proxy health check passed: http://35jovid14xin:***@104.167.25.196:3129 -> 104.167.25.196
2026-08-15 02:30:44.163 | INFO     | scraper.tasks:scrape_company:64 - [tofler] Scraping company: https://www.tofler.in/dr-m-induscorp-limited/company/L01119DL1986PLC023698
2026-08-15 02:30:45.914 | INFO     | scraper.proxy_manager:_health_check:95 - Proxy health check passed: http://35jovid14xin:***@209.50.184.140:3129 -> 209.50.184.140
2026-08-15 02:30:50.239 | INFO     | scraper.tasks:scrape_company:64 - [tofler] Scraping company: https://www.tofler.in/hindustan-agrigentics-limited/company/L01119DL1990PLC040979
2026-08-15 02:30:50.681 | INFO     | scraper.proxy_manager:_health_check:95 - Proxy health check passed: http://35jovid14xin:***@209.50.173.254:3129 -> 209.50.173.254
2026-08-15 02:30:50.767 | INFO     | scraper.tasks:scrape_company:64 - [tofler] Scraping company: https://www.tofler.in/aayush-wellness-limited/company/L01122DL1984PLC018307
2026-08-15 02:30:51.206 | INFO     | scraper.proxy_manager:_health_check:95 - Proxy health check passed: http://35jovid14xin:***@216.26.225.103:3129 -> 216.26.225.103
2026-08-15 02:30:51.253 | INFO     | scraper.tasks:scrape_company:64 - [tofler] Scraping company: https://www.tofler.in/sc-agrotech-limited/company/L01122DL1990PLC042207
2026-08-15 02:30:51.699 | INFO     | scraper.proxy_manager:_health_check:95 - Proxy health check passed: http://35jovid14xin:***@209.50.168.70:3129 -> 209.50.168.70
2026-08-15 02:30:51.749 | INFO     | scraper.tasks:scrape_company:64 - [tofler] Scraping company: https://www.tofler.in/shivamshree-businesses-limited/company/L01403DL1983PLC015704
2026-08-15 02:30:52.265 | INFO     | scraper.proxy_manager:_health_check:95 - Proxy health check passed: http://35jovid14xin:***@209.50.181.214:3129 -> 209.50.181.214
2026-08-15 02:30:52.361 | INFO     | scraper.tasks:scrape_company:64 - [tofler] Scraping company: https://www.tofler.in/fratelli-vineyards-limited/company/L11020DL2009PLC186397
2026-08-15 02:30:52.811 | INFO     | scraper.proxy_manager:_health_check:95 - Proxy health check passed: http://35jovid14xin:***@216.26.228.103:3129 -> 216.26.228.103
2026-08-15 02:30:53.413 | INFO     | scraper.tasks:scrape_company:64 - [tofler] Scraping company: https://www.tofler.in/landmark-property-development-company-limited/company/L13100DL1976PLC188942
2026-08-15 02:30:54.033 | INFO     | scraper.proxy_manager:_health_check:95 - Proxy health check passed: http://35jovid14xin:***@216.26.247.12:3129 -> 216.26.247.12
2026-08-15 02:30:57.006 | INFO     | scraper.tasks:scrape_company:64 - [tofler] Scraping company: https://www.tofler.in/spl-industries-limited/company/L13139DL1991PLC062744
2026-08-15 02:30:57.320 | WARNING  | scraper.proxy_manager:_health_check:99 - Proxy health check failed: http://35jovid14xin:***@216.26.248.81:3129 - 429 Client Error: Not Enough Connections for url: http://httpbin.org/ip
2026-08-15 02:30:57.814 | INFO     | scraper.proxy_manager:_health_check:95 - Proxy health check passed: http://35jovid14xin:***@45.3.41.225:3129 -> 45.3.41.225
2026-08-15 02:30:58.376 | INFO     | scraper.tasks:scrape_company:64 - [tofler] Scraping company: https://www.tofler.in/sajjan-commercial-enterprises-ltd/company/L13203DL1985PLC021536
2026-08-15 02:30:58.830 | INFO     | scraper.proxy_manager:_health_check:95 - Proxy health check passed: http://35jovid14xin:***@65.111.2.208:3129 -> 65.111.2.208
2026-08-15 02:30:58.911 | INFO     | scraper.tasks:scrape_company:64 - [tofler] Scraping company: https://www.tofler.in/hoac-foods-india-limited/company/L15120DL2018PLC330739
2026-08-15 02:30:59.394 | INFO     | scraper.proxy_manager:_health_check:95 - Proxy health check passed: http://35jovid14xin:***@216.26.233.75:3129 -> 216.26.233.75
2026-08-15 02:30:59.432 | INFO     | scraper.tasks:scrape_company:64 - [tofler] Scraping company: https://www.tofler.in/devyani-international-limited/company/L15135DL1991PLC046758
2026-08-15 02:30:59.878 | INFO     | scraper.proxy_manager:_health_check:95 - Proxy health check passed: http://35jovid14xin:***@104.207.36.145:3129 -> 104.207.36.145
2026-08-15 02:30:59.923 | INFO     | scraper.tasks:scrape_company:64 - [tofler] Scraping company: https://www.tofler.in/modi-naturals-limited/company/L15142DL1974PLC007349
2026-08-15 02:31:01.596 | INFO     | scraper.tasks:scrape_company:64 - [tofler] Scraping company: https://www.tofler.in/reliance-infotek-limited/company/L15142DL1987PLC029899
2026-08-15 02:31:02.196 | INFO     | scraper.proxy_manager:_health_check:95 - Proxy health check passed: http://35jovid14xin:***@45.3.32.31:3129 -> 45.3.32.31
2026-08-15 02:31:03.053 | INFO     | scraper.tasks:scrape_company:64 - [tofler] Scraping company: https://www.tofler.in/tarai-foods-limited/company/L15142DL1990PLC039291
2026-08-15 02:31:03.494 | INFO     | scraper.proxy_manager:_health_check:95 - Proxy health check passed: http://35jovid14xin:***@104.167.25.127:3129 -> 104.167.25.127
2026-08-15 02:31:04.246 | INFO     | scraper.tasks:scrape_company:64 - [tofler] Scraping company: https://www.tofler.in/superior-industrial-enterprises-limited/company/L15142DL1991PLC046469
2026-08-15 02:31:04.741 | INFO     | scraper.proxy_manager:_health_check:95 - Proxy health check passed: http://35jovid14xin:***@209.50.191.234:3129 -> 209.50.191.234
2026-08-15 02:31:04.749 | WARNING  | scraper.fetcher:fetch_page:89 - Proxy connection error, marking bad immediately: http://35jovid14xin:***@104.167.25.127:3129
2026-08-15 02:31:04.752 | WARNING  | scraper.proxy_manager:mark_bad:110 - Proxy marked bad, cooling down 300s: http://35jovid14xin:***@104.167.25.127:3129
2026-08-15 02:31:05.277 | INFO     | scraper.tasks:scrape_company:64 - [tofler] Scraping company: https://www.tofler.in/nestle-india-limited/company/L15202DL1959PLC003786
2026-08-15 02:31:06.136 | INFO     | scraper.proxy_manager:_health_check:95 - Proxy health check passed: http://35jovid14xin:***@104.207.54.222:3129 -> 104.207.54.222
2026-08-15 02:31:06.647 | INFO     | scraper.proxy_manager:_health_check:95 - Proxy health check passed: http://35jovid14xin:***@104.207.48.237:3129 -> 104.207.48.237
2026-08-15 02:31:06.737 | INFO     | scraper.tasks:scrape_company:64 - [tofler] Scraping company: https://www.tofler.in/mahavira-foods-limited/company/L15310DL1988PLC033651
2026-08-15 02:31:07.180 | INFO     | scraper.proxy_manager:_health_check:95 - Proxy health check passed: http://35jovid14xin:***@104.207.39.67:3129 -> 104.207.39.67
2026-08-15 02:31:07.227 | INFO     | scraper.tasks:scrape_company:64 - [tofler] Scraping company: https://www.tofler.in/kumar-food-industries-limited/company/L15310DL1991PLC043456
2026-08-15 02:31:07.731 | INFO     | scraper.proxy_manager:_health_check:95 - Proxy health check passed: http://35jovid14xin:***@45.3.47.200:3129 -> 45.3.47.200
2026-08-15 02:31:08.260 | INFO     | scraper.tasks:scrape_company:64 - [tofler] Scraping company: https://www.tofler.in/focus-industrial-resources-limited/company/L15319DL1985PLC021348
2026-08-15 02:31:08.699 | INFO     | scraper.proxy_manager:_health_check:95 - Proxy health check passed: http://35jovid14xin:***@65.111.5.3:3129 -> 65.111.5.3
2026-08-15 02:31:08.790 | INFO     | scraper.tasks:scrape_company:64 - [tofler] Scraping company: https://www.tofler.in/mahaan-foods-limited/company/L15419DL1987PLC350285
2026-08-15 02:31:11.919 | INFO     | scraper.tasks:scrape_company:64 - [tofler] Scraping company: https://www.tofler.in/visisth-chay-vyapar-limited/company/L15491DL1985PLC019848
2026-08-15 02:31:13.244 | WARNING  | scraper.proxy_manager:_health_check:99 - Proxy health check failed: http://35jovid14xin:***@65.111.30.48:3129 - 429 Client Error: Not Enough Connections for url: http://httpbin.org/ip
2026-08-15 02:31:13.848 | INFO     | scraper.tasks:scrape_company:64 - [tofler] Scraping company: https://www.tofler.in/regent-enterprises-limited/company/L15500DL1994PLC153183
2026-08-15 02:31:14.282 | INFO     | scraper.proxy_manager:_health_check:95 - Proxy health check passed: http://35jovid14xin:***@216.26.231.123:3129 -> 216.26.231.123
2026-08-15 02:31:14.340 | INFO     | scraper.tasks:scrape_company:64 - [tofler] Scraping company: https://www.tofler.in/lacy-limited/company/L15511DL1985PLC021272
2026-08-15 02:31:14.854 | INFO     | scraper.proxy_manager:_health_check:95 - Proxy health check passed: http://35jovid14xin:***@104.207.56.210:3129 -> 104.207.56.210
2026-08-15 02:31:14.883 | WARNING  | scraper.fetcher:fetch_page:89 - Proxy connection error, marking bad immediately: http://35jovid14xin:***@104.207.48.237:3129
2026-08-15 02:31:14.884 | WARNING  | scraper.proxy_manager:mark_bad:110 - Proxy marked bad, cooling down 300s: http://35jovid14xin:***@104.207.48.237:3129
2026-08-15 02:31:14.957 | INFO     | scraper.tasks:scrape_company:64 - [tofler] Scraping company: https://www.tofler.in/hindustan-breweries-and-bottling-limited/company/L15549DL1909PLC005478
2026-08-15 02:31:15.461 | INFO     | scraper.proxy_manager:_health_check:95 - Proxy health check passed: http://35jovid14xin:***@216.26.252.138:3129 -> 216.26.252.138
2026-08-15 02:31:15.529 | INFO     | scraper.tasks:scrape_company:64 - [tofler] Scraping company: https://www.tofler.in/john-oakey-and-mohan-limited/company/L15549DL1962PLC003726
2026-08-15 02:31:15.986 | INFO     | scraper.proxy_manager:_health_check:95 - Proxy health check passed: http://35jovid14xin:***@209.50.175.129:3129 -> 209.50.175.129
2026-08-15 02:31:17.444 | INFO     | scraper.proxy_manager:_health_check:95 - Proxy health check passed: http://35jovid14xin:***@65.111.11.12:3129 -> 65.111.11.12
2026-08-15 02:31:23.188 | INFO     | scraper.tasks:_scrape_target:81 - [tofler] page 1: 30 records
2026-08-15 02:31:23.641 | INFO     | scraper.proxy_manager:_health_check:95 - Proxy health check passed: http://35jovid14xin:***@65.111.7.112:3129 -> 65.111.7.112
2026-08-15 02:31:29.466 | INFO     | scraper.tasks:scrape_company:64 - [tofler] Scraping company: https://www.tofler.in/elitecon-international-limited/company/L16000DL1987PLC396234
2026-08-15 02:31:29.470 | INFO     | scraper.tasks:scrape_company:64 - [tofler] Scraping company: https://www.tofler.in/srm-energy-limited/company/L17100DL1985PLC303047
2026-08-15 02:31:30.254 | INFO     | scraper.proxy_manager:_health_check:95 - Proxy health check passed: http://35jovid14xin:***@209.50.190.159:3129 -> 209.50.190.159
2026-08-15 02:31:30.264 | INFO     | scraper.tasks:scrape_company:64 - [tofler] Scraping company: https://www.tofler.in/sidhartha-super-spinning-mills-limited/company/L17111DL1980PLC010814
2026-08-15 02:31:30.767 | INFO     | scraper.proxy_manager:_health_check:95 - Proxy health check passed: http://35jovid14xin:***@209.50.171.216:3129 -> 209.50.171.216
2026-08-15 02:31:30.777 | INFO     | scraper.tasks:scrape_company:64 - [tofler] Scraping company: https://www.tofler.in/unifinz-capital-india-limited/company/L17111DL1982PLC013790
2026-08-15 02:31:30.786 | INFO     | scraper.tasks:scrape_company:64 - [tofler] Scraping company: https://www.tofler.in/fiber-plus-industries-limited/company/L17120DL1984PLC018729
2026-08-15 02:31:30.793 | INFO     | scraper.tasks:scrape_company:64 - [tofler] Scraping company: https://www.tofler.in/lorenzini-apparels-limited/company/L17120DL2007PLC163192
2026-08-15 02:31:31.392 | INFO     | scraper.proxy_manager:_health_check:95 - Proxy health check passed: http://35jovid14xin:***@209.50.163.24:3129 -> 209.50.163.24
2026-08-15 02:31:35.458 | INFO     | scraper.tasks:scrape_company:64 - [tofler] Scraping company: https://www.tofler.in/aplaya-creations-limited/company/L17122DL1996PLC332121
2026-08-15 02:31:35.914 | INFO     | scraper.proxy_manager:_health_check:95 - Proxy health check passed: http://35jovid14xin:***@45.3.48.207:3129 -> 45.3.48.207
2026-08-15 02:31:36.016 | INFO     | scraper.tasks:scrape_company:64 - [tofler] Scraping company: https://www.tofler.in/n-k-textile-industries-ltd/company/L17299DL1983PLC163230
2026-08-15 02:31:36.106 | INFO     | scraper.tasks:scrape_company:64 - [tofler] Scraping company: https://www.tofler.in/sru-steels-limited/company/L17300DL1995PLC107286
2026-08-15 02:31:36.799 | INFO     | scraper.tasks:scrape_company:64 - [tofler] Scraping company: https://www.tofler.in/dcm-nouvelle-limited/company/L17309DL2016PLC307204
2026-08-15 02:31:37.447 | INFO     | scraper.proxy_manager:_health_check:95 - Proxy health check passed: http://35jovid14xin:***@216.26.255.71:3129 -> 216.26.255.71
2026-08-15 02:31:37.540 | INFO     | scraper.tasks:scrape_company:64 - [tofler] Scraping company: https://www.tofler.in/a-f-enterprises-limited/company/L18100DL1983PLC016354
2026-08-15 02:31:38.159 | INFO     | scraper.proxy_manager:_health_check:95 - Proxy health check passed: http://35jovid14xin:***@209.50.186.174:3129 -> 209.50.186.174
2026-08-15 02:31:38.223 | INFO     | scraper.tasks:scrape_company:64 - [tofler] Scraping company: https://www.tofler.in/srf-limited/company/L18101DL1970PLC005197
2026-08-15 02:31:38.755 | INFO     | scraper.proxy_manager:_health_check:95 - Proxy health check passed: http://35jovid14xin:***@151.123.176.200:3129 -> 151.123.176.200
2026-08-15 02:31:40.227 | INFO     | scraper.tasks:scrape_company:64 - [tofler] Scraping company: https://www.tofler.in/arth-udyog-limited/company/L18101DL1971PLC028813
2026-08-15 02:31:40.728 | INFO     | scraper.proxy_manager:_health_check:95 - Proxy health check passed: http://35jovid14xin:***@209.50.177.237:3129 -> 209.50.177.237
2026-08-15 02:31:41.672 | INFO     | scraper.tasks:scrape_company:64 - [tofler] Scraping company: https://www.tofler.in/t-t-limited/company/L18101DL1978PLC009241
2026-08-15 02:31:42.450 | INFO     | scraper.proxy_manager:_health_check:95 - Proxy health check passed: http://35jovid14xin:***@104.207.53.148:3129 -> 104.207.53.148
2026-08-15 02:31:42.857 | INFO     | scraper.tasks:scrape_company:64 - [tofler] Scraping company: https://www.tofler.in/mayfair-fabrics-limited/company/L18101DL1983PLC027286
2026-08-15 02:31:43.305 | INFO     | scraper.proxy_manager:_health_check:95 - Proxy health check passed: http://35jovid14xin:***@104.207.45.151:3129 -> 104.207.45.151
2026-08-15 02:31:43.372 | INFO     | scraper.tasks:scrape_company:64 - [tofler] Scraping company: https://www.tofler.in/paloma-knitwear-international-limited/company/L18101DL1984PLC019544
2026-08-15 02:31:43.868 | INFO     | scraper.proxy_manager:_health_check:95 - Proxy health check passed: http://35jovid14xin:***@216.26.233.6:3129 -> 216.26.233.6
2026-08-15 02:31:44.321 | INFO     | scraper.tasks:scrape_company:64 - [tofler] Scraping company: https://www.tofler.in/riba-textiles-limited/company/L18101DL1989PLC034528
2026-08-15 02:31:44.768 | INFO     | scraper.proxy_manager:_health_check:95 - Proxy health check passed: http://35jovid14xin:***@209.50.175.52:3129 -> 209.50.175.52
2026-08-15 02:31:44.918 | INFO     | scraper.tasks:scrape_company:64 - [tofler] Scraping company: https://www.tofler.in/regal-enterprises-ltd/company/L18101DL1989PLC269075
2026-08-15 02:31:45.601 | INFO     | scraper.proxy_manager:_health_check:95 - Proxy health check passed: http://35jovid14xin:***@216.26.251.151:3129 -> 216.26.251.151
2026-08-15 02:31:46.415 | INFO     | scraper.tasks:scrape_company:64 - [tofler] Scraping company: https://www.tofler.in/avsl-industries-limited/company/L18101DL2003PLC121698
2026-08-15 02:31:46.767 | INFO     | scraper.tasks:scrape_company:64 - [tofler] Scraping company: https://www.tofler.in/indosolar-limited/company/L18101DL2005PLC134879
2026-08-15 02:31:47.253 | INFO     | scraper.proxy_manager:_health_check:95 - Proxy health check passed: http://35jovid14xin:***@45.3.52.242:3129 -> 45.3.52.242
2026-08-15 02:31:48.957 | INFO     | scraper.tasks:scrape_company:64 - [tofler] Scraping company: https://www.tofler.in/munak-galva-sheets-limited/company/L20765DL1985PLC020765
2026-08-15 02:31:49.411 | INFO     | scraper.proxy_manager:_health_check:95 - Proxy health check passed: http://35jovid14xin:***@65.111.3.154:3129 -> 65.111.3.154
2026-08-15 02:31:49.464 | INFO     | scraper.tasks:scrape_company:64 - [tofler] Scraping company: https://www.tofler.in/shree-krishna-paper-mills-and-industries-ltd/company/L21012DL1972PLC279773
2026-08-15 02:31:50.669 | INFO     | scraper.tasks:scrape_company:64 - [tofler] Scraping company: https://www.tofler.in/greenlam-industries-limited/company/L21016DL2013PLC386045
2026-08-15 02:31:51.181 | INFO     | scraper.proxy_manager:_health_check:95 - Proxy health check passed: http://35jovid14xin:***@216.26.252.117:3129 -> 216.26.252.117
2026-08-15 02:31:51.787 | INFO     | scraper.tasks:scrape_company:64 - [tofler] Scraping company: https://www.tofler.in/b-j-duplex-boards-limited/company/L21090DL1995PLC066281
2026-08-15 02:31:52.294 | INFO     | scraper.proxy_manager:_health_check:95 - Proxy health check passed: http://35jovid14xin:***@104.207.58.28:3129 -> 104.207.58.28
2026-08-15 02:31:52.329 | INFO     | scraper.tasks:scrape_company:64 - [tofler] Scraping company: https://www.tofler.in/haryana-coated-papers-limited/company/L21093DL1971PLC005669
2026-08-15 02:31:53.095 | INFO     | scraper.tasks:scrape_company:64 - [tofler] Scraping company: https://www.tofler.in/polymer-papers-limited/company/L21093DL1974PLC007495
2026-08-15 02:31:54.424 | INFO     | scraper.tasks:scrape_company:64 - [tofler] Scraping company: https://www.tofler.in/magnum-ventures-limited/company/L21093DL1980PLC010492
2026-08-15 02:31:54.939 | INFO     | scraper.proxy_manager:_health_check:95 - Proxy health check passed: http://35jovid14xin:***@209.50.183.4:3129 -> 209.50.183.4
2026-08-15 02:31:55.066 | INFO     | scraper.tasks:scrape_company:64 - [tofler] Scraping company: https://www.tofler.in/mohit-paper-mills-limited/company/L21093DL1992PLC116600
2026-08-15 02:31:55.387 | WARNING  | scraper.proxy_manager:_health_check:99 - Proxy health check failed: http://35jovid14xin:***@65.111.27.242:3129 - 429 Client Error: Not Enough Connections for url: http://httpbin.org/ip
2026-08-15 02:31:55.840 | INFO     | scraper.tasks:scrape_company:64 - [tofler] Scraping company: https://www.tofler.in/buy-right-impex-limited/company/L22100DL1983PLC314401
2026-08-15 02:31:56.284 | INFO     | scraper.proxy_manager:_health_check:95 - Proxy health check passed: http://35jovid14xin:***@45.3.37.13:3129 -> 45.3.37.13
2026-08-15 02:31:56.423 | INFO     | scraper.tasks:scrape_company:64 - [tofler] Scraping company: https://www.tofler.in/ht-media-limited/company/L22121DL2002PLC117874
2026-08-15 02:31:57.425 | WARNING  | scraper.fetcher:fetch_page:89 - Proxy connection error, marking bad immediately: http://35jovid14xin:***@104.207.34.185:3129
2026-08-15 02:31:57.427 | WARNING  | scraper.proxy_manager:mark_bad:110 - Proxy marked bad, cooling down 300s: http://35jovid14xin:***@104.207.34.185:3129
2026-08-15 02:32:02.251 | INFO     | scraper.tasks:_scrape_target:81 - [tofler] page 2: 30 records
2026-08-15 02:32:03.843 | INFO     | scraper.proxy_manager:_health_check:95 - Proxy health check passed: http://35jovid14xin:***@45.3.36.87:3129 -> 45.3.36.87
2026-08-15 02:32:08.737 | INFO     | scraper.tasks:scrape_company:64 - [tofler] Scraping company: https://www.tofler.in/ett-limited/company/L22122DL1993PLC123728
2026-08-15 02:32:09.269 | INFO     | scraper.proxy_manager:_health_check:95 - Proxy health check passed: http://35jovid14xin:***@104.207.38.58:3129 -> 104.207.38.58
2026-08-15 02:32:09.278 | INFO     | scraper.tasks:scrape_company:64 - [tofler] Scraping company: https://www.tofler.in/kairosoft-ai-solutions-limited/company/L22209DL1982PLC256291
2026-08-15 02:32:09.285 | INFO     | scraper.tasks:scrape_company:64 - [tofler] Scraping company: https://www.tofler.in/s-chand-and-company-limited/company/L22219DL1970PLC005400
2026-08-15 02:32:09.291 | INFO     | scraper.tasks:scrape_company:64 - [tofler] Scraping company: https://www.tofler.in/shree-jagdambe-paper-mills-ltd/company/L22219DL1980PLC167850
2026-08-15 02:32:10.100 | INFO     | scraper.proxy_manager:_health_check:95 - Proxy health check passed: http://35jovid14xin:***@216.26.242.32:3129 -> 216.26.242.32
2026-08-15 02:32:10.109 | INFO     | scraper.tasks:scrape_company:64 - [tofler] Scraping company: https://www.tofler.in/coral-newsprints-limited/company/L22219DL1992PLC048398
2026-08-15 02:32:10.604 | INFO     | scraper.proxy_manager:_health_check:95 - Proxy health check passed: http://35jovid14xin:***@216.26.236.12:3129 -> 216.26.236.12
2026-08-15 02:32:10.615 | INFO     | scraper.tasks:scrape_company:64 - [tofler] Scraping company: https://www.tofler.in/creative-graphics-solutions-india-limited/company/L22219DL2014PLC263964
2026-08-15 02:32:11.214 | INFO     | scraper.proxy_manager:_health_check:95 - Proxy health check passed: http://35jovid14xin:***@216.26.232.250:3129 -> 216.26.232.250
2026-08-15 02:32:16.653 | INFO     | scraper.tasks:scrape_company:64 - [tofler] Scraping company: https://www.tofler.in/maxposure-limited/company/L22229DL2006PLC152087
2026-08-15 02:32:16.887 | INFO     | scraper.tasks:scrape_company:64 - [tofler] Scraping company: https://www.tofler.in/indraprastha-gas-limited/company/L23201DL1998PLC097614
2026-08-15 02:32:17.127 | INFO     | scraper.tasks:scrape_company:64 - [tofler] Scraping company: https://www.tofler.in/salasar-techno-engineering-limited/company/L23201DL2001PLC174076
2026-08-15 02:32:17.570 | INFO     | scraper.proxy_manager:_health_check:95 - Proxy health check passed: http://35jovid14xin:***@209.50.174.1:3129 -> 209.50.174.1
2026-08-15 02:32:17.673 | INFO     | scraper.tasks:scrape_company:64 - [tofler] Scraping company: https://www.tofler.in/sanco-industries-limited/company/L24100DL1989PLC035549
2026-08-15 02:32:17.723 | INFO     | scraper.tasks:scrape_company:64 - [tofler] Scraping company: https://www.tofler.in/fabino-life-sciences-limited/company/L24100DL2011PLC226781
2026-08-15 02:32:18.866 | WARNING  | scraper.fetcher:fetch_page:89 - Proxy connection error, marking bad immediately: http://35jovid14xin:***@104.207.39.67:3129
2026-08-15 02:32:18.869 | WARNING  | scraper.proxy_manager:mark_bad:110 - Proxy marked bad, cooling down 300s: http://35jovid14xin:***@104.207.39.67:3129
2026-08-15 02:32:19.821 | INFO     | scraper.tasks:scrape_company:64 - [tofler] Scraping company: https://www.tofler.in/shreekant-chemical-industries-limited/company/L24119DL1981PLC040762
2026-08-15 02:32:21.809 | INFO     | scraper.tasks:scrape_company:64 - [tofler] Scraping company: https://www.tofler.in/galore-prints-industries-limited/company/L24119DL1988PLC031866
2026-08-15 02:32:22.322 | INFO     | scraper.proxy_manager:_health_check:95 - Proxy health check passed: http://35jovid14xin:***@45.3.42.206:3129 -> 45.3.42.206
2026-08-15 02:32:22.386 | INFO     | scraper.tasks:scrape_company:64 - [tofler] Scraping company: https://www.tofler.in/bharat-rasayan-limited/company/L24119DL1989PLC036264
2026-08-15 02:32:23.407 | INFO     | scraper.tasks:scrape_company:64 - [tofler] Scraping company: https://www.tofler.in/hpc-biosciences-limited/company/L24119DL2002PLC114026
2026-08-15 02:32:23.584 | INFO     | scraper.tasks:scrape_company:64 - [tofler] Scraping company: https://www.tofler.in/florence-investech-limited/company/L24211DL1993PLC254964
2026-08-15 02:32:23.746 | INFO     | scraper.tasks:scrape_company:64 - [tofler] Scraping company: https://www.tofler.in/dhanuka-agritech-limited/company/L24219DL1985PLC020126
2026-08-15 02:32:25.183 | INFO     | scraper.proxy_manager:_health_check:95 - Proxy health check passed: http://35jovid14xin:***@209.50.172.155:3129 -> 209.50.172.155
2026-08-15 02:32:25.980 | INFO     | scraper.tasks:scrape_company:64 - [tofler] Scraping company: https://www.tofler.in/sirca-paints-india-limited/company/L24219DL2006PLC145092
2026-08-15 02:32:26.424 | INFO     | scraper.proxy_manager:_health_check:95 - Proxy health check passed: http://35jovid14xin:***@65.111.3.206:3129 -> 65.111.3.206
2026-08-15 02:32:27.029 | INFO     | scraper.tasks:scrape_company:64 - [tofler] Scraping company: https://www.tofler.in/dabur-india-limited/company/L24230DL1975PLC007908
2026-08-15 02:32:27.166 | INFO     | scraper.tasks:scrape_company:64 - [tofler] Scraping company: https://www.tofler.in/sterling-webnet-limited/company/L24230DL1995PLC170660
2026-08-15 02:32:30.804 | INFO     | scraper.tasks:scrape_company:64 - [tofler] Scraping company: https://www.tofler.in/indraprastha-medical-corporation-limited/company/L24232DL1988PLC030958
2026-08-15 02:32:31.351 | INFO     | scraper.proxy_manager:_health_check:95 - Proxy health check passed: http://35jovid14xin:***@45.3.53.10:3129 -> 45.3.53.10
2026-08-15 02:32:31.470 | INFO     | scraper.tasks:scrape_company:64 - [tofler] Scraping company: https://www.tofler.in/welcure-drugs-and-pharmaceuticals-limited/company/L24232DL1996PLC227773
2026-08-15 02:32:31.965 | INFO     | scraper.proxy_manager:_health_check:95 - Proxy health check passed: http://35jovid14xin:***@209.50.187.242:3129 -> 209.50.187.242
2026-08-15 02:32:32.063 | INFO     | scraper.tasks:scrape_company:64 - [tofler] Scraping company: https://www.tofler.in/safal-herbs-limited/company/L24233DL1994PLC290133
2026-08-15 02:32:32.763 | INFO     | scraper.proxy_manager:_health_check:95 - Proxy health check passed: http://35jovid14xin:***@45.3.52.9:3129 -> 45.3.52.9
2026-08-15 02:32:32.824 | INFO     | scraper.tasks:scrape_company:64 - [tofler] Scraping company: https://www.tofler.in/ram-minerals-and-chemicals-limited/company/L24233DL2011PLC282949
2026-08-15 02:32:32.863 | INFO     | scraper.tasks:scrape_company:64 - [tofler] Scraping company: https://www.tofler.in/twenty-first-century-medicare-limited/company/L24239DL1985PLC022113
2026-08-15 02:32:33.382 | INFO     | scraper.proxy_manager:_health_check:95 - Proxy health check passed: http://35jovid14xin:***@216.26.244.197:3129 -> 216.26.244.197
2026-08-15 02:32:33.503 | INFO     | scraper.tasks:scrape_company:64 - [tofler] Scraping company: https://www.tofler.in/anmol-drugs-and-pharmaceuticals-limited/company/L24239DL1986PLC025187
2026-08-15 02:32:33.983 | INFO     | scraper.proxy_manager:_health_check:95 - Proxy health check passed: http://35jovid14xin:***@65.111.6.147:3129 -> 65.111.6.147
2026-08-15 02:32:38.217 | INFO     | scraper.tasks:scrape_company:64 - [tofler] Scraping company: https://www.tofler.in/akums-drugs-and-pharmaceuticals-limited/company/L24239DL2004PLC125888
2026-08-15 02:32:38.477 | INFO     | scraper.tasks:scrape_company:64 - [tofler] Scraping company: https://www.tofler.in/sunil-healthcare-limited/company/L24302DL1973PLC189662
2026-08-15 02:32:38.637 | INFO     | scraper.tasks:scrape_company:64 - [tofler] Scraping company: https://www.tofler.in/jasch-industries-limited/company/L24302DL1985PLC383771
2026-08-15 02:32:39.090 | INFO     | scraper.proxy_manager:_health_check:95 - Proxy health check passed: http://35jovid14xin:***@65.111.1.107:3129 -> 65.111.1.107
2026-08-15 02:32:39.618 | INFO     | scraper.tasks:scrape_company:64 - [tofler] Scraping company: https://www.tofler.in/jain-tube-company-limited/company/L25111DL1964PLC004235
2026-08-15 02:32:40.070 | INFO     | scraper.proxy_manager:_health_check:95 - Proxy health check passed: http://35jovid14xin:***@104.207.33.43:3129 -> 104.207.33.43
2026-08-15 02:32:45.418 | INFO     | scraper.tasks:_scrape_target:81 - [tofler] page 3: 30 records
2026-08-15 02:32:45.927 | INFO     | scraper.proxy_manager:_health_check:95 - Proxy health check passed: http://35jovid14xin:***@45.3.50.50:3129 -> 45.3.50.50
2026-08-15 02:32:51.291 | INFO     | scraper.tasks:scrape_company:64 - [tofler] Scraping company: https://www.tofler.in/vikas-lifecare-limited/company/L25111DL1995PLC073719
2026-08-15 02:32:51.295 | INFO     | scraper.tasks:scrape_company:64 - [tofler] Scraping company: https://www.tofler.in/cosco-india-limited/company/L25199DL1980PLC010173
2026-08-15 02:32:51.850 | INFO     | scraper.proxy_manager:_health_check:95 - Proxy health check passed: http://35jovid14xin:***@104.207.59.113:3129 -> 104.207.59.113
2026-08-15 02:32:51.859 | INFO     | scraper.tasks:scrape_company:64 - [tofler] Scraping company: https://www.tofler.in/a-g-universal-limited/company/L25200DL2008PLC178400
2026-08-15 02:32:52.367 | INFO     | scraper.proxy_manager:_health_check:95 - Proxy health check passed: http://35jovid14xin:***@216.26.255.49:3129 -> 216.26.255.49
2026-08-15 02:32:52.377 | INFO     | scraper.tasks:scrape_company:64 - [tofler] Scraping company: https://www.tofler.in/padmini-technologies-limited/company/L25202DL1990PLC039395
2026-08-15 02:32:52.890 | INFO     | scraper.proxy_manager:_health_check:95 - Proxy health check passed: http://35jovid14xin:***@209.50.161.239:3129 -> 209.50.161.239
2026-08-15 02:32:52.898 | INFO     | scraper.tasks:scrape_company:64 - [tofler] Scraping company: https://www.tofler.in/pearl-polymers-limited/company/L25209DL1971PLC005535
2026-08-15 02:32:52.905 | INFO     | scraper.tasks:scrape_company:64 - [tofler] Scraping company: https://www.tofler.in/premier-polyfilm-limited/company/L25209DL1992PLC049590
2026-08-15 02:32:57.121 | INFO     | scraper.tasks:scrape_company:64 - [tofler] Scraping company: https://www.tofler.in/asahi-india-glass-limited/company/L26102DL1984PLC019542
2026-08-15 02:32:57.293 | INFO     | scraper.tasks:scrape_company:64 - [tofler] Scraping company: https://www.tofler.in/bcl-enterprises-limited/company/L26102DL1985PLC021467
2026-08-15 02:32:57.520 | INFO     | scraper.tasks:scrape_company:64 - [tofler] Scraping company: https://www.tofler.in/sahasra-electronic-solutions-limited/company/L26202DL2023PLC410521
2026-08-15 02:32:58.908 | INFO     | scraper.tasks:scrape_company:64 - [tofler] Scraping company: https://www.tofler.in/rrp-defense-limited/company/L26515DL1981PLC012621
2026-08-15 02:32:58.990 | INFO     | scraper.tasks:scrape_company:64 - [tofler] Scraping company: https://www.tofler.in/powerful-technologies-limited/company/L26900DL2015PLC277265
2026-08-15 02:32:59.029 | INFO     | scraper.tasks:scrape_company:64 - [tofler] Scraping company: https://www.tofler.in/sainik-finance-and-industries-limited/company/L26912DL1991PLC045449
2026-08-15 02:33:01.521 | INFO     | scraper.tasks:scrape_company:64 - [tofler] Scraping company: https://www.tofler.in/ccl-international-limited/company/L26940DL1991PLC044520
2026-08-15 02:33:02.044 | INFO     | scraper.proxy_manager:_health_check:95 - Proxy health check passed: http://35jovid14xin:***@195.63.31.72:3129 -> 195.63.31.72
2026-08-15 02:33:02.973 | INFO     | scraper.tasks:scrape_company:64 - [tofler] Scraping company: https://www.tofler.in/rcc-cements-limited/company/L26942DL1991PLC043776
2026-08-15 02:33:03.469 | INFO     | scraper.proxy_manager:_health_check:95 - Proxy health check passed: http://35jovid14xin:***@216.26.234.21:3129 -> 216.26.234.21
2026-08-15 02:33:04.195 | INFO     | scraper.tasks:scrape_company:64 - [tofler] Scraping company: https://www.tofler.in/kalyani-cast-tech-limited/company/L26990DL2012PLC242760
2026-08-15 02:33:04.391 | INFO     | scraper.tasks:scrape_company:64 - [tofler] Scraping company: https://www.tofler.in/obsc-perfection-limited/company/L27100DL2017PLC314606
2026-08-15 02:33:14.401 | WARNING  | scraper.proxy_manager:_health_check:99 - Proxy health check failed: http://35jovid14xin:***@151.123.178.84:3129 - HTTPConnectionPool(host='151.123.178.84', port=3129): Max retries exceeded with url: http://httpbin.org/ip (Caused by ConnectTimeoutError(<urllib3.connection.HTTPConnection object at 0x1097957c0>, 'Connection to 151.123.178.84 timed out. (connect timeout=10)'))
2026-08-15 02:33:14.936 | INFO     | scraper.proxy_manager:_health_check:95 - Proxy health check passed: http://35jovid14xin:***@104.207.63.18:3129 -> 104.207.63.18
2026-08-15 02:33:15.049 | INFO     | scraper.tasks:scrape_company:64 - [tofler] Scraping company: https://www.tofler.in/niraj-ispat-industries-limited/company/L27106DL1985PLC021811
2026-08-15 02:33:15.642 | INFO     | scraper.tasks:scrape_company:64 - [tofler] Scraping company: https://www.tofler.in/hindustan-tin-works-limited/company/L27109DL1958PLC003006
2026-08-15 02:33:15.717 | INFO     | scraper.tasks:scrape_company:64 - [tofler] Scraping company: https://www.tofler.in/rathi-steel-and-power-limited/company/L27109DL1971PLC005905
2026-08-15 02:33:15.781 | INFO     | scraper.tasks:scrape_company:64 - [tofler] Scraping company: https://www.tofler.in/steel-authority-of-india-limited/company/L27109DL1973GOI006454
2026-08-15 02:33:16.687 | INFO     | scraper.tasks:scrape_company:64 - [tofler] Scraping company: https://www.tofler.in/bihariji-ispat-udyog-limited/company/L27109DL1974PLC007047
2026-08-15 02:33:19.250 | INFO     | scraper.tasks:scrape_company:64 - [tofler] Scraping company: https://www.tofler.in/quod-ispat-limited/company/L27109DL1985PLC021183
2026-08-15 02:33:19.840 | INFO     | scraper.tasks:scrape_company:64 - [tofler] Scraping company: https://www.tofler.in/novex-commercials-limited/company/L27109DL1985PLC021428
2026-08-15 02:33:19.961 | INFO     | scraper.tasks:scrape_company:64 - [tofler] Scraping company: https://www.tofler.in/mbl-infrastructure-limited/company/L27109DL1995PLC338407
2026-08-15 02:33:20.475 | INFO     | scraper.proxy_manager:_health_check:95 - Proxy health check passed: http://35jovid14xin:***@209.50.186.136:3129 -> 209.50.186.136
2026-08-15 02:33:20.652 | INFO     | scraper.tasks:scrape_company:64 - [tofler] Scraping company: https://www.tofler.in/gallantt-ispat-limited/company/L27109DL2005PLC350524
2026-08-15 02:33:20.743 | INFO     | scraper.tasks:scrape_company:64 - [tofler] Scraping company: https://www.tofler.in/shriniwas-steel-limited/company/L27189DL1987PLC028846
2026-08-15 02:33:21.234 | INFO     | scraper.proxy_manager:_health_check:95 - Proxy health check passed: http://35jovid14xin:***@216.26.251.174:3129 -> 216.26.251.174
2026-08-15 02:33:21.326 | INFO     | scraper.tasks:scrape_company:64 - [tofler] Scraping company: https://www.tofler.in/rama-steel-tubes-limited/company/L27201DL1974PLC007114
2026-08-15 02:33:24.788 | INFO     | scraper.tasks:scrape_company:64 - [tofler] Scraping company: https://www.tofler.in/hi-tech-pipes-ltd/company/L27202DL1985PLC019750
2026-08-15 02:33:26.298 | INFO     | scraper.proxy_manager:_health_check:95 - Proxy health check passed: http://35jovid14xin:***@216.26.249.142:3129 -> 216.26.249.142
2026-08-15 02:33:27.016 | INFO     | scraper.tasks:scrape_company:64 - [tofler] Scraping company: https://www.tofler.in/aravali-industries-limited/company/L27209DL1984PLC017816
2026-08-15 02:33:27.463 | INFO     | scraper.proxy_manager:_health_check:95 - Proxy health check passed: http://35jovid14xin:***@45.3.36.70:3129 -> 45.3.36.70
2026-08-15 02:33:27.573 | INFO     | scraper.tasks:scrape_company:64 - [tofler] Scraping company: https://www.tofler.in/mfs-intercorp-limited/company/L27209DL1986PLC254555
2026-08-15 02:33:32.841 | INFO     | scraper.tasks:_scrape_target:81 - [tofler] page 4: 30 records
2026-08-15 02:33:32.901 | INFO     | scraper.browser:stop:48 - Browser closed
2026-08-15 02:37:22.831 | INFO     | scraper.browser:start:41 - Browser launched
2026-08-15 02:37:23.392 | INFO     | scraper.proxy_manager:_health_check:95 - Proxy health check passed: http://35jovid14xin:***@216.26.234.21:3129 -> 216.26.234.21
2026-08-15 02:37:29.053 | INFO     | scraper.tasks:scrape_company:64 - [tofler] Scraping company: https://www.tofler.in/omansh-enterprises-limited/company/L01100DL1974PLC241646
2026-08-15 02:37:29.584 | INFO     | scraper.proxy_manager:_health_check:95 - Proxy health check passed: http://35jovid14xin:***@45.3.42.206:3129 -> 45.3.42.206
2026-08-15 02:37:29.594 | INFO     | scraper.tasks:scrape_company:64 - [tofler] Scraping company: https://www.tofler.in/pajson-agro-india-limited/company/L01100DL2021PLC386740
2026-08-15 02:37:30.499 | INFO     | scraper.proxy_manager:_health_check:95 - Proxy health check passed: http://35jovid14xin:***@209.50.172.155:3129 -> 209.50.172.155
2026-08-15 02:37:30.507 | INFO     | scraper.tasks:scrape_company:64 - [tofler] Scraping company: https://www.tofler.in/continental-seeds-and-chemicals-limited/company/L01111DL1983PLC015969
2026-08-15 02:37:30.957 | INFO     | scraper.proxy_manager:_health_check:95 - Proxy health check passed: http://35jovid14xin:***@45.3.36.10:3129 -> 45.3.36.10
2026-08-15 02:37:30.962 | INFO     | scraper.tasks:scrape_company:64 - [tofler] Scraping company: https://www.tofler.in/semaya-limited/company/L01111DL1985PLC021268
2026-08-15 02:37:31.479 | INFO     | scraper.proxy_manager:_health_check:95 - Proxy health check passed: http://35jovid14xin:***@65.111.30.48:3129 -> 65.111.30.48
2026-08-15 02:37:31.489 | INFO     | scraper.tasks:scrape_company:64 - [tofler] Scraping company: https://www.tofler.in/krbl-limited/company/L01111DL1993PLC052845
2026-08-15 02:37:32.038 | INFO     | scraper.proxy_manager:_health_check:95 - Proxy health check passed: http://35jovid14xin:***@104.167.25.127:3129 -> 104.167.25.127
2026-08-15 02:37:32.047 | INFO     | scraper.tasks:scrape_company:64 - [tofler] Scraping company: https://www.tofler.in/dr-m-induscorp-limited/company/L01119DL1986PLC023698
2026-08-15 02:37:32.576 | INFO     | scraper.proxy_manager:_health_check:95 - Proxy health check passed: http://35jovid14xin:***@216.26.248.81:3129 -> 216.26.248.81
2026-08-15 02:37:36.885 | INFO     | scraper.tasks:scrape_company:64 - [tofler] Scraping company: https://www.tofler.in/hindustan-agrigentics-limited/company/L01119DL1990PLC040979
2026-08-15 02:37:37.319 | INFO     | scraper.proxy_manager:_health_check:95 - Proxy health check passed: http://35jovid14xin:***@209.50.168.70:3129 -> 209.50.168.70
2026-08-15 02:37:37.387 | INFO     | scraper.tasks:scrape_company:64 - [tofler] Scraping company: https://www.tofler.in/aayush-wellness-limited/company/L01122DL1984PLC018307
2026-08-15 02:37:37.437 | INFO     | scraper.tasks:scrape_company:64 - [tofler] Scraping company: https://www.tofler.in/sc-agrotech-limited/company/L01122DL1990PLC042207
2026-08-15 02:37:37.919 | INFO     | scraper.proxy_manager:_health_check:95 - Proxy health check passed: http://35jovid14xin:***@209.50.177.237:3129 -> 209.50.177.237
2026-08-15 02:37:38.236 | INFO     | scraper.tasks:scrape_company:64 - [tofler] Scraping company: https://www.tofler.in/shivamshree-businesses-limited/company/L01403DL1983PLC015704
2026-08-15 02:37:38.682 | INFO     | scraper.proxy_manager:_health_check:95 - Proxy health check passed: http://35jovid14xin:***@65.111.2.54:3129 -> 65.111.2.54
2026-08-15 02:37:38.769 | INFO     | scraper.tasks:scrape_company:64 - [tofler] Scraping company: https://www.tofler.in/fratelli-vineyards-limited/company/L11020DL2009PLC186397
2026-08-15 02:37:39.282 | INFO     | scraper.proxy_manager:_health_check:95 - Proxy health check passed: http://35jovid14xin:***@209.50.183.137:3129 -> 209.50.183.137
2026-08-15 02:37:39.352 | INFO     | scraper.tasks:scrape_company:64 - [tofler] Scraping company: https://www.tofler.in/landmark-property-development-company-limited/company/L13100DL1976PLC188942
2026-08-15 02:37:40.116 | INFO     | scraper.proxy_manager:_health_check:95 - Proxy health check passed: http://35jovid14xin:***@209.50.175.129:3129 -> 209.50.175.129
2026-08-15 02:37:41.814 | INFO     | scraper.tasks:scrape_company:64 - [tofler] Scraping company: https://www.tofler.in/spl-industries-limited/company/L13139DL1991PLC062744
2026-08-15 02:37:42.331 | INFO     | scraper.proxy_manager:_health_check:95 - Proxy health check passed: http://35jovid14xin:***@45.3.47.200:3129 -> 45.3.47.200
2026-08-15 02:37:43.182 | INFO     | scraper.tasks:scrape_company:64 - [tofler] Scraping company: https://www.tofler.in/sajjan-commercial-enterprises-ltd/company/L13203DL1985PLC021536
2026-08-15 02:37:43.636 | INFO     | scraper.tasks:scrape_company:64 - [tofler] Scraping company: https://www.tofler.in/hoac-foods-india-limited/company/L15120DL2018PLC330739
2026-08-15 02:37:43.907 | WARNING  | scraper.fetcher:fetch_page:89 - Proxy connection error, marking bad immediately: http://35jovid14xin:***@209.50.183.137:3129
2026-08-15 02:37:43.909 | WARNING  | scraper.proxy_manager:mark_bad:110 - Proxy marked bad, cooling down 300s: http://35jovid14xin:***@209.50.183.137:3129
2026-08-15 02:37:44.237 | INFO     | scraper.tasks:scrape_company:64 - [tofler] Scraping company: https://www.tofler.in/devyani-international-limited/company/L15135DL1991PLC046758
2026-08-15 02:37:44.688 | INFO     | scraper.proxy_manager:_health_check:95 - Proxy health check passed: http://35jovid14xin:***@65.111.5.3:3129 -> 65.111.5.3
2026-08-15 02:37:46.366 | WARNING  | scraper.proxy_manager:_health_check:99 - Proxy health check failed: http://35jovid14xin:***@65.111.4.104:3129 - 429 Client Error: Not Enough Connections for url: http://httpbin.org/ip
2026-08-15 02:37:46.803 | WARNING  | scraper.proxy_manager:_health_check:99 - Proxy health check failed: http://35jovid14xin:***@209.50.174.1:3129 - 429 Client Error: Not Enough Connections for url: http://httpbin.org/ip
2026-08-15 02:37:47.322 | INFO     | scraper.proxy_manager:_health_check:95 - Proxy health check passed: http://35jovid14xin:***@195.63.31.72:3129 -> 195.63.31.72
2026-08-15 02:37:47.430 | INFO     | scraper.tasks:scrape_company:64 - [tofler] Scraping company: https://www.tofler.in/modi-naturals-limited/company/L15142DL1974PLC007349
2026-08-15 02:37:48.755 | WARNING  | scraper.proxy_manager:_health_check:99 - Proxy health check failed: http://35jovid14xin:***@104.207.53.148:3129 - 429 Client Error: Not Enough Connections for url: http://httpbin.org/ip
2026-08-15 02:37:49.302 | INFO     | scraper.proxy_manager:_health_check:95 - Proxy health check passed: http://35jovid14xin:***@209.50.184.140:3129 -> 209.50.184.140
2026-08-15 02:37:49.391 | INFO     | scraper.tasks:scrape_company:64 - [tofler] Scraping company: https://www.tofler.in/reliance-infotek-limited/company/L15142DL1987PLC029899
2026-08-15 02:37:49.832 | INFO     | scraper.proxy_manager:_health_check:95 - Proxy health check passed: http://35jovid14xin:***@209.50.170.112:3129 -> 209.50.170.112
2026-08-15 02:37:49.914 | INFO     | scraper.tasks:scrape_company:64 - [tofler] Scraping company: https://www.tofler.in/tarai-foods-limited/company/L15142DL1990PLC039291
2026-08-15 02:37:50.357 | INFO     | scraper.proxy_manager:_health_check:95 - Proxy health check passed: http://35jovid14xin:***@104.207.39.67:3129 -> 104.207.39.67
2026-08-15 02:37:50.467 | INFO     | scraper.tasks:scrape_company:64 - [tofler] Scraping company: https://www.tofler.in/superior-industrial-enterprises-limited/company/L15142DL1991PLC046469
2026-08-15 02:37:50.518 | INFO     | scraper.tasks:scrape_company:64 - [tofler] Scraping company: https://www.tofler.in/nestle-india-limited/company/L15202DL1959PLC003786
2026-08-15 02:37:51.009 | INFO     | scraper.proxy_manager:_health_check:95 - Proxy health check passed: http://35jovid14xin:***@104.207.48.237:3129 -> 104.207.48.237
2026-08-15 02:37:55.205 | INFO     | scraper.tasks:scrape_company:64 - [tofler] Scraping company: https://www.tofler.in/mahavira-foods-limited/company/L15310DL1988PLC033651
2026-08-15 02:37:55.649 | WARNING  | scraper.proxy_manager:_health_check:99 - Proxy health check failed: http://35jovid14xin:***@104.207.38.58:3129 - 429 Client Error: Not Enough Connections for url: http://httpbin.org/ip
2026-08-15 02:37:56.140 | INFO     | scraper.proxy_manager:_health_check:95 - Proxy health check passed: http://35jovid14xin:***@45.3.37.13:3129 -> 45.3.37.13
2026-08-15 02:37:56.226 | INFO     | scraper.tasks:scrape_company:64 - [tofler] Scraping company: https://www.tofler.in/kumar-food-industries-limited/company/L15310DL1991PLC043456
2026-08-15 02:37:56.274 | INFO     | scraper.tasks:scrape_company:64 - [tofler] Scraping company: https://www.tofler.in/focus-industrial-resources-limited/company/L15319DL1985PLC021348
2026-08-15 02:37:56.783 | INFO     | scraper.proxy_manager:_health_check:95 - Proxy health check passed: http://35jovid14xin:***@151.123.176.200:3129 -> 151.123.176.200
2026-08-15 02:37:56.896 | INFO     | scraper.tasks:scrape_company:64 - [tofler] Scraping company: https://www.tofler.in/mahaan-foods-limited/company/L15419DL1987PLC350285
2026-08-15 02:37:57.386 | INFO     | scraper.proxy_manager:_health_check:95 - Proxy health check passed: http://35jovid14xin:***@216.26.251.174:3129 -> 216.26.251.174
2026-08-15 02:37:57.482 | INFO     | scraper.tasks:scrape_company:64 - [tofler] Scraping company: https://www.tofler.in/visisth-chay-vyapar-limited/company/L15491DL1985PLC019848
2026-08-15 02:37:57.553 | INFO     | scraper.tasks:scrape_company:64 - [tofler] Scraping company: https://www.tofler.in/regent-enterprises-limited/company/L15500DL1994PLC153183
2026-08-15 02:38:01.387 | INFO     | scraper.tasks:scrape_company:64 - [tofler] Scraping company: https://www.tofler.in/lacy-limited/company/L15511DL1985PLC021272
2026-08-15 02:38:01.879 | INFO     | scraper.proxy_manager:_health_check:95 - Proxy health check passed: http://35jovid14xin:***@216.26.242.32:3129 -> 216.26.242.32
2026-08-15 02:38:01.950 | INFO     | scraper.tasks:scrape_company:64 - [tofler] Scraping company: https://www.tofler.in/hindustan-breweries-and-bottling-limited/company/L15549DL1909PLC005478
2026-08-15 02:38:02.452 | INFO     | scraper.proxy_manager:_health_check:95 - Proxy health check passed: http://35jovid14xin:***@45.3.52.9:3129 -> 45.3.52.9
2026-08-15 02:38:03.085 | INFO     | scraper.tasks:scrape_company:64 - [tofler] Scraping company: https://www.tofler.in/john-oakey-and-mohan-limited/company/L15549DL1962PLC003726
2026-08-15 02:38:03.618 | INFO     | scraper.proxy_manager:_health_check:95 - Proxy health check passed: http://35jovid14xin:***@209.50.190.159:3129 -> 209.50.190.159
2026-08-15 02:38:08.085 | INFO     | scraper.tasks:_scrape_target:81 - [tofler] page 1: 30 records
2026-08-15 02:38:11.836 | INFO     | scraper.tasks:scrape_company:64 - [tofler] Scraping company: https://www.tofler.in/elitecon-international-limited/company/L16000DL1987PLC396234
2026-08-15 02:38:11.840 | INFO     | scraper.tasks:scrape_company:64 - [tofler] Scraping company: https://www.tofler.in/srm-energy-limited/company/L17100DL1985PLC303047
2026-08-15 02:38:12.586 | INFO     | scraper.proxy_manager:_health_check:95 - Proxy health check passed: http://35jovid14xin:***@209.50.181.214:3129 -> 209.50.181.214
2026-08-15 02:38:12.597 | INFO     | scraper.tasks:scrape_company:64 - [tofler] Scraping company: https://www.tofler.in/sidhartha-super-spinning-mills-limited/company/L17111DL1980PLC010814
2026-08-15 02:38:12.607 | INFO     | scraper.tasks:scrape_company:64 - [tofler] Scraping company: https://www.tofler.in/unifinz-capital-india-limited/company/L17111DL1982PLC013790
2026-08-15 02:38:13.100 | INFO     | scraper.proxy_manager:_health_check:95 - Proxy health check passed: http://35jovid14xin:***@45.3.48.207:3129 -> 45.3.48.207
2026-08-15 02:38:13.110 | INFO     | scraper.tasks:scrape_company:64 - [tofler] Scraping company: https://www.tofler.in/fiber-plus-industries-limited/company/L17120DL1984PLC018729
2026-08-15 02:38:13.917 | INFO     | scraper.proxy_manager:_health_check:95 - Proxy health check passed: http://35jovid14xin:***@209.50.163.24:3129 -> 209.50.163.24
2026-08-15 02:38:13.926 | INFO     | scraper.tasks:scrape_company:64 - [tofler] Scraping company: https://www.tofler.in/lorenzini-apparels-limited/company/L17120DL2007PLC163192
2026-08-15 02:38:14.737 | INFO     | scraper.proxy_manager:_health_check:95 - Proxy health check passed: http://35jovid14xin:***@216.26.228.103:3129 -> 216.26.228.103
2026-08-15 02:38:19.009 | INFO     | scraper.tasks:scrape_company:64 - [tofler] Scraping company: https://www.tofler.in/aplaya-creations-limited/company/L17122DL1996PLC332121
2026-08-15 02:38:19.496 | INFO     | scraper.proxy_manager:_health_check:95 - Proxy health check passed: http://35jovid14xin:***@104.207.59.0:3129 -> 104.207.59.0
2026-08-15 02:38:20.357 | INFO     | scraper.tasks:scrape_company:64 - [tofler] Scraping company: https://www.tofler.in/n-k-textile-industries-ltd/company/L17299DL1983PLC163230
2026-08-15 02:38:20.426 | INFO     | scraper.tasks:scrape_company:64 - [tofler] Scraping company: https://www.tofler.in/sru-steels-limited/company/L17300DL1995PLC107286
2026-08-15 02:38:21.022 | INFO     | scraper.proxy_manager:_health_check:95 - Proxy health check passed: http://35jovid14xin:***@216.26.253.54:3129 -> 216.26.253.54
2026-08-15 02:38:21.116 | INFO     | scraper.tasks:scrape_company:64 - [tofler] Scraping company: https://www.tofler.in/dcm-nouvelle-limited/company/L17309DL2016PLC307204
2026-08-15 02:38:21.607 | INFO     | scraper.proxy_manager:_health_check:95 - Proxy health check passed: http://35jovid14xin:***@216.26.233.75:3129 -> 216.26.233.75
2026-08-15 02:38:21.700 | INFO     | scraper.tasks:scrape_company:64 - [tofler] Scraping company: https://www.tofler.in/a-f-enterprises-limited/company/L18100DL1983PLC016354
2026-08-15 02:38:22.147 | INFO     | scraper.proxy_manager:_health_check:95 - Proxy health check passed: http://35jovid14xin:***@209.50.161.239:3129 -> 209.50.161.239
2026-08-15 02:38:22.210 | INFO     | scraper.tasks:scrape_company:64 - [tofler] Scraping company: https://www.tofler.in/srf-limited/company/L18101DL1970PLC005197
2026-08-15 02:38:24.619 | INFO     | scraper.tasks:scrape_company:64 - [tofler] Scraping company: https://www.tofler.in/arth-udyog-limited/company/L18101DL1971PLC028813
2026-08-15 02:38:25.589 | WARNING  | scraper.fetcher:fetch_page:89 - Proxy connection error, marking bad immediately: http://35jovid14xin:***@209.50.163.24:3129
2026-08-15 02:38:25.590 | WARNING  | scraper.proxy_manager:mark_bad:110 - Proxy marked bad, cooling down 300s: http://35jovid14xin:***@209.50.163.24:3129
2026-08-15 02:38:26.077 | INFO     | scraper.tasks:scrape_company:64 - [tofler] Scraping company: https://www.tofler.in/t-t-limited/company/L18101DL1978PLC009241
2026-08-15 02:38:28.114 | INFO     | scraper.proxy_manager:_health_check:95 - Proxy health check passed: http://35jovid14xin:***@216.26.252.138:3129 -> 216.26.252.138
2026-08-15 02:38:28.656 | INFO     | scraper.tasks:scrape_company:64 - [tofler] Scraping company: https://www.tofler.in/mayfair-fabrics-limited/company/L18101DL1983PLC027286
2026-08-15 02:38:29.796 | INFO     | scraper.tasks:scrape_company:64 - [tofler] Scraping company: https://www.tofler.in/paloma-knitwear-international-limited/company/L18101DL1984PLC019544
2026-08-15 02:38:30.844 | INFO     | scraper.tasks:scrape_company:64 - [tofler] Scraping company: https://www.tofler.in/riba-textiles-limited/company/L18101DL1989PLC034528
2026-08-15 02:38:31.285 | INFO     | scraper.proxy_manager:_health_check:95 - Proxy health check passed: http://35jovid14xin:***@209.50.169.126:3129 -> 209.50.169.126
2026-08-15 02:38:31.451 | INFO     | scraper.tasks:scrape_company:64 - [tofler] Scraping company: https://www.tofler.in/regal-enterprises-ltd/company/L18101DL1989PLC269075
2026-08-15 02:38:33.761 | WARNING  | scraper.proxy_manager:_health_check:99 - Proxy health check failed: http://35jovid14xin:***@151.123.178.84:3129 - 429 Client Error: Not Enough Connections for url: http://httpbin.org/ip
2026-08-15 02:38:33.781 | WARNING  | scraper.fetcher:fetch_page:89 - Proxy connection error, marking bad immediately: http://35jovid14xin:***@216.26.233.75:3129
2026-08-15 02:38:33.783 | WARNING  | scraper.proxy_manager:mark_bad:110 - Proxy marked bad, cooling down 300s: http://35jovid14xin:***@216.26.233.75:3129
2026-08-15 02:38:33.867 | INFO     | scraper.tasks:scrape_company:64 - [tofler] Scraping company: https://www.tofler.in/avsl-industries-limited/company/L18101DL2003PLC121698
2026-08-15 02:38:35.359 | INFO     | scraper.proxy_manager:_health_check:95 - Proxy health check passed: http://35jovid14xin:***@216.26.233.6:3129 -> 216.26.233.6
2026-08-15 02:38:35.430 | INFO     | scraper.tasks:scrape_company:64 - [tofler] Scraping company: https://www.tofler.in/indosolar-limited/company/L18101DL2005PLC134879
2026-08-15 02:38:35.923 | INFO     | scraper.proxy_manager:_health_check:95 - Proxy health check passed: http://35jovid14xin:***@45.3.52.242:3129 -> 45.3.52.242
2026-08-15 02:38:37.622 | INFO     | scraper.tasks:scrape_company:64 - [tofler] Scraping company: https://www.tofler.in/munak-galva-sheets-limited/company/L20765DL1985PLC020765
2026-08-15 02:38:38.110 | INFO     | scraper.proxy_manager:_health_check:95 - Proxy health check passed: http://35jovid14xin:***@216.26.236.12:3129 -> 216.26.236.12
2026-08-15 02:38:40.309 | INFO     | scraper.tasks:scrape_company:64 - [tofler] Scraping company: https://www.tofler.in/shree-krishna-paper-mills-and-industries-ltd/company/L21012DL1972PLC279773
2026-08-15 02:38:43.765 | WARNING  | scraper.proxy_manager:_health_check:99 - Proxy health check failed: http://35jovid14xin:***@216.26.251.151:3129 - 429 Client Error: Not Enough Connections for url: http://httpbin.org/ip
2026-08-15 02:38:44.279 | INFO     | scraper.proxy_manager:_health_check:95 - Proxy health check passed: http://35jovid14xin:***@151.123.176.154:3129 -> 151.123.176.154
2026-08-15 02:38:44.355 | INFO     | scraper.tasks:scrape_company:64 - [tofler] Scraping company: https://www.tofler.in/greenlam-industries-limited/company/L21016DL2013PLC386045
2026-08-15 02:38:44.884 | INFO     | scraper.proxy_manager:_health_check:95 - Proxy health check passed: http://35jovid14xin:***@209.50.183.4:3129 -> 209.50.183.4
2026-08-15 02:38:44.945 | INFO     | scraper.tasks:scrape_company:64 - [tofler] Scraping company: https://www.tofler.in/b-j-duplex-boards-limited/company/L21090DL1995PLC066281
2026-08-15 02:38:45.456 | INFO     | scraper.proxy_manager:_health_check:95 - Proxy health check passed: http://35jovid14xin:***@45.3.36.87:3129 -> 45.3.36.87
2026-08-15 02:38:45.563 | INFO     | scraper.tasks:scrape_company:64 - [tofler] Scraping company: https://www.tofler.in/haryana-coated-papers-limited/company/L21093DL1971PLC005669
2026-08-15 02:38:46.047 | INFO     | scraper.proxy_manager:_health_check:95 - Proxy health check passed: http://35jovid14xin:***@104.207.59.113:3129 -> 104.207.59.113
2026-08-15 02:38:46.142 | INFO     | scraper.tasks:scrape_company:64 - [tofler] Scraping company: https://www.tofler.in/polymer-papers-limited/company/L21093DL1974PLC007495
2026-08-15 02:38:46.813 | INFO     | scraper.proxy_manager:_health_check:95 - Proxy health check passed: http://35jovid14xin:***@216.26.244.72:3129 -> 216.26.244.72
2026-08-15 02:38:48.281 | INFO     | scraper.tasks:scrape_company:64 - [tofler] Scraping company: https://www.tofler.in/magnum-ventures-limited/company/L21093DL1980PLC010492
2026-08-15 02:38:48.729 | INFO     | scraper.proxy_manager:_health_check:95 - Proxy health check passed: http://35jovid14xin:***@104.167.25.196:3129 -> 104.167.25.196
2026-08-15 02:38:50.582 | INFO     | scraper.tasks:scrape_company:64 - [tofler] Scraping company: https://www.tofler.in/mohit-paper-mills-limited/company/L21093DL1992PLC116600
2026-08-15 02:38:51.246 | INFO     | scraper.tasks:scrape_company:64 - [tofler] Scraping company: https://www.tofler.in/buy-right-impex-limited/company/L22100DL1983PLC314401
2026-08-15 02:38:51.585 | INFO     | scraper.tasks:scrape_company:64 - [tofler] Scraping company: https://www.tofler.in/ht-media-limited/company/L22121DL2002PLC117874
2026-08-15 02:38:52.034 | INFO     | scraper.proxy_manager:_health_check:95 - Proxy health check passed: http://35jovid14xin:***@104.207.36.145:3129 -> 104.207.36.145
2026-08-15 02:38:59.638 | INFO     | scraper.tasks:_scrape_target:81 - [tofler] page 2: 30 records
2026-08-15 02:39:05.232 | INFO     | scraper.tasks:scrape_company:64 - [tofler] Scraping company: https://www.tofler.in/ett-limited/company/L22122DL1993PLC123728
2026-08-15 02:39:05.687 | INFO     | scraper.proxy_manager:_health_check:95 - Proxy health check passed: http://35jovid14xin:***@104.207.33.43:3129 -> 104.207.33.43
2026-08-15 02:39:05.697 | INFO     | scraper.tasks:scrape_company:64 - [tofler] Scraping company: https://www.tofler.in/kairosoft-ai-solutions-limited/company/L22209DL1982PLC256291
2026-08-15 02:39:05.705 | INFO     | scraper.tasks:scrape_company:64 - [tofler] Scraping company: https://www.tofler.in/s-chand-and-company-limited/company/L22219DL1970PLC005400
2026-08-15 02:39:06.245 | INFO     | scraper.proxy_manager:_health_check:95 - Proxy health check passed: http://35jovid14xin:***@65.111.6.147:3129 -> 65.111.6.147
2026-08-15 02:39:06.251 | INFO     | scraper.tasks:scrape_company:64 - [tofler] Scraping company: https://www.tofler.in/shree-jagdambe-paper-mills-ltd/company/L22219DL1980PLC167850
2026-08-15 02:39:06.257 | INFO     | scraper.tasks:scrape_company:64 - [tofler] Scraping company: https://www.tofler.in/coral-newsprints-limited/company/L22219DL1992PLC048398
2026-08-15 02:39:06.262 | INFO     | scraper.tasks:scrape_company:64 - [tofler] Scraping company: https://www.tofler.in/creative-graphics-solutions-india-limited/company/L22219DL2014PLC263964
2026-08-15 02:39:06.758 | INFO     | scraper.proxy_manager:_health_check:95 - Proxy health check passed: http://35jovid14xin:***@209.50.171.216:3129 -> 209.50.171.216
2026-08-15 02:39:11.569 | INFO     | scraper.tasks:scrape_company:64 - [tofler] Scraping company: https://www.tofler.in/maxposure-limited/company/L22229DL2006PLC152087
2026-08-15 02:39:12.069 | INFO     | scraper.proxy_manager:_health_check:95 - Proxy health check passed: http://35jovid14xin:***@45.3.40.35:3129 -> 45.3.40.35
2026-08-15 02:39:12.549 | INFO     | scraper.tasks:scrape_company:64 - [tofler] Scraping company: https://www.tofler.in/indraprastha-gas-limited/company/L23201DL1998PLC097614
2026-08-15 02:39:13.076 | INFO     | scraper.proxy_manager:_health_check:95 - Proxy health check passed: http://35jovid14xin:***@104.207.54.222:3129 -> 104.207.54.222
2026-08-15 02:39:13.219 | INFO     | scraper.tasks:scrape_company:64 - [tofler] Scraping company: https://www.tofler.in/salasar-techno-engineering-limited/company/L23201DL2001PLC174076
2026-08-15 02:39:13.707 | INFO     | scraper.proxy_manager:_health_check:95 - Proxy health check passed: http://35jovid14xin:***@45.3.41.44:3129 -> 45.3.41.44
2026-08-15 02:39:13.780 | INFO     | scraper.tasks:scrape_company:64 - [tofler] Scraping company: https://www.tofler.in/sanco-industries-limited/company/L24100DL1989PLC035549
2026-08-15 02:39:14.402 | INFO     | scraper.proxy_manager:_health_check:95 - Proxy health check passed: http://35jovid14xin:***@104.207.58.28:3129 -> 104.207.58.28
2026-08-15 02:39:14.488 | INFO     | scraper.tasks:scrape_company:64 - [tofler] Scraping company: https://www.tofler.in/fabino-life-sciences-limited/company/L24100DL2011PLC226781
2026-08-15 02:39:14.561 | INFO     | scraper.tasks:scrape_company:64 - [tofler] Scraping company: https://www.tofler.in/shreekant-chemical-industries-limited/company/L24119DL1981PLC040762
2026-08-15 02:39:15.070 | INFO     | scraper.proxy_manager:_health_check:95 - Proxy health check passed: http://35jovid14xin:***@216.26.249.142:3129 -> 216.26.249.142
2026-08-15 02:39:17.494 | INFO     | scraper.tasks:scrape_company:64 - [tofler] Scraping company: https://www.tofler.in/galore-prints-industries-limited/company/L24119DL1988PLC031866
2026-08-15 02:39:18.017 | INFO     | scraper.proxy_manager:_health_check:95 - Proxy health check passed: http://35jovid14xin:***@104.207.54.71:3129 -> 104.207.54.71
2026-08-15 02:39:19.359 | INFO     | scraper.tasks:scrape_company:64 - [tofler] Scraping company: https://www.tofler.in/bharat-rasayan-limited/company/L24119DL1989PLC036264
2026-08-15 02:39:19.458 | INFO     | scraper.tasks:scrape_company:64 - [tofler] Scraping company: https://www.tofler.in/hpc-biosciences-limited/company/L24119DL2002PLC114026
2026-08-15 02:39:20.098 | INFO     | scraper.proxy_manager:_health_check:95 - Proxy health check passed: http://35jovid14xin:***@216.26.255.71:3129 -> 216.26.255.71
2026-08-15 02:39:20.190 | INFO     | scraper.tasks:scrape_company:64 - [tofler] Scraping company: https://www.tofler.in/florence-investech-limited/company/L24211DL1993PLC254964
2026-08-15 02:39:20.641 | INFO     | scraper.proxy_manager:_health_check:95 - Proxy health check passed: http://35jovid14xin:***@216.26.225.103:3129 -> 216.26.225.103
2026-08-15 02:39:21.142 | INFO     | scraper.tasks:scrape_company:64 - [tofler] Scraping company: https://www.tofler.in/dhanuka-agritech-limited/company/L24219DL1985PLC020126
2026-08-15 02:39:21.251 | INFO     | scraper.tasks:scrape_company:64 - [tofler] Scraping company: https://www.tofler.in/sirca-paints-india-limited/company/L24219DL2006PLC145092
2026-08-15 02:39:21.701 | INFO     | scraper.proxy_manager:_health_check:95 - Proxy health check passed: http://35jovid14xin:***@65.111.7.112:3129 -> 65.111.7.112
2026-08-15 02:39:24.150 | INFO     | scraper.tasks:scrape_company:64 - [tofler] Scraping company: https://www.tofler.in/dabur-india-limited/company/L24230DL1975PLC007908
2026-08-15 02:39:25.779 | INFO     | scraper.tasks:scrape_company:64 - [tofler] Scraping company: https://www.tofler.in/sterling-webnet-limited/company/L24230DL1995PLC170660
2026-08-15 02:39:26.248 | INFO     | scraper.tasks:scrape_company:64 - [tofler] Scraping company: https://www.tofler.in/indraprastha-medical-corporation-limited/company/L24232DL1988PLC030958
2026-08-15 02:39:26.312 | INFO     | scraper.tasks:scrape_company:64 - [tofler] Scraping company: https://www.tofler.in/welcure-drugs-and-pharmaceuticals-limited/company/L24232DL1996PLC227773
2026-08-15 02:39:26.430 | INFO     | scraper.tasks:scrape_company:64 - [tofler] Scraping company: https://www.tofler.in/safal-herbs-limited/company/L24233DL1994PLC290133
2026-08-15 02:39:27.101 | INFO     | scraper.tasks:scrape_company:64 - [tofler] Scraping company: https://www.tofler.in/ram-minerals-and-chemicals-limited/company/L24233DL2011PLC282949
2026-08-15 02:39:27.815 | INFO     | scraper.proxy_manager:_health_check:95 - Proxy health check passed: http://35jovid14xin:***@104.207.45.151:3129 -> 104.207.45.151
2026-08-15 02:39:30.053 | INFO     | scraper.tasks:scrape_company:64 - [tofler] Scraping company: https://www.tofler.in/twenty-first-century-medicare-limited/company/L24239DL1985PLC022113
2026-08-15 02:39:31.458 | INFO     | scraper.tasks:scrape_company:64 - [tofler] Scraping company: https://www.tofler.in/anmol-drugs-and-pharmaceuticals-limited/company/L24239DL1986PLC025187
2026-08-15 02:39:31.523 | INFO     | scraper.tasks:scrape_company:64 - [tofler] Scraping company: https://www.tofler.in/akums-drugs-and-pharmaceuticals-limited/company/L24239DL2004PLC125888
2026-08-15 02:39:31.819 | INFO     | scraper.tasks:scrape_company:64 - [tofler] Scraping company: https://www.tofler.in/sunil-healthcare-limited/company/L24302DL1973PLC189662
2026-08-15 02:39:32.123 | INFO     | scraper.tasks:scrape_company:64 - [tofler] Scraping company: https://www.tofler.in/jasch-industries-limited/company/L24302DL1985PLC383771
2026-08-15 02:39:33.410 | INFO     | scraper.tasks:scrape_company:64 - [tofler] Scraping company: https://www.tofler.in/jain-tube-company-limited/company/L25111DL1964PLC004235
2026-08-15 02:39:33.906 | INFO     | scraper.proxy_manager:_health_check:95 - Proxy health check passed: http://35jovid14xin:***@65.111.21.190:3129 -> 65.111.21.190
2026-08-15 02:39:40.119 | INFO     | scraper.tasks:_scrape_target:81 - [tofler] page 3: 30 records
2026-08-15 02:39:40.171 | INFO     | scraper.browser:stop:48 - Browser closed
2026-08-15 02:42:12.478 | INFO     | scraper.browser:start:41 - Browser launched
2026-08-15 02:42:13.131 | INFO     | scraper.proxy_manager:_health_check:95 - Proxy health check passed: http://35jovid14xin:***@104.207.59.0:3129 -> 104.207.59.0
2026-08-15 02:42:19.180 | INFO     | scraper.tasks:scrape_company:64 - [tofler] Scraping company: https://www.tofler.in/omansh-enterprises-limited/company/L01100DL1974PLC241646
2026-08-15 02:42:19.678 | INFO     | scraper.proxy_manager:_health_check:95 - Proxy health check passed: http://35jovid14xin:***@104.207.33.43:3129 -> 104.207.33.43
2026-08-15 02:42:19.680 | INFO     | scraper.tasks:scrape_company:64 - [tofler] Scraping company: https://www.tofler.in/pajson-agro-india-limited/company/L01100DL2021PLC386740
2026-08-15 02:42:20.377 | INFO     | scraper.proxy_manager:_health_check:95 - Proxy health check passed: http://35jovid14xin:***@209.50.161.239:3129 -> 209.50.161.239
2026-08-15 02:42:20.379 | INFO     | scraper.tasks:scrape_company:64 - [tofler] Scraping company: https://www.tofler.in/continental-seeds-and-chemicals-limited/company/L01111DL1983PLC015969
2026-08-15 02:42:21.009 | INFO     | scraper.proxy_manager:_health_check:95 - Proxy health check passed: http://35jovid14xin:***@209.50.178.141:3129 -> 209.50.178.141
2026-08-15 02:42:21.011 | INFO     | scraper.tasks:scrape_company:64 - [tofler] Scraping company: https://www.tofler.in/semaya-limited/company/L01111DL1985PLC021268
2026-08-15 02:42:21.726 | INFO     | scraper.proxy_manager:_health_check:95 - Proxy health check passed: http://35jovid14xin:***@209.50.190.159:3129 -> 209.50.190.159
2026-08-15 02:42:21.728 | INFO     | scraper.tasks:scrape_company:64 - [tofler] Scraping company: https://www.tofler.in/krbl-limited/company/L01111DL1993PLC052845
2026-08-15 02:42:22.248 | INFO     | scraper.proxy_manager:_health_check:95 - Proxy health check passed: http://35jovid14xin:***@151.123.176.154:3129 -> 151.123.176.154
2026-08-15 02:42:22.250 | INFO     | scraper.tasks:scrape_company:64 - [tofler] Scraping company: https://www.tofler.in/dr-m-induscorp-limited/company/L01119DL1986PLC023698
2026-08-15 02:42:22.806 | INFO     | scraper.proxy_manager:_health_check:95 - Proxy health check passed: http://35jovid14xin:***@65.111.5.3:3129 -> 65.111.5.3
2026-08-15 02:42:27.135 | INFO     | scraper.tasks:scrape_company:64 - [tofler] Scraping company: https://www.tofler.in/hindustan-agrigentics-limited/company/L01119DL1990PLC040979
2026-08-15 02:42:27.711 | INFO     | scraper.proxy_manager:_health_check:95 - Proxy health check passed: http://35jovid14xin:***@209.50.171.216:3129 -> 209.50.171.216
2026-08-15 02:42:27.778 | INFO     | scraper.tasks:scrape_company:64 - [tofler] Scraping company: https://www.tofler.in/aayush-wellness-limited/company/L01122DL1984PLC018307
2026-08-15 02:42:28.242 | INFO     | scraper.proxy_manager:_health_check:95 - Proxy health check passed: http://35jovid14xin:***@209.50.175.52:3129 -> 209.50.175.52
2026-08-15 02:42:28.774 | INFO     | scraper.tasks:scrape_company:64 - [tofler] Scraping company: https://www.tofler.in/sc-agrotech-limited/company/L01122DL1990PLC042207
2026-08-15 02:42:29.281 | INFO     | scraper.proxy_manager:_health_check:95 - Proxy health check passed: http://35jovid14xin:***@216.26.253.54:3129 -> 216.26.253.54
2026-08-15 02:42:29.335 | INFO     | scraper.tasks:scrape_company:64 - [tofler] Scraping company: https://www.tofler.in/shivamshree-businesses-limited/company/L01403DL1983PLC015704
2026-08-15 02:42:29.850 | INFO     | scraper.proxy_manager:_health_check:95 - Proxy health check passed: http://35jovid14xin:***@104.207.54.0:3129 -> 104.207.54.0
2026-08-15 02:42:29.902 | INFO     | scraper.tasks:scrape_company:64 - [tofler] Scraping company: https://www.tofler.in/fratelli-vineyards-limited/company/L11020DL2009PLC186397
2026-08-15 02:42:30.461 | INFO     | scraper.proxy_manager:_health_check:95 - Proxy health check passed: http://35jovid14xin:***@45.3.48.207:3129 -> 45.3.48.207
2026-08-15 02:42:31.740 | INFO     | scraper.tasks:scrape_company:64 - [tofler] Scraping company: https://www.tofler.in/landmark-property-development-company-limited/company/L13100DL1976PLC188942
2026-08-15 02:42:32.453 | INFO     | scraper.proxy_manager:_health_check:95 - Proxy health check passed: http://35jovid14xin:***@104.207.59.113:3129 -> 104.207.59.113
2026-08-15 02:42:34.676 | INFO     | scraper.tasks:scrape_company:64 - [tofler] Scraping company: https://www.tofler.in/spl-industries-limited/company/L13139DL1991PLC062744
2026-08-15 02:42:35.162 | INFO     | scraper.proxy_manager:_health_check:95 - Proxy health check passed: http://35jovid14xin:***@216.26.242.32:3129 -> 216.26.242.32
2026-08-15 02:42:35.273 | INFO     | scraper.tasks:scrape_company:64 - [tofler] Scraping company: https://www.tofler.in/sajjan-commercial-enterprises-ltd/company/L13203DL1985PLC021536
2026-08-15 02:42:35.777 | INFO     | scraper.proxy_manager:_health_check:95 - Proxy health check passed: http://35jovid14xin:***@209.50.191.234:3129 -> 209.50.191.234
2026-08-15 02:42:35.819 | INFO     | scraper.tasks:scrape_company:64 - [tofler] Scraping company: https://www.tofler.in/hoac-foods-india-limited/company/L15120DL2018PLC330739
2026-08-15 02:42:36.329 | INFO     | scraper.proxy_manager:_health_check:95 - Proxy health check passed: http://35jovid14xin:***@104.207.53.148:3129 -> 104.207.53.148
2026-08-15 02:42:36.399 | INFO     | scraper.tasks:scrape_company:64 - [tofler] Scraping company: https://www.tofler.in/devyani-international-limited/company/L15135DL1991PLC046758
2026-08-15 02:42:36.838 | INFO     | scraper.proxy_manager:_health_check:95 - Proxy health check passed: http://35jovid14xin:***@209.50.174.1:3129 -> 209.50.174.1
2026-08-15 02:42:36.911 | INFO     | scraper.tasks:scrape_company:64 - [tofler] Scraping company: https://www.tofler.in/modi-naturals-limited/company/L15142DL1974PLC007349
2026-08-15 02:42:37.349 | INFO     | scraper.proxy_manager:_health_check:95 - Proxy health check passed: http://35jovid14xin:***@104.207.39.67:3129 -> 104.207.39.67
2026-08-15 02:42:38.552 | INFO     | scraper.tasks:scrape_company:64 - [tofler] Scraping company: https://www.tofler.in/reliance-infotek-limited/company/L15142DL1987PLC029899
2026-08-15 02:42:41.180 | INFO     | scraper.tasks:scrape_company:64 - [tofler] Scraping company: https://www.tofler.in/tarai-foods-limited/company/L15142DL1990PLC039291
2026-08-15 02:42:41.663 | INFO     | scraper.proxy_manager:_health_check:95 - Proxy health check passed: http://35jovid14xin:***@45.3.52.242:3129 -> 45.3.52.242
2026-08-15 02:42:41.729 | INFO     | scraper.tasks:scrape_company:64 - [tofler] Scraping company: https://www.tofler.in/superior-industrial-enterprises-limited/company/L15142DL1991PLC046469
2026-08-15 02:42:42.472 | INFO     | scraper.proxy_manager:_health_check:95 - Proxy health check passed: http://35jovid14xin:***@216.26.236.12:3129 -> 216.26.236.12
2026-08-15 02:42:42.998 | INFO     | scraper.tasks:scrape_company:64 - [tofler] Scraping company: https://www.tofler.in/nestle-india-limited/company/L15202DL1959PLC003786
2026-08-15 02:42:43.516 | INFO     | scraper.proxy_manager:_health_check:95 - Proxy health check passed: http://35jovid14xin:***@45.3.42.206:3129 -> 45.3.42.206
2026-08-15 02:42:43.591 | INFO     | scraper.tasks:scrape_company:64 - [tofler] Scraping company: https://www.tofler.in/mahavira-foods-limited/company/L15310DL1988PLC033651
2026-08-15 02:42:44.031 | INFO     | scraper.proxy_manager:_health_check:95 - Proxy health check passed: http://35jovid14xin:***@104.167.25.127:3129 -> 104.167.25.127
2026-08-15 02:42:44.086 | INFO     | scraper.tasks:scrape_company:64 - [tofler] Scraping company: https://www.tofler.in/kumar-food-industries-limited/company/L15310DL1991PLC043456
2026-08-15 02:42:44.522 | WARNING  | scraper.proxy_manager:_health_check:99 - Proxy health check failed: http://35jovid14xin:***@209.50.168.70:3129 - 429 Client Error: Not Enough Connections for url: http://httpbin.org/ip
2026-08-15 02:42:44.613 | INFO     | scraper.tasks:scrape_company:64 - [tofler] Scraping company: https://www.tofler.in/focus-industrial-resources-limited/company/L15319DL1985PLC021348
2026-08-15 02:42:45.052 | INFO     | scraper.proxy_manager:_health_check:95 - Proxy health check passed: http://35jovid14xin:***@65.111.2.208:3129 -> 65.111.2.208
2026-08-15 02:42:47.707 | INFO     | scraper.tasks:scrape_company:64 - [tofler] Scraping company: https://www.tofler.in/mahaan-foods-limited/company/L15419DL1987PLC350285
2026-08-15 02:42:49.438 | INFO     | scraper.tasks:scrape_company:64 - [tofler] Scraping company: https://www.tofler.in/visisth-chay-vyapar-limited/company/L15491DL1985PLC019848
2026-08-15 02:42:49.888 | WARNING  | scraper.proxy_manager:_health_check:99 - Proxy health check failed: http://35jovid14xin:***@65.111.2.54:3129 - 429 Client Error: Not Enough Connections for url: http://httpbin.org/ip
2026-08-15 02:42:59.892 | WARNING  | scraper.proxy_manager:_health_check:99 - Proxy health check failed: http://35jovid14xin:***@104.207.48.237:3129 - HTTPConnectionPool(host='104.207.48.237', port=3129): Max retries exceeded with url: http://httpbin.org/ip (Caused by ConnectTimeoutError(<urllib3.connection.HTTPConnection object at 0x110e93200>, 'Connection to 104.207.48.237 timed out. (connect timeout=10)'))
2026-08-15 02:43:00.527 | INFO     | scraper.tasks:scrape_company:64 - [tofler] Scraping company: https://www.tofler.in/regent-enterprises-limited/company/L15500DL1994PLC153183
2026-08-15 02:43:00.585 | INFO     | scraper.tasks:scrape_company:64 - [tofler] Scraping company: https://www.tofler.in/lacy-limited/company/L15511DL1985PLC021272
2026-08-15 02:43:00.649 | INFO     | scraper.tasks:scrape_company:64 - [tofler] Scraping company: https://www.tofler.in/hindustan-breweries-and-bottling-limited/company/L15549DL1909PLC005478
2026-08-15 02:43:00.693 | INFO     | scraper.tasks:scrape_company:64 - [tofler] Scraping company: https://www.tofler.in/john-oakey-and-mohan-limited/company/L15549DL1962PLC003726
2026-08-15 02:43:01.197 | INFO     | scraper.proxy_manager:_health_check:95 - Proxy health check passed: http://35jovid14xin:***@216.26.247.12:3129 -> 216.26.247.12
2026-08-15 02:43:07.067 | INFO     | scraper.tasks:_scrape_target:81 - [tofler] page 1: 30 records
2026-08-15 02:43:07.122 | INFO     | scraper.browser:stop:48 - Browser closed
2026-08-15 02:43:20.367 | INFO     | scraper.browser:start:41 - Browser launched
2026-08-15 02:43:20.859 | INFO     | scraper.proxy_manager:_health_check:95 - Proxy health check passed: http://35jovid14xin:***@216.26.237.117:3129 -> 216.26.237.117
2026-08-15 02:43:26.596 | INFO     | scraper.tasks:scrape_company:64 - [tofler] Scraping company: https://www.tofler.in/omansh-enterprises-limited/company/L01100DL1974PLC241646
2026-08-15 02:43:27.101 | INFO     | scraper.proxy_manager:_health_check:95 - Proxy health check passed: http://35jovid14xin:***@209.50.181.214:3129 -> 209.50.181.214
2026-08-15 02:43:27.104 | INFO     | scraper.tasks:scrape_company:64 - [tofler] Scraping company: https://www.tofler.in/pajson-agro-india-limited/company/L01100DL2021PLC386740
2026-08-15 02:43:28.678 | INFO     | scraper.proxy_manager:_health_check:95 - Proxy health check passed: http://35jovid14xin:***@65.111.21.190:3129 -> 65.111.21.190
2026-08-15 02:43:28.681 | INFO     | scraper.tasks:scrape_company:64 - [tofler] Scraping company: https://www.tofler.in/continental-seeds-and-chemicals-limited/company/L01111DL1983PLC015969
2026-08-15 02:43:29.249 | INFO     | scraper.proxy_manager:_health_check:95 - Proxy health check passed: http://35jovid14xin:***@216.26.251.151:3129 -> 216.26.251.151
2026-08-15 02:43:29.252 | INFO     | scraper.tasks:scrape_company:64 - [tofler] Scraping company: https://www.tofler.in/semaya-limited/company/L01111DL1985PLC021268
2026-08-15 02:43:29.694 | INFO     | scraper.proxy_manager:_health_check:95 - Proxy health check passed: http://35jovid14xin:***@45.3.48.207:3129 -> 45.3.48.207
2026-08-15 02:43:29.697 | INFO     | scraper.tasks:scrape_company:64 - [tofler] Scraping company: https://www.tofler.in/krbl-limited/company/L01111DL1993PLC052845
2026-08-15 02:43:30.208 | INFO     | scraper.proxy_manager:_health_check:95 - Proxy health check passed: http://35jovid14xin:***@216.26.252.117:3129 -> 216.26.252.117
2026-08-15 02:43:30.211 | INFO     | scraper.tasks:scrape_company:64 - [tofler] Scraping company: https://www.tofler.in/dr-m-induscorp-limited/company/L01119DL1986PLC023698
2026-08-15 02:43:30.937 | INFO     | scraper.proxy_manager:_health_check:95 - Proxy health check passed: http://35jovid14xin:***@216.26.225.103:3129 -> 216.26.225.103
2026-08-15 02:43:34.707 | INFO     | scraper.tasks:scrape_company:64 - [tofler] Scraping company: https://www.tofler.in/hindustan-agrigentics-limited/company/L01119DL1990PLC040979
2026-08-15 02:43:35.154 | WARNING  | scraper.proxy_manager:_health_check:99 - Proxy health check failed: http://35jovid14xin:***@216.26.233.75:3129 - 429 Client Error: Not Enough Connections for url: http://httpbin.org/ip
2026-08-15 02:43:37.596 | WARNING  | scraper.proxy_manager:_health_check:99 - Proxy health check failed: http://35jovid14xin:***@209.50.173.254:3129 - 429 Client Error: Not Enough Connections for url: http://httpbin.org/ip
2026-08-15 02:43:38.044 | INFO     | scraper.proxy_manager:_health_check:95 - Proxy health check passed: http://35jovid14xin:***@209.50.169.126:3129 -> 209.50.169.126
2026-08-15 02:43:38.139 | INFO     | scraper.tasks:scrape_company:64 - [tofler] Scraping company: https://www.tofler.in/aayush-wellness-limited/company/L01122DL1984PLC018307
2026-08-15 02:43:38.949 | INFO     | scraper.proxy_manager:_health_check:95 - Proxy health check passed: http://35jovid14xin:***@45.3.36.10:3129 -> 45.3.36.10
2026-08-15 02:43:39.470 | INFO     | scraper.tasks:scrape_company:64 - [tofler] Scraping company: https://www.tofler.in/sc-agrotech-limited/company/L01122DL1990PLC042207
2026-08-15 02:43:39.926 | INFO     | scraper.proxy_manager:_health_check:95 - Proxy health check passed: http://35jovid14xin:***@65.111.11.12:3129 -> 65.111.11.12
2026-08-15 02:43:39.986 | INFO     | scraper.tasks:scrape_company:64 - [tofler] Scraping company: https://www.tofler.in/shivamshree-businesses-limited/company/L01403DL1983PLC015704
2026-08-15 02:43:40.460 | INFO     | scraper.proxy_manager:_health_check:95 - Proxy health check passed: http://35jovid14xin:***@216.26.228.103:3129 -> 216.26.228.103
2026-08-15 02:43:40.516 | INFO     | scraper.tasks:scrape_company:64 - [tofler] Scraping company: https://www.tofler.in/fratelli-vineyards-limited/company/L11020DL2009PLC186397
2026-08-15 02:43:41.953 | INFO     | scraper.proxy_manager:_health_check:95 - Proxy health check passed: http://35jovid14xin:***@209.50.172.155:3129 -> 209.50.172.155
2026-08-15 02:43:41.990 | INFO     | scraper.tasks:scrape_company:64 - [tofler] Scraping company: https://www.tofler.in/landmark-property-development-company-limited/company/L13100DL1976PLC188942
2026-08-15 02:43:42.510 | INFO     | scraper.proxy_manager:_health_check:95 - Proxy health check passed: http://35jovid14xin:***@104.207.53.148:3129 -> 104.207.53.148
2026-08-15 02:43:44.596 | INFO     | scraper.tasks:scrape_company:64 - [tofler] Scraping company: https://www.tofler.in/spl-industries-limited/company/L13139DL1991PLC062744
2026-08-15 02:43:45.101 | INFO     | scraper.proxy_manager:_health_check:95 - Proxy health check passed: http://35jovid14xin:***@151.123.176.200:3129 -> 151.123.176.200
2026-08-15 02:43:45.192 | INFO     | scraper.tasks:scrape_company:64 - [tofler] Scraping company: https://www.tofler.in/sajjan-commercial-enterprises-ltd/company/L13203DL1985PLC021536
2026-08-15 02:43:45.703 | INFO     | scraper.proxy_manager:_health_check:95 - Proxy health check passed: http://35jovid14xin:***@216.26.244.197:3129 -> 216.26.244.197
2026-08-15 02:43:46.665 | INFO     | scraper.tasks:scrape_company:64 - [tofler] Scraping company: https://www.tofler.in/hoac-foods-india-limited/company/L15120DL2018PLC330739
2026-08-15 02:43:47.176 | INFO     | scraper.proxy_manager:_health_check:95 - Proxy health check passed: http://35jovid14xin:***@209.50.190.159:3129 -> 209.50.190.159
2026-08-15 02:43:47.841 | INFO     | scraper.tasks:scrape_company:64 - [tofler] Scraping company: https://www.tofler.in/devyani-international-limited/company/L15135DL1991PLC046758
2026-08-15 02:43:48.339 | INFO     | scraper.proxy_manager:_health_check:95 - Proxy health check passed: http://35jovid14xin:***@65.111.30.48:3129 -> 65.111.30.48
2026-08-15 02:43:48.395 | INFO     | scraper.tasks:scrape_company:64 - [tofler] Scraping company: https://www.tofler.in/modi-naturals-limited/company/L15142DL1974PLC007349
2026-08-15 02:43:48.917 | INFO     | scraper.proxy_manager:_health_check:95 - Proxy health check passed: http://35jovid14xin:***@104.207.54.222:3129 -> 104.207.54.222
2026-08-15 02:43:48.952 | INFO     | scraper.tasks:scrape_company:64 - [tofler] Scraping company: https://www.tofler.in/reliance-infotek-limited/company/L15142DL1987PLC029899
2026-08-15 02:43:49.396 | INFO     | scraper.proxy_manager:_health_check:95 - Proxy health check passed: http://35jovid14xin:***@209.50.161.239:3129 -> 209.50.161.239
2026-08-15 02:43:50.023 | INFO     | scraper.tasks:scrape_company:64 - [tofler] Scraping company: https://www.tofler.in/tarai-foods-limited/company/L15142DL1990PLC039291
2026-08-15 02:43:50.464 | INFO     | scraper.proxy_manager:_health_check:95 - Proxy health check passed: http://35jovid14xin:***@65.111.1.107:3129 -> 65.111.1.107
2026-08-15 02:43:50.469 | WARNING  | scraper.fetcher:fetch_page:89 - Proxy connection error, marking bad immediately: http://35jovid14xin:***@65.111.30.48:3129
2026-08-15 02:43:50.469 | WARNING  | scraper.proxy_manager:mark_bad:110 - Proxy marked bad, cooling down 300s: http://35jovid14xin:***@65.111.30.48:3129
2026-08-15 02:43:50.532 | INFO     | scraper.tasks:scrape_company:64 - [tofler] Scraping company: https://www.tofler.in/superior-industrial-enterprises-limited/company/L15142DL1991PLC046469
2026-08-15 02:43:51.024 | INFO     | scraper.proxy_manager:_health_check:95 - Proxy health check passed: http://35jovid14xin:***@45.3.52.9:3129 -> 45.3.52.9
2026-08-15 02:43:51.927 | INFO     | scraper.proxy_manager:_health_check:95 - Proxy health check passed: http://35jovid14xin:***@65.111.7.112:3129 -> 65.111.7.112
2026-08-15 02:43:52.002 | INFO     | scraper.tasks:scrape_company:64 - [tofler] Scraping company: https://www.tofler.in/nestle-india-limited/company/L15202DL1959PLC003786
2026-08-15 02:43:52.735 | INFO     | scraper.proxy_manager:_health_check:95 - Proxy health check passed: http://35jovid14xin:***@45.3.37.13:3129 -> 45.3.37.13
2026-08-15 02:43:53.596 | INFO     | scraper.tasks:scrape_company:64 - [tofler] Scraping company: https://www.tofler.in/mahavira-foods-limited/company/L15310DL1988PLC033651
2026-08-15 02:43:54.083 | INFO     | scraper.proxy_manager:_health_check:95 - Proxy health check passed: http://35jovid14xin:***@216.26.234.21:3129 -> 216.26.234.21
2026-08-15 02:43:54.534 | INFO     | scraper.tasks:scrape_company:64 - [tofler] Scraping company: https://www.tofler.in/kumar-food-industries-limited/company/L15310DL1991PLC043456
2026-08-15 02:43:55.037 | INFO     | scraper.proxy_manager:_health_check:95 - Proxy health check passed: http://35jovid14xin:***@65.111.27.242:3129 -> 65.111.27.242
2026-08-15 02:43:56.223 | INFO     | scraper.tasks:scrape_company:64 - [tofler] Scraping company: https://www.tofler.in/focus-industrial-resources-limited/company/L15319DL1985PLC021348
2026-08-15 02:43:57.680 | WARNING  | scraper.proxy_manager:_health_check:99 - Proxy health check failed: http://35jovid14xin:***@216.26.236.12:3129 - 429 Client Error: Not Enough Connections for url: http://httpbin.org/ip
2026-08-15 02:43:59.112 | WARNING  | scraper.proxy_manager:_health_check:99 - Proxy health check failed: http://35jovid14xin:***@45.3.36.238:3129 - 429 Client Error: Not Enough Connections for url: http://httpbin.org/ip
2026-08-15 02:43:59.631 | INFO     | scraper.proxy_manager:_health_check:95 - Proxy health check passed: http://35jovid14xin:***@45.3.42.206:3129 -> 45.3.42.206
2026-08-15 02:43:59.730 | INFO     | scraper.tasks:scrape_company:64 - [tofler] Scraping company: https://www.tofler.in/mahaan-foods-limited/company/L15419DL1987PLC350285
2026-08-15 02:44:00.232 | INFO     | scraper.proxy_manager:_health_check:95 - Proxy health check passed: http://35jovid14xin:***@216.26.244.72:3129 -> 216.26.244.72
2026-08-15 02:44:00.312 | INFO     | scraper.tasks:scrape_company:64 - [tofler] Scraping company: https://www.tofler.in/visisth-chay-vyapar-limited/company/L15491DL1985PLC019848
2026-08-15 02:44:00.832 | INFO     | scraper.proxy_manager:_health_check:95 - Proxy health check passed: http://35jovid14xin:***@65.111.4.104:3129 -> 65.111.4.104
2026-08-15 02:44:00.932 | INFO     | scraper.tasks:scrape_company:64 - [tofler] Scraping company: https://www.tofler.in/regent-enterprises-limited/company/L15500DL1994PLC153183
2026-08-15 02:44:01.381 | INFO     | scraper.proxy_manager:_health_check:95 - Proxy health check passed: http://35jovid14xin:***@45.3.32.31:3129 -> 45.3.32.31
2026-08-15 02:44:01.462 | INFO     | scraper.tasks:scrape_company:64 - [tofler] Scraping company: https://www.tofler.in/lacy-limited/company/L15511DL1985PLC021272
2026-08-15 02:44:01.900 | INFO     | scraper.proxy_manager:_health_check:95 - Proxy health check passed: http://35jovid14xin:***@104.207.39.67:3129 -> 104.207.39.67
2026-08-15 02:44:01.959 | INFO     | scraper.tasks:scrape_company:64 - [tofler] Scraping company: https://www.tofler.in/hindustan-breweries-and-bottling-limited/company/L15549DL1909PLC005478
2026-08-15 02:44:02.464 | INFO     | scraper.proxy_manager:_health_check:95 - Proxy health check passed: http://35jovid14xin:***@216.26.255.2:3129 -> 216.26.255.2
2026-08-15 02:44:06.301 | INFO     | scraper.tasks:scrape_company:64 - [tofler] Scraping company: https://www.tofler.in/john-oakey-and-mohan-limited/company/L15549DL1962PLC003726
2026-08-15 02:44:11.763 | INFO     | scraper.tasks:_scrape_target:81 - [tofler] page 1: 30 records
2026-08-15 02:44:11.812 | INFO     | scraper.browser:stop:48 - Browser closed
2026-08-15 02:44:27.882 | INFO     | scraper.browser:start:41 - Browser launched
2026-08-15 02:44:28.383 | INFO     | scraper.proxy_manager:_health_check:95 - Proxy health check passed: http://35jovid14xin:***@45.3.41.44:3129 -> 45.3.41.44
2026-08-15 02:44:33.736 | INFO     | scraper.tasks:scrape_company:64 - [tofler] Scraping company: https://www.tofler.in/omansh-enterprises-limited/company/L01100DL1974PLC241646
2026-08-15 02:44:34.383 | INFO     | scraper.proxy_manager:_health_check:95 - Proxy health check passed: http://35jovid14xin:***@65.111.3.206:3129 -> 65.111.3.206
2026-08-15 02:44:34.387 | INFO     | scraper.tasks:scrape_company:64 - [tofler] Scraping company: https://www.tofler.in/pajson-agro-india-limited/company/L01100DL2021PLC386740
2026-08-15 02:44:34.832 | INFO     | scraper.proxy_manager:_health_check:95 - Proxy health check passed: http://35jovid14xin:***@209.50.174.1:3129 -> 209.50.174.1
2026-08-15 02:44:34.835 | INFO     | scraper.tasks:scrape_company:64 - [tofler] Scraping company: https://www.tofler.in/continental-seeds-and-chemicals-limited/company/L01111DL1983PLC015969
2026-08-15 02:44:35.276 | INFO     | scraper.proxy_manager:_health_check:95 - Proxy health check passed: http://35jovid14xin:***@209.50.169.126:3129 -> 209.50.169.126
2026-08-15 02:44:35.278 | INFO     | scraper.tasks:scrape_company:64 - [tofler] Scraping company: https://www.tofler.in/semaya-limited/company/L01111DL1985PLC021268
2026-08-15 02:44:35.714 | INFO     | scraper.proxy_manager:_health_check:95 - Proxy health check passed: http://35jovid14xin:***@104.167.25.127:3129 -> 104.167.25.127
2026-08-15 02:44:35.717 | INFO     | scraper.tasks:scrape_company:64 - [tofler] Scraping company: https://www.tofler.in/krbl-limited/company/L01111DL1993PLC052845
2026-08-15 02:44:36.225 | INFO     | scraper.proxy_manager:_health_check:95 - Proxy health check passed: http://35jovid14xin:***@195.63.31.72:3129 -> 195.63.31.72
2026-08-15 02:44:36.240 | INFO     | scraper.tasks:scrape_company:64 - [tofler] Scraping company: https://www.tofler.in/dr-m-induscorp-limited/company/L01119DL1986PLC023698
2026-08-15 02:44:37.158 | INFO     | scraper.proxy_manager:_health_check:95 - Proxy health check passed: http://35jovid14xin:***@216.26.255.71:3129 -> 216.26.255.71
2026-08-15 02:44:41.292 | INFO     | scraper.tasks:scrape_company:64 - [tofler] Scraping company: https://www.tofler.in/hindustan-agrigentics-limited/company/L01119DL1990PLC040979
2026-08-15 02:44:41.805 | INFO     | scraper.proxy_manager:_health_check:95 - Proxy health check passed: http://35jovid14xin:***@65.111.30.48:3129 -> 65.111.30.48
2026-08-15 02:44:41.891 | INFO     | scraper.tasks:scrape_company:64 - [tofler] Scraping company: https://www.tofler.in/aayush-wellness-limited/company/L01122DL1984PLC018307
2026-08-15 02:44:42.341 | INFO     | scraper.proxy_manager:_health_check:95 - Proxy health check passed: http://35jovid14xin:***@45.3.48.207:3129 -> 45.3.48.207
2026-08-15 02:44:42.406 | INFO     | scraper.tasks:scrape_company:64 - [tofler] Scraping company: https://www.tofler.in/sc-agrotech-limited/company/L01122DL1990PLC042207
2026-08-15 02:44:42.893 | INFO     | scraper.proxy_manager:_health_check:95 - Proxy health check passed: http://35jovid14xin:***@216.26.237.117:3129 -> 216.26.237.117
2026-08-15 02:44:43.122 | INFO     | scraper.tasks:scrape_company:64 - [tofler] Scraping company: https://www.tofler.in/shivamshree-businesses-limited/company/L01403DL1983PLC015704
2026-08-15 02:44:43.712 | INFO     | scraper.proxy_manager:_health_check:95 - Proxy health check passed: http://35jovid14xin:***@216.26.234.21:3129 -> 216.26.234.21
2026-08-15 02:44:43.777 | INFO     | scraper.tasks:scrape_company:64 - [tofler] Scraping company: https://www.tofler.in/fratelli-vineyards-limited/company/L11020DL2009PLC186397
2026-08-15 02:44:44.224 | INFO     | scraper.proxy_manager:_health_check:95 - Proxy health check passed: http://35jovid14xin:***@65.111.7.112:3129 -> 65.111.7.112
2026-08-15 02:44:44.257 | INFO     | scraper.tasks:scrape_company:64 - [tofler] Scraping company: https://www.tofler.in/landmark-property-development-company-limited/company/L13100DL1976PLC188942
2026-08-15 02:44:46.619 | INFO     | scraper.tasks:scrape_company:64 - [tofler] Scraping company: https://www.tofler.in/spl-industries-limited/company/L13139DL1991PLC062744
2026-08-15 02:44:47.068 | WARNING  | scraper.proxy_manager:_health_check:99 - Proxy health check failed: http://35jovid14xin:***@65.111.21.190:3129 - 429 Client Error: Not Enough Connections for url: http://httpbin.org/ip
2026-08-15 02:44:47.583 | INFO     | scraper.proxy_manager:_health_check:95 - Proxy health check passed: http://35jovid14xin:***@104.207.54.71:3129 -> 104.207.54.71
2026-08-15 02:44:47.982 | INFO     | scraper.tasks:scrape_company:64 - [tofler] Scraping company: https://www.tofler.in/sajjan-commercial-enterprises-ltd/company/L13203DL1985PLC021536
2026-08-15 02:44:50.492 | INFO     | scraper.proxy_manager:_health_check:95 - Proxy health check passed: http://35jovid14xin:***@209.50.191.234:3129 -> 209.50.191.234
2026-08-15 02:44:50.575 | INFO     | scraper.tasks:scrape_company:64 - [tofler] Scraping company: https://www.tofler.in/hoac-foods-india-limited/company/L15120DL2018PLC330739
2026-08-15 02:44:51.018 | INFO     | scraper.proxy_manager:_health_check:95 - Proxy health check passed: http://35jovid14xin:***@209.50.172.155:3129 -> 209.50.172.155
2026-08-15 02:44:51.077 | INFO     | scraper.tasks:scrape_company:64 - [tofler] Scraping company: https://www.tofler.in/devyani-international-limited/company/L15135DL1991PLC046758
2026-08-15 02:44:51.525 | INFO     | scraper.proxy_manager:_health_check:95 - Proxy health check passed: http://35jovid14xin:***@65.111.2.54:3129 -> 65.111.2.54
2026-08-15 02:44:51.579 | INFO     | scraper.tasks:scrape_company:64 - [tofler] Scraping company: https://www.tofler.in/modi-naturals-limited/company/L15142DL1974PLC007349
2026-08-15 02:44:51.682 | INFO     | scraper.tasks:scrape_company:64 - [tofler] Scraping company: https://www.tofler.in/reliance-infotek-limited/company/L15142DL1987PLC029899
2026-08-15 02:44:52.390 | INFO     | scraper.proxy_manager:_health_check:95 - Proxy health check passed: http://35jovid14xin:***@216.26.255.2:3129 -> 216.26.255.2
2026-08-15 02:44:52.455 | INFO     | scraper.tasks:scrape_company:64 - [tofler] Scraping company: https://www.tofler.in/tarai-foods-limited/company/L15142DL1990PLC039291
2026-08-15 02:44:56.402 | INFO     | scraper.tasks:scrape_company:64 - [tofler] Scraping company: https://www.tofler.in/superior-industrial-enterprises-limited/company/L15142DL1991PLC046469
2026-08-15 02:44:56.852 | WARNING  | scraper.proxy_manager:_health_check:99 - Proxy health check failed: http://35jovid14xin:***@209.50.175.129:3129 - 429 Client Error: Not Enough Connections for url: http://httpbin.org/ip
2026-08-15 02:44:57.398 | INFO     | scraper.proxy_manager:_health_check:95 - Proxy health check passed: http://35jovid14xin:***@45.3.52.9:3129 -> 45.3.52.9
2026-08-15 02:44:57.502 | INFO     | scraper.tasks:scrape_company:64 - [tofler] Scraping company: https://www.tofler.in/nestle-india-limited/company/L15202DL1959PLC003786
2026-08-15 02:44:58.042 | INFO     | scraper.proxy_manager:_health_check:95 - Proxy health check passed: http://35jovid14xin:***@216.26.248.81:3129 -> 216.26.248.81
2026-08-15 02:44:58.123 | INFO     | scraper.tasks:scrape_company:64 - [tofler] Scraping company: https://www.tofler.in/mahavira-foods-limited/company/L15310DL1988PLC033651
2026-08-15 02:44:58.641 | INFO     | scraper.proxy_manager:_health_check:95 - Proxy health check passed: http://35jovid14xin:***@209.50.184.140:3129 -> 209.50.184.140
2026-08-15 02:44:58.697 | INFO     | scraper.tasks:scrape_company:64 - [tofler] Scraping company: https://www.tofler.in/kumar-food-industries-limited/company/L15310DL1991PLC043456
2026-08-15 02:44:58.748 | INFO     | scraper.tasks:scrape_company:64 - [tofler] Scraping company: https://www.tofler.in/focus-industrial-resources-limited/company/L15319DL1985PLC021348
2026-08-15 02:44:59.385 | INFO     | scraper.proxy_manager:_health_check:95 - Proxy health check passed: http://35jovid14xin:***@216.26.249.142:3129 -> 216.26.249.142
2026-08-15 02:44:59.477 | INFO     | scraper.tasks:scrape_company:64 - [tofler] Scraping company: https://www.tofler.in/mahaan-foods-limited/company/L15419DL1987PLC350285
2026-08-15 02:45:00.207 | INFO     | scraper.proxy_manager:_health_check:95 - Proxy health check passed: http://35jovid14xin:***@45.3.52.242:3129 -> 45.3.52.242
2026-08-15 02:45:03.998 | INFO     | scraper.tasks:scrape_company:64 - [tofler] Scraping company: https://www.tofler.in/visisth-chay-vyapar-limited/company/L15491DL1985PLC019848
2026-08-15 02:45:04.161 | INFO     | scraper.tasks:scrape_company:64 - [tofler] Scraping company: https://www.tofler.in/regent-enterprises-limited/company/L15500DL1994PLC153183
2026-08-15 02:45:04.609 | INFO     | scraper.proxy_manager:_health_check:95 - Proxy health check passed: http://35jovid14xin:***@45.3.36.70:3129 -> 45.3.36.70
2026-08-15 02:45:04.733 | INFO     | scraper.tasks:scrape_company:64 - [tofler] Scraping company: https://www.tofler.in/lacy-limited/company/L15511DL1985PLC021272
2026-08-15 02:45:05.214 | INFO     | scraper.proxy_manager:_health_check:95 - Proxy health check passed: http://35jovid14xin:***@209.50.178.141:3129 -> 209.50.178.141
2026-08-15 02:45:05.266 | INFO     | scraper.tasks:scrape_company:64 - [tofler] Scraping company: https://www.tofler.in/hindustan-breweries-and-bottling-limited/company/L15549DL1909PLC005478
2026-08-15 02:45:08.899 | INFO     | scraper.tasks:scrape_company:64 - [tofler] Scraping company: https://www.tofler.in/john-oakey-and-mohan-limited/company/L15549DL1962PLC003726
2026-08-15 02:45:09.336 | INFO     | scraper.proxy_manager:_health_check:95 - Proxy health check passed: http://35jovid14xin:***@209.50.171.216:3129 -> 209.50.171.216
2026-08-15 02:45:14.661 | INFO     | scraper.tasks:_scrape_target:81 - [tofler] page 1: 30 records
2026-08-15 02:45:14.716 | INFO     | scraper.browser:stop:48 - Browser closed
2026-08-15 02:45:30.299 | INFO     | scraper.browser:start:41 - Browser launched
2026-08-15 02:45:30.831 | INFO     | scraper.proxy_manager:_health_check:95 - Proxy health check passed: http://35jovid14xin:***@104.207.53.148:3129 -> 104.207.53.148
2026-08-15 02:45:36.299 | INFO     | scraper.tasks:scrape_company:64 - [tofler] Scraping company: https://www.tofler.in/omansh-enterprises-limited/company/L01100DL1974PLC241646
2026-08-15 02:45:36.786 | INFO     | scraper.proxy_manager:_health_check:95 - Proxy health check passed: http://35jovid14xin:***@104.167.25.196:3129 -> 104.167.25.196
2026-08-15 02:45:36.788 | INFO     | scraper.tasks:scrape_company:64 - [tofler] Scraping company: https://www.tofler.in/pajson-agro-india-limited/company/L01100DL2021PLC386740
2026-08-15 02:45:37.273 | INFO     | scraper.proxy_manager:_health_check:95 - Proxy health check passed: http://35jovid14xin:***@209.50.178.141:3129 -> 209.50.178.141
2026-08-15 02:45:37.275 | INFO     | scraper.tasks:scrape_company:64 - [tofler] Scraping company: https://www.tofler.in/continental-seeds-and-chemicals-limited/company/L01111DL1983PLC015969
2026-08-15 02:45:37.910 | INFO     | scraper.proxy_manager:_health_check:95 - Proxy health check passed: http://35jovid14xin:***@209.50.191.234:3129 -> 209.50.191.234
2026-08-15 02:45:37.913 | INFO     | scraper.tasks:scrape_company:64 - [tofler] Scraping company: https://www.tofler.in/semaya-limited/company/L01111DL1985PLC021268
2026-08-15 02:45:38.343 | INFO     | scraper.proxy_manager:_health_check:95 - Proxy health check passed: http://35jovid14xin:***@45.3.32.31:3129 -> 45.3.32.31
2026-08-15 02:45:38.345 | INFO     | scraper.tasks:scrape_company:64 - [tofler] Scraping company: https://www.tofler.in/krbl-limited/company/L01111DL1993PLC052845
2026-08-15 02:45:39.036 | INFO     | scraper.proxy_manager:_health_check:95 - Proxy health check passed: http://35jovid14xin:***@209.50.174.1:3129 -> 209.50.174.1
2026-08-15 02:45:39.039 | INFO     | scraper.tasks:scrape_company:64 - [tofler] Scraping company: https://www.tofler.in/dr-m-induscorp-limited/company/L01119DL1986PLC023698
2026-08-15 02:45:43.261 | INFO     | scraper.tasks:scrape_company:64 - [tofler] Scraping company: https://www.tofler.in/hindustan-agrigentics-limited/company/L01119DL1990PLC040979
2026-08-15 02:45:44.774 | INFO     | scraper.proxy_manager:_health_check:95 - Proxy health check passed: http://35jovid14xin:***@45.3.47.200:3129 -> 45.3.47.200
2026-08-15 02:45:44.810 | INFO     | scraper.tasks:scrape_company:64 - [tofler] Scraping company: https://www.tofler.in/aayush-wellness-limited/company/L01122DL1984PLC018307
2026-08-15 02:45:45.314 | INFO     | scraper.proxy_manager:_health_check:95 - Proxy health check passed: http://35jovid14xin:***@216.26.249.142:3129 -> 216.26.249.142
2026-08-15 02:45:45.800 | INFO     | scraper.tasks:scrape_company:64 - [tofler] Scraping company: https://www.tofler.in/sc-agrotech-limited/company/L01122DL1990PLC042207
2026-08-15 02:45:46.600 | INFO     | scraper.proxy_manager:_health_check:95 - Proxy health check passed: http://35jovid14xin:***@104.207.38.58:3129 -> 104.207.38.58
2026-08-15 02:45:46.683 | INFO     | scraper.tasks:scrape_company:64 - [tofler] Scraping company: https://www.tofler.in/shivamshree-businesses-limited/company/L01403DL1983PLC015704
2026-08-15 02:45:47.174 | INFO     | scraper.proxy_manager:_health_check:95 - Proxy health check passed: http://35jovid14xin:***@216.26.251.151:3129 -> 216.26.251.151
2026-08-15 02:45:47.211 | INFO     | scraper.tasks:scrape_company:64 - [tofler] Scraping company: https://www.tofler.in/fratelli-vineyards-limited/company/L11020DL2009PLC186397
2026-08-15 02:45:47.685 | INFO     | scraper.proxy_manager:_health_check:95 - Proxy health check passed: http://35jovid14xin:***@216.26.228.103:3129 -> 216.26.228.103
2026-08-15 02:45:47.731 | INFO     | scraper.tasks:scrape_company:64 - [tofler] Scraping company: https://www.tofler.in/landmark-property-development-company-limited/company/L13100DL1976PLC188942
2026-08-15 02:45:48.243 | INFO     | scraper.proxy_manager:_health_check:95 - Proxy health check passed: http://35jovid14xin:***@209.50.186.174:3129 -> 209.50.186.174
2026-08-15 02:45:49.022 | INFO     | scraper.tasks:scrape_company:64 - [tofler] Scraping company: https://www.tofler.in/spl-industries-limited/company/L13139DL1991PLC062744
2026-08-15 02:45:49.340 | WARNING  | scraper.proxy_manager:_health_check:99 - Proxy health check failed: http://35jovid14xin:***@104.207.63.18:3129 - 429 Client Error: Not Enough Connections for url: http://httpbin.org/ip
2026-08-15 02:45:49.769 | INFO     | scraper.proxy_manager:_health_check:95 - Proxy health check passed: http://35jovid14xin:***@209.50.173.254:3129 -> 209.50.173.254
2026-08-15 02:45:49.852 | INFO     | scraper.tasks:scrape_company:64 - [tofler] Scraping company: https://www.tofler.in/sajjan-commercial-enterprises-ltd/company/L13203DL1985PLC021536
2026-08-15 02:45:50.347 | INFO     | scraper.proxy_manager:_health_check:95 - Proxy health check passed: http://35jovid14xin:***@65.111.27.242:3129 -> 65.111.27.242
2026-08-15 02:45:52.819 | INFO     | scraper.tasks:scrape_company:64 - [tofler] Scraping company: https://www.tofler.in/hoac-foods-india-limited/company/L15120DL2018PLC330739
2026-08-15 02:45:53.341 | INFO     | scraper.proxy_manager:_health_check:95 - Proxy health check passed: http://35jovid14xin:***@104.207.54.0:3129 -> 104.207.54.0
2026-08-15 02:45:53.392 | INFO     | scraper.tasks:scrape_company:64 - [tofler] Scraping company: https://www.tofler.in/devyani-international-limited/company/L15135DL1991PLC046758
2026-08-15 02:45:53.861 | INFO     | scraper.tasks:scrape_company:64 - [tofler] Scraping company: https://www.tofler.in/modi-naturals-limited/company/L15142DL1974PLC007349
2026-08-15 02:45:54.022 | INFO     | scraper.tasks:scrape_company:64 - [tofler] Scraping company: https://www.tofler.in/reliance-infotek-limited/company/L15142DL1987PLC029899
2026-08-15 02:45:54.552 | INFO     | scraper.proxy_manager:_health_check:95 - Proxy health check passed: http://35jovid14xin:***@104.207.56.210:3129 -> 104.207.56.210
2026-08-15 02:45:54.601 | INFO     | scraper.tasks:scrape_company:64 - [tofler] Scraping company: https://www.tofler.in/tarai-foods-limited/company/L15142DL1990PLC039291
2026-08-15 02:45:55.089 | INFO     | scraper.proxy_manager:_health_check:95 - Proxy health check passed: http://35jovid14xin:***@65.111.21.190:3129 -> 65.111.21.190
2026-08-15 02:45:55.755 | INFO     | scraper.tasks:scrape_company:64 - [tofler] Scraping company: https://www.tofler.in/superior-industrial-enterprises-limited/company/L15142DL1991PLC046469
2026-08-15 02:45:57.127 | INFO     | scraper.tasks:scrape_company:64 - [tofler] Scraping company: https://www.tofler.in/nestle-india-limited/company/L15202DL1959PLC003786
2026-08-15 02:45:57.615 | INFO     | scraper.proxy_manager:_health_check:95 - Proxy health check passed: http://35jovid14xin:***@216.26.237.117:3129 -> 216.26.237.117
2026-08-15 02:45:58.442 | INFO     | scraper.tasks:scrape_company:64 - [tofler] Scraping company: https://www.tofler.in/mahavira-foods-limited/company/L15310DL1988PLC033651
2026-08-15 02:45:58.894 | INFO     | scraper.proxy_manager:_health_check:95 - Proxy health check passed: http://35jovid14xin:***@216.26.230.52:3129 -> 216.26.230.52
2026-08-15 02:45:58.990 | INFO     | scraper.tasks:scrape_company:64 - [tofler] Scraping company: https://www.tofler.in/kumar-food-industries-limited/company/L15310DL1991PLC043456
2026-08-15 02:45:59.542 | INFO     | scraper.proxy_manager:_health_check:95 - Proxy health check passed: http://35jovid14xin:***@45.3.42.206:3129 -> 45.3.42.206
2026-08-15 02:46:00.097 | INFO     | scraper.tasks:scrape_company:64 - [tofler] Scraping company: https://www.tofler.in/focus-industrial-resources-limited/company/L15319DL1985PLC021348
2026-08-15 02:46:00.707 | INFO     | scraper.proxy_manager:_health_check:95 - Proxy health check passed: http://35jovid14xin:***@209.50.171.216:3129 -> 209.50.171.216
2026-08-15 02:46:01.489 | INFO     | scraper.tasks:scrape_company:64 - [tofler] Scraping company: https://www.tofler.in/mahaan-foods-limited/company/L15419DL1987PLC350285
2026-08-15 02:46:01.978 | INFO     | scraper.proxy_manager:_health_check:95 - Proxy health check passed: http://35jovid14xin:***@216.26.233.6:3129 -> 216.26.233.6
2026-08-15 02:46:02.415 | INFO     | scraper.tasks:scrape_company:64 - [tofler] Scraping company: https://www.tofler.in/visisth-chay-vyapar-limited/company/L15491DL1985PLC019848
2026-08-15 02:46:04.908 | INFO     | scraper.proxy_manager:_health_check:95 - Proxy health check passed: http://35jovid14xin:***@45.3.52.9:3129 -> 45.3.52.9
2026-08-15 02:46:05.455 | INFO     | scraper.tasks:scrape_company:64 - [tofler] Scraping company: https://www.tofler.in/regent-enterprises-limited/company/L15500DL1994PLC153183
2026-08-15 02:46:05.902 | INFO     | scraper.proxy_manager:_health_check:95 - Proxy health check passed: http://35jovid14xin:***@209.50.172.155:3129 -> 209.50.172.155
2026-08-15 02:46:06.038 | INFO     | scraper.tasks:scrape_company:64 - [tofler] Scraping company: https://www.tofler.in/lacy-limited/company/L15511DL1985PLC021272
2026-08-15 02:46:06.468 | INFO     | scraper.proxy_manager:_health_check:95 - Proxy health check passed: http://35jovid14xin:***@209.50.161.239:3129 -> 209.50.161.239
2026-08-15 02:46:06.536 | INFO     | scraper.tasks:scrape_company:64 - [tofler] Scraping company: https://www.tofler.in/hindustan-breweries-and-bottling-limited/company/L15549DL1909PLC005478
2026-08-15 02:46:06.585 | INFO     | scraper.tasks:scrape_company:64 - [tofler] Scraping company: https://www.tofler.in/john-oakey-and-mohan-limited/company/L15549DL1962PLC003726
2026-08-15 02:46:13.829 | INFO     | scraper.tasks:_scrape_target:81 - [tofler] page 1: 30 records
2026-08-15 02:46:17.053 | INFO     | scraper.tasks:scrape_company:64 - [tofler] Scraping company: https://www.tofler.in/elitecon-international-limited/company/L16000DL1987PLC396234
2026-08-15 02:46:17.055 | INFO     | scraper.tasks:scrape_company:64 - [tofler] Scraping company: https://www.tofler.in/srm-energy-limited/company/L17100DL1985PLC303047
2026-08-15 02:46:17.548 | INFO     | scraper.proxy_manager:_health_check:95 - Proxy health check passed: http://35jovid14xin:***@216.26.236.12:3129 -> 216.26.236.12
2026-08-15 02:46:17.550 | INFO     | scraper.tasks:scrape_company:64 - [tofler] Scraping company: https://www.tofler.in/sidhartha-super-spinning-mills-limited/company/L17111DL1980PLC010814
2026-08-15 02:46:17.553 | INFO     | scraper.tasks:scrape_company:64 - [tofler] Scraping company: https://www.tofler.in/unifinz-capital-india-limited/company/L17111DL1982PLC013790
2026-08-15 02:46:17.555 | INFO     | scraper.tasks:scrape_company:64 - [tofler] Scraping company: https://www.tofler.in/fiber-plus-industries-limited/company/L17120DL1984PLC018729
2026-08-15 02:46:18.073 | INFO     | scraper.proxy_manager:_health_check:95 - Proxy health check passed: http://35jovid14xin:***@65.111.2.54:3129 -> 65.111.2.54
2026-08-15 02:46:18.075 | INFO     | scraper.tasks:scrape_company:64 - [tofler] Scraping company: https://www.tofler.in/lorenzini-apparels-limited/company/L17120DL2007PLC163192
2026-08-15 02:46:18.564 | INFO     | scraper.proxy_manager:_health_check:95 - Proxy health check passed: http://35jovid14xin:***@216.26.233.75:3129 -> 216.26.233.75
2026-08-15 02:46:23.706 | INFO     | scraper.tasks:scrape_company:64 - [tofler] Scraping company: https://www.tofler.in/aplaya-creations-limited/company/L17122DL1996PLC332121
2026-08-15 02:46:24.142 | INFO     | scraper.proxy_manager:_health_check:95 - Proxy health check passed: http://35jovid14xin:***@45.3.36.238:3129 -> 45.3.36.238
2026-08-15 02:46:24.226 | INFO     | scraper.tasks:scrape_company:64 - [tofler] Scraping company: https://www.tofler.in/n-k-textile-industries-ltd/company/L17299DL1983PLC163230
2026-08-15 02:46:24.718 | INFO     | scraper.proxy_manager:_health_check:95 - Proxy health check passed: http://35jovid14xin:***@216.26.242.32:3129 -> 216.26.242.32
2026-08-15 02:46:24.767 | INFO     | scraper.tasks:scrape_company:64 - [tofler] Scraping company: https://www.tofler.in/sru-steels-limited/company/L17300DL1995PLC107286
2026-08-15 02:46:25.271 | INFO     | scraper.proxy_manager:_health_check:95 - Proxy health check passed: http://35jovid14xin:***@104.207.58.28:3129 -> 104.207.58.28
2026-08-15 02:46:25.353 | INFO     | scraper.tasks:scrape_company:64 - [tofler] Scraping company: https://www.tofler.in/dcm-nouvelle-limited/company/L17309DL2016PLC307204
2026-08-15 02:46:25.437 | INFO     | scraper.tasks:scrape_company:64 - [tofler] Scraping company: https://www.tofler.in/a-f-enterprises-limited/company/L18100DL1983PLC016354
2026-08-15 02:46:25.934 | INFO     | scraper.proxy_manager:_health_check:95 - Proxy health check passed: http://35jovid14xin:***@45.3.40.35:3129 -> 45.3.40.35
2026-08-15 02:46:25.984 | INFO     | scraper.tasks:scrape_company:64 - [tofler] Scraping company: https://www.tofler.in/srf-limited/company/L18101DL1970PLC005197
2026-08-15 02:46:30.174 | INFO     | scraper.tasks:scrape_company:64 - [tofler] Scraping company: https://www.tofler.in/arth-udyog-limited/company/L18101DL1971PLC028813
2026-08-15 02:46:30.273 | INFO     | scraper.tasks:scrape_company:64 - [tofler] Scraping company: https://www.tofler.in/t-t-limited/company/L18101DL1978PLC009241
2026-08-15 02:46:31.292 | INFO     | scraper.tasks:scrape_company:64 - [tofler] Scraping company: https://www.tofler.in/mayfair-fabrics-limited/company/L18101DL1983PLC027286
2026-08-15 02:46:31.726 | INFO     | scraper.proxy_manager:_health_check:95 - Proxy health check passed: http://35jovid14xin:***@65.111.3.154:3129 -> 65.111.3.154
2026-08-15 02:46:31.811 | INFO     | scraper.tasks:scrape_company:64 - [tofler] Scraping company: https://www.tofler.in/paloma-knitwear-international-limited/company/L18101DL1984PLC019544
2026-08-15 02:46:32.250 | INFO     | scraper.proxy_manager:_health_check:95 - Proxy health check passed: http://35jovid14xin:***@216.26.231.123:3129 -> 216.26.231.123
2026-08-15 02:46:32.299 | INFO     | scraper.tasks:scrape_company:64 - [tofler] Scraping company: https://www.tofler.in/riba-textiles-limited/company/L18101DL1989PLC034528
2026-08-15 02:46:32.811 | INFO     | scraper.proxy_manager:_health_check:95 - Proxy health check passed: http://35jovid14xin:***@209.50.184.140:3129 -> 209.50.184.140
2026-08-15 02:46:32.841 | INFO     | scraper.tasks:scrape_company:64 - [tofler] Scraping company: https://www.tofler.in/regal-enterprises-ltd/company/L18101DL1989PLC269075
2026-08-15 02:46:34.266 | INFO     | scraper.tasks:scrape_company:64 - [tofler] Scraping company: https://www.tofler.in/avsl-industries-limited/company/L18101DL2003PLC121698
2026-08-15 02:46:34.946 | INFO     | scraper.proxy_manager:_health_check:95 - Proxy health check passed: http://35jovid14xin:***@65.111.3.206:3129 -> 65.111.3.206
2026-08-15 02:46:35.004 | INFO     | scraper.tasks:scrape_company:64 - [tofler] Scraping company: https://www.tofler.in/indosolar-limited/company/L18101DL2005PLC134879
2026-08-15 02:46:36.899 | INFO     | scraper.tasks:scrape_company:64 - [tofler] Scraping company: https://www.tofler.in/munak-galva-sheets-limited/company/L20765DL1985PLC020765
2026-08-15 02:46:37.390 | INFO     | scraper.proxy_manager:_health_check:95 - Proxy health check passed: http://35jovid14xin:***@104.207.59.113:3129 -> 104.207.59.113
2026-08-15 02:46:37.944 | INFO     | scraper.tasks:scrape_company:64 - [tofler] Scraping company: https://www.tofler.in/shree-krishna-paper-mills-and-industries-ltd/company/L21012DL1972PLC279773
2026-08-15 02:46:38.394 | INFO     | scraper.proxy_manager:_health_check:95 - Proxy health check passed: http://35jovid14xin:***@209.50.163.24:3129 -> 209.50.163.24
2026-08-15 02:46:38.449 | INFO     | scraper.tasks:scrape_company:64 - [tofler] Scraping company: https://www.tofler.in/greenlam-industries-limited/company/L21016DL2013PLC386045
2026-08-15 02:46:38.503 | INFO     | scraper.tasks:scrape_company:64 - [tofler] Scraping company: https://www.tofler.in/b-j-duplex-boards-limited/company/L21090DL1995PLC066281
2026-08-15 02:46:39.990 | INFO     | scraper.proxy_manager:_health_check:95 - Proxy health check passed: http://35jovid14xin:***@209.50.177.237:3129 -> 209.50.177.237
2026-08-15 02:46:41.535 | INFO     | scraper.tasks:scrape_company:64 - [tofler] Scraping company: https://www.tofler.in/haryana-coated-papers-limited/company/L21093DL1971PLC005669
2026-08-15 02:46:42.051 | INFO     | scraper.proxy_manager:_health_check:95 - Proxy health check passed: http://35jovid14xin:***@65.111.30.48:3129 -> 65.111.30.48
2026-08-15 02:46:42.504 | INFO     | scraper.tasks:scrape_company:64 - [tofler] Scraping company: https://www.tofler.in/polymer-papers-limited/company/L21093DL1974PLC007495
2026-08-15 02:46:43.158 | WARNING  | scraper.fetcher:fetch_page:89 - Proxy connection error, marking bad immediately: http://35jovid14xin:***@216.26.231.123:3129
2026-08-15 02:46:43.159 | WARNING  | scraper.proxy_manager:mark_bad:110 - Proxy marked bad, cooling down 300s: http://35jovid14xin:***@216.26.231.123:3129
2026-08-15 02:46:43.701 | INFO     | scraper.tasks:scrape_company:64 - [tofler] Scraping company: https://www.tofler.in/magnum-ventures-limited/company/L21093DL1980PLC010492
2026-08-15 02:46:44.407 | INFO     | scraper.proxy_manager:_health_check:95 - Proxy health check passed: http://35jovid14xin:***@45.3.46.44:3129 -> 45.3.46.44
2026-08-15 02:46:45.294 | INFO     | scraper.tasks:scrape_company:64 - [tofler] Scraping company: https://www.tofler.in/mohit-paper-mills-limited/company/L21093DL1992PLC116600
2026-08-15 02:46:45.809 | INFO     | scraper.proxy_manager:_health_check:95 - Proxy health check passed: http://35jovid14xin:***@216.26.255.49:3129 -> 216.26.255.49
2026-08-15 02:46:45.881 | INFO     | scraper.tasks:scrape_company:64 - [tofler] Scraping company: https://www.tofler.in/buy-right-impex-limited/company/L22100DL1983PLC314401
2026-08-15 02:46:46.343 | INFO     | scraper.tasks:scrape_company:64 - [tofler] Scraping company: https://www.tofler.in/ht-media-limited/company/L22121DL2002PLC117874
2026-08-15 02:46:57.234 | INFO     | scraper.tasks:_scrape_target:81 - [tofler] page 2: 30 records
2026-08-15 02:47:02.066 | INFO     | scraper.tasks:scrape_company:64 - [tofler] Scraping company: https://www.tofler.in/ett-limited/company/L22122DL1993PLC123728
2026-08-15 02:47:02.520 | INFO     | scraper.proxy_manager:_health_check:95 - Proxy health check passed: http://35jovid14xin:***@209.50.170.112:3129 -> 209.50.170.112
2026-08-15 02:47:02.523 | INFO     | scraper.tasks:scrape_company:64 - [tofler] Scraping company: https://www.tofler.in/kairosoft-ai-solutions-limited/company/L22209DL1982PLC256291
2026-08-15 02:47:03.036 | INFO     | scraper.proxy_manager:_health_check:95 - Proxy health check passed: http://35jovid14xin:***@216.26.255.2:3129 -> 216.26.255.2
2026-08-15 02:47:03.039 | INFO     | scraper.tasks:scrape_company:64 - [tofler] Scraping company: https://www.tofler.in/s-chand-and-company-limited/company/L22219DL1970PLC005400
2026-08-15 02:47:03.042 | INFO     | scraper.tasks:scrape_company:64 - [tofler] Scraping company: https://www.tofler.in/shree-jagdambe-paper-mills-ltd/company/L22219DL1980PLC167850
2026-08-15 02:47:03.044 | INFO     | scraper.tasks:scrape_company:64 - [tofler] Scraping company: https://www.tofler.in/coral-newsprints-limited/company/L22219DL1992PLC048398
2026-08-15 02:47:03.551 | INFO     | scraper.proxy_manager:_health_check:95 - Proxy health check passed: http://35jovid14xin:***@195.63.31.72:3129 -> 195.63.31.72
2026-08-15 02:47:03.554 | INFO     | scraper.tasks:scrape_company:64 - [tofler] Scraping company: https://www.tofler.in/creative-graphics-solutions-india-limited/company/L22219DL2014PLC263964
2026-08-15 02:47:03.984 | INFO     | scraper.proxy_manager:_health_check:95 - Proxy health check passed: http://35jovid14xin:***@65.111.2.208:3129 -> 65.111.2.208
2026-08-15 02:47:08.198 | INFO     | scraper.tasks:scrape_company:64 - [tofler] Scraping company: https://www.tofler.in/maxposure-limited/company/L22229DL2006PLC152087
2026-08-15 02:47:08.366 | INFO     | scraper.tasks:scrape_company:64 - [tofler] Scraping company: https://www.tofler.in/indraprastha-gas-limited/company/L23201DL1998PLC097614
2026-08-15 02:47:08.881 | INFO     | scraper.proxy_manager:_health_check:95 - Proxy health check passed: http://35jovid14xin:***@209.50.181.214:3129 -> 209.50.181.214
2026-08-15 02:47:09.530 | INFO     | scraper.tasks:scrape_company:64 - [tofler] Scraping company: https://www.tofler.in/salasar-techno-engineering-limited/company/L23201DL2001PLC174076
2026-08-15 02:47:10.203 | INFO     | scraper.proxy_manager:_health_check:95 - Proxy health check passed: http://35jovid14xin:***@216.26.234.21:3129 -> 216.26.234.21
2026-08-15 02:47:10.298 | INFO     | scraper.tasks:scrape_company:64 - [tofler] Scraping company: https://www.tofler.in/sanco-industries-limited/company/L24100DL1989PLC035549
2026-08-15 02:47:10.752 | INFO     | scraper.tasks:scrape_company:64 - [tofler] Scraping company: https://www.tofler.in/fabino-life-sciences-limited/company/L24100DL2011PLC226781
2026-08-15 02:47:10.824 | INFO     | scraper.tasks:scrape_company:64 - [tofler] Scraping company: https://www.tofler.in/shreekant-chemical-industries-limited/company/L24119DL1981PLC040762
2026-08-15 02:47:13.013 | INFO     | scraper.tasks:scrape_company:64 - [tofler] Scraping company: https://www.tofler.in/galore-prints-industries-limited/company/L24119DL1988PLC031866
2026-08-15 02:47:13.817 | INFO     | scraper.tasks:scrape_company:64 - [tofler] Scraping company: https://www.tofler.in/bharat-rasayan-limited/company/L24119DL1989PLC036264
2026-08-15 02:47:14.308 | INFO     | scraper.proxy_manager:_health_check:95 - Proxy health check passed: http://35jovid14xin:***@104.207.59.0:3129 -> 104.207.59.0
2026-08-15 02:47:14.882 | INFO     | scraper.tasks:scrape_company:64 - [tofler] Scraping company: https://www.tofler.in/hpc-biosciences-limited/company/L24119DL2002PLC114026
2026-08-15 02:47:15.317 | INFO     | scraper.proxy_manager:_health_check:95 - Proxy health check passed: http://35jovid14xin:***@104.167.25.127:3129 -> 104.167.25.127
2026-08-15 02:47:15.324 | WARNING  | scraper.fetcher:fetch_page:89 - Proxy connection error, marking bad immediately: http://35jovid14xin:***@104.207.59.0:3129
2026-08-15 02:47:15.324 | WARNING  | scraper.proxy_manager:mark_bad:110 - Proxy marked bad, cooling down 300s: http://35jovid14xin:***@104.207.59.0:3129
2026-08-15 02:47:15.795 | INFO     | scraper.tasks:scrape_company:64 - [tofler] Scraping company: https://www.tofler.in/florence-investech-limited/company/L24211DL1993PLC254964
2026-08-15 02:47:16.234 | INFO     | scraper.proxy_manager:_health_check:95 - Proxy health check passed: http://35jovid14xin:***@209.50.168.70:3129 -> 209.50.168.70
2026-08-15 02:47:16.308 | INFO     | scraper.tasks:scrape_company:64 - [tofler] Scraping company: https://www.tofler.in/dhanuka-agritech-limited/company/L24219DL1985PLC020126
2026-08-15 02:47:16.831 | INFO     | scraper.proxy_manager:_health_check:95 - Proxy health check passed: http://35jovid14xin:***@45.3.41.225:3129 -> 45.3.41.225
2026-08-15 02:47:17.038 | INFO     | scraper.tasks:scrape_company:64 - [tofler] Scraping company: https://www.tofler.in/sirca-paints-india-limited/company/L24219DL2006PLC145092
2026-08-15 02:47:17.865 | INFO     | scraper.proxy_manager:_health_check:95 - Proxy health check passed: http://35jovid14xin:***@45.3.37.13:3129 -> 45.3.37.13
2026-08-15 02:47:17.985 | INFO     | scraper.tasks:scrape_company:64 - [tofler] Scraping company: https://www.tofler.in/dabur-india-limited/company/L24230DL1975PLC007908
2026-08-15 02:47:18.506 | INFO     | scraper.proxy_manager:_health_check:95 - Proxy health check passed: http://35jovid14xin:***@216.26.244.197:3129 -> 216.26.244.197
2026-08-15 02:47:20.887 | INFO     | scraper.tasks:scrape_company:64 - [tofler] Scraping company: https://www.tofler.in/sterling-webnet-limited/company/L24230DL1995PLC170660
2026-08-15 02:47:21.235 | INFO     | scraper.tasks:scrape_company:64 - [tofler] Scraping company: https://www.tofler.in/indraprastha-medical-corporation-limited/company/L24232DL1988PLC030958
2026-08-15 02:47:21.360 | INFO     | scraper.tasks:scrape_company:64 - [tofler] Scraping company: https://www.tofler.in/welcure-drugs-and-pharmaceuticals-limited/company/L24232DL1996PLC227773
2026-08-15 02:47:21.801 | INFO     | scraper.proxy_manager:_health_check:95 - Proxy health check passed: http://35jovid14xin:***@216.26.225.103:3129 -> 216.26.225.103
2026-08-15 02:47:22.302 | INFO     | scraper.tasks:scrape_company:64 - [tofler] Scraping company: https://www.tofler.in/safal-herbs-limited/company/L24233DL1994PLC290133
2026-08-15 02:47:22.711 | INFO     | scraper.tasks:scrape_company:64 - [tofler] Scraping company: https://www.tofler.in/ram-minerals-and-chemicals-limited/company/L24233DL2011PLC282949
2026-08-15 02:47:23.679 | INFO     | scraper.tasks:scrape_company:64 - [tofler] Scraping company: https://www.tofler.in/twenty-first-century-medicare-limited/company/L24239DL1985PLC022113
2026-08-15 02:47:24.128 | INFO     | scraper.proxy_manager:_health_check:95 - Proxy health check passed: http://35jovid14xin:***@65.111.5.3:3129 -> 65.111.5.3
2026-08-15 02:47:25.850 | INFO     | scraper.tasks:scrape_company:64 - [tofler] Scraping company: https://www.tofler.in/anmol-drugs-and-pharmaceuticals-limited/company/L24239DL1986PLC025187
2026-08-15 02:47:26.352 | INFO     | scraper.proxy_manager:_health_check:95 - Proxy health check passed: http://35jovid14xin:***@209.50.190.159:3129 -> 209.50.190.159
2026-08-15 02:47:26.871 | INFO     | scraper.tasks:scrape_company:64 - [tofler] Scraping company: https://www.tofler.in/akums-drugs-and-pharmaceuticals-limited/company/L24239DL2004PLC125888
2026-08-15 02:47:27.422 | INFO     | scraper.tasks:scrape_company:64 - [tofler] Scraping company: https://www.tofler.in/sunil-healthcare-limited/company/L24302DL1973PLC189662
2026-08-15 02:47:27.922 | INFO     | scraper.proxy_manager:_health_check:95 - Proxy health check passed: http://35jovid14xin:***@45.3.45.220:3129 -> 45.3.45.220
2026-08-15 02:47:28.002 | INFO     | scraper.tasks:scrape_company:64 - [tofler] Scraping company: https://www.tofler.in/jasch-industries-limited/company/L24302DL1985PLC383771
2026-08-15 02:47:28.502 | INFO     | scraper.proxy_manager:_health_check:95 - Proxy health check passed: http://35jovid14xin:***@151.123.176.200:3129 -> 151.123.176.200
2026-08-15 02:47:28.566 | INFO     | scraper.tasks:scrape_company:64 - [tofler] Scraping company: https://www.tofler.in/jain-tube-company-limited/company/L25111DL1964PLC004235
2026-08-15 02:47:29.006 | WARNING  | scraper.proxy_manager:_health_check:99 - Proxy health check failed: http://35jovid14xin:***@65.111.6.147:3129 - 429 Client Error: Not Enough Connections for url: http://httpbin.org/ip
2026-08-15 02:47:34.732 | INFO     | scraper.tasks:_scrape_target:81 - [tofler] page 3: 30 records
2026-08-15 02:47:34.774 | INFO     | scraper.browser:stop:48 - Browser closed
